"Time of Day","Process Name","PID","Operation","Path","Result","Detail"
"10:33:55.2378608","雷小伊脱机日常 Beta 1.6.24.exe","1496","Thread Exit","","SUCCESS","Thread ID: 2820, User Time: 0.0156250, Kernel Time: 0.0156250"
"10:33:55.2378700","雷小伊脱机日常 Beta 1.6.24.exe","1496","Thread Exit","","SUCCESS","Thread ID: 10660, User Time: 0.0000000, Kernel Time: 0.0156250"
"10:33:55.2380230","雷小伊脱机日常 Beta 1.6.24.exe","1496","Thread Exit","","SUCCESS","Thread ID: 6320, User Time: 0.0000000, Kernel Time: 0.0000000"
"10:33:57.0539046","雷小伊脱机日常 Beta 1.6.24.exe","1496","TCP Receive","DESKTOP-8E3AERV.localdomain:50069 -> 110.242.70.57:http","SUCCESS","Length: 0, seqnum: 0, connid: 0"
"10:33:57.0540958","雷小伊脱机日常 Beta 1.6.24.exe","1496","TCP Disconnect","DESKTOP-8E3AERV.localdomain:50069 -> 110.242.70.57:http","SUCCESS","Length: 0, seqnum: 0, connid: 0"
"10:34:00.6667881","雷小伊脱机日常 Beta 1.6.24.exe","1496","ReadFile","C:\Windows\SysWOW64\jscript9.dll","SUCCESS","Offset: 1,979,392, Length: 32,768, I/O Flags: Non-cached, Paging I/O, Synchronous Paging I/O, Priority: Normal"
"10:34:22.4882772","雷小伊脱机日常 Beta 1.6.24.exe","1496","RegOpenKey","HKCU","SUCCESS","Desired Access: Read"
"10:34:22.4883613","雷小伊脱机日常 Beta 1.6.24.exe","1496","RegQueryKey","HKCU","SUCCESS","Query: HandleTags, HandleTags: 0x0"
"10:34:22.4883836","雷小伊脱机日常 Beta 1.6.24.exe","1496","RegQueryKey","HKCU","SUCCESS","Query: Name"
"10:34:22.4884174","雷小伊脱机日常 Beta 1.6.24.exe","1496","RegOpenKey","HKCU\Keyboard Layout\Toggle","SUCCESS","Desired Access: Read"
"10:34:22.4884607","雷小伊脱机日常 Beta 1.6.24.exe","1496","RegSetInfoKey","HKCU\Keyboard Layout\Toggle","SUCCESS","KeySetInformationClass: KeySetHandleTagsInformation, Length: 0"
"10:34:22.4884919","雷小伊脱机日常 Beta 1.6.24.exe","1496","RegCloseKey","HKCU","SUCCESS",""
"10:34:22.4885175","雷小伊脱机日常 Beta 1.6.24.exe","1496","RegQueryValue","HKCU\Keyboard Layout\Toggle\Language Hotkey","NAME NOT FOUND","Length: 16"
"10:34:22.4885428","雷小伊脱机日常 Beta 1.6.24.exe","1496","RegQueryValue","HKCU\Keyboard Layout\Toggle\Hotkey","NAME NOT FOUND","Length: 16"
"10:34:22.4885648","雷小伊脱机日常 Beta 1.6.24.exe","1496","RegQueryValue","HKCU\Keyboard Layout\Toggle\Layout Hotkey","NAME NOT FOUND","Length: 16"
"10:34:22.4886079","雷小伊脱机日常 Beta 1.6.24.exe","1496","RegCloseKey","HKCU\Keyboard Layout\Toggle","SUCCESS",""
"10:34:22.4953629","雷小伊脱机日常 Beta 1.6.24.exe","1496","RegQueryKey","HKLM","SUCCESS","Query: HandleTags, HandleTags: 0x0"
"10:34:22.4953687","雷小伊脱机日常 Beta 1.6.24.exe","1496","RegQueryKey","HKLM","SUCCESS","Query: Name"
"10:34:22.4953810","雷小伊脱机日常 Beta 1.6.24.exe","1496","RegOpenKey","HKLM\SOFTWARE\WOW6432Node\Microsoft\CTF\TIP\","REPARSE","Desired Access: Read"
"10:34:22.4953941","雷小伊脱机日常 Beta 1.6.24.exe","1496","RegOpenKey","HKLM\SOFTWARE\Microsoft\CTF\TIP","SUCCESS","Desired Access: Read"
"10:34:22.4954028","雷小伊脱机日常 Beta 1.6.24.exe","1496","RegSetInfoKey","HKLM\SOFTWARE\Microsoft\CTF\TIP","SUCCESS","KeySetInformationClass: KeySetHandleTagsInformation, Length: 0"
"10:34:22.4954088","雷小伊脱机日常 Beta 1.6.24.exe","1496","RegEnumKey","HKLM\SOFTWARE\Microsoft\CTF\TIP","SUCCESS","Index: 0, Name: {0000897b-83df-4b96-be07-0fb58b01c4a4}"
"10:34:22.4954218","雷小伊脱机日常 Beta 1.6.24.exe","1496","RegQueryKey","HKLM\SOFTWARE\Microsoft\CTF\TIP","SUCCESS","Query: HandleTags, HandleTags: 0x400"
"10:34:22.4954269","雷小伊脱机日常 Beta 1.6.24.exe","1496","RegOpenKey","HKLM\SOFTWARE\Microsoft\CTF\TIP\{0000897b-83df-4b96-be07-0fb58b01c4a4}\Category\Item\{07A5EF1A-3DE1-432D-91E3-2BCDB9111A71}","NAME NOT FOUND","Desired Access: Read"
"10:34:22.4954363","雷小伊脱机日常 Beta 1.6.24.exe","1496","RegEnumKey","HKLM\SOFTWARE\Microsoft\CTF\TIP","SUCCESS","Index: 1, Name: {03b5835f-f03c-411b-9ce2-aa23e1171e36}"
"10:34:22.4954446","雷小伊脱机日常 Beta 1.6.24.exe","1496","RegQueryKey","HKLM\SOFTWARE\Microsoft\CTF\TIP","SUCCESS","Query: HandleTags, HandleTags: 0x400"
"10:34:22.4954489","雷小伊脱机日常 Beta 1.6.24.exe","1496","RegOpenKey","HKLM\SOFTWARE\Microsoft\CTF\TIP\{03b5835f-f03c-411b-9ce2-aa23e1171e36}\Category\Item\{07A5EF1A-3DE1-432D-91E3-2BCDB9111A71}","NAME NOT FOUND","Desired Access: Read"
"10:34:22.4954583","雷小伊脱机日常 Beta 1.6.24.exe","1496","RegEnumKey","HKLM\SOFTWARE\Microsoft\CTF\TIP","SUCCESS","Index: 2, Name: {07EB03D6-B001-41DF-9192-BF9B841EE71F}"
"10:34:22.4954656","雷小伊脱机日常 Beta 1.6.24.exe","1496","RegQueryKey","HKLM\SOFTWARE\Microsoft\CTF\TIP","SUCCESS","Query: HandleTags, HandleTags: 0x400"
"10:34:22.4954719","雷小伊脱机日常 Beta 1.6.24.exe","1496","RegOpenKey","HKLM\SOFTWARE\Microsoft\CTF\TIP\{07EB03D6-B001-41DF-9192-BF9B841EE71F}\Category\Item\{07A5EF1A-3DE1-432D-91E3-2BCDB9111A71}","NAME NOT FOUND","Desired Access: Read"
"10:34:22.4954798","雷小伊脱机日常 Beta 1.6.24.exe","1496","RegEnumKey","HKLM\SOFTWARE\Microsoft\CTF\TIP","SUCCESS","Index: 3, Name: {531fdebf-9b4c-4a43-a2aa-960e8fcdc732}"
"10:34:22.4954872","雷小伊脱机日常 Beta 1.6.24.exe","1496","RegQueryKey","HKLM\SOFTWARE\Microsoft\CTF\TIP","SUCCESS","Query: HandleTags, HandleTags: 0x400"
"10:34:22.4954913","雷小伊脱机日常 Beta 1.6.24.exe","1496","RegOpenKey","HKLM\SOFTWARE\Microsoft\CTF\TIP\{531fdebf-9b4c-4a43-a2aa-960e8fcdc732}\Category\Item\{07A5EF1A-3DE1-432D-91E3-2BCDB9111A71}","NAME NOT FOUND","Desired Access: Read"
"10:34:22.4955073","雷小伊脱机日常 Beta 1.6.24.exe","1496","RegEnumKey","HKLM\SOFTWARE\Microsoft\CTF\TIP","SUCCESS","Index: 4, Name: {6a498709-e00b-4c45-a018-8f9e4081ae40}"
"10:34:22.4955151","雷小伊脱机日常 Beta 1.6.24.exe","1496","RegQueryKey","HKLM\SOFTWARE\Microsoft\CTF\TIP","SUCCESS","Query: HandleTags, HandleTags: 0x400"
"10:34:22.4955191","雷小伊脱机日常 Beta 1.6.24.exe","1496","RegOpenKey","HKLM\SOFTWARE\Microsoft\CTF\TIP\{6a498709-e00b-4c45-a018-8f9e4081ae40}\Category\Item\{07A5EF1A-3DE1-432D-91E3-2BCDB9111A71}","NAME NOT FOUND","Desired Access: Read"
"10:34:22.4955265","雷小伊脱机日常 Beta 1.6.24.exe","1496","RegEnumKey","HKLM\SOFTWARE\Microsoft\CTF\TIP","SUCCESS","Index: 5, Name: {78CB5B0E-26ED-4FCC-854C-77E8F3D1AA80}"
"10:34:22.4955342","雷小伊脱机日常 Beta 1.6.24.exe","1496","RegQueryKey","HKLM\SOFTWARE\Microsoft\CTF\TIP","SUCCESS","Query: HandleTags, HandleTags: 0x400"
"10:34:22.4955382","雷小伊脱机日常 Beta 1.6.24.exe","1496","RegOpenKey","HKLM\SOFTWARE\Microsoft\CTF\TIP\{78CB5B0E-26ED-4FCC-854C-77E8F3D1AA80}\Category\Item\{07A5EF1A-3DE1-432D-91E3-2BCDB9111A71}","NAME NOT FOUND","Desired Access: Read"
"10:34:22.4955458","雷小伊脱机日常 Beta 1.6.24.exe","1496","RegEnumKey","HKLM\SOFTWARE\Microsoft\CTF\TIP","SUCCESS","Index: 6, Name: {7C472071-36A7-4709-88CC-859513E583A9}"
"10:34:22.4955532","雷小伊脱机日常 Beta 1.6.24.exe","1496","RegQueryKey","HKLM\SOFTWARE\Microsoft\CTF\TIP","SUCCESS","Query: HandleTags, HandleTags: 0x400"
"10:34:22.4955572","雷小伊脱机日常 Beta 1.6.24.exe","1496","RegOpenKey","HKLM\SOFTWARE\Microsoft\CTF\TIP\{7C472071-36A7-4709-88CC-859513E583A9}\Category\Item\{07A5EF1A-3DE1-432D-91E3-2BCDB9111A71}","NAME NOT FOUND","Desired Access: Read"
"10:34:22.4955647","雷小伊脱机日常 Beta 1.6.24.exe","1496","RegEnumKey","HKLM\SOFTWARE\Microsoft\CTF\TIP","SUCCESS","Index: 7, Name: {81d4e9c9-1d3b-41bc-9e6c-4b40bf79e35e}"
"10:34:22.4955853","雷小伊脱机日常 Beta 1.6.24.exe","1496","RegQueryKey","HKLM\SOFTWARE\Microsoft\CTF\TIP","SUCCESS","Query: HandleTags, HandleTags: 0x400"
"10:34:22.4955898","雷小伊脱机日常 Beta 1.6.24.exe","1496","RegOpenKey","HKLM\SOFTWARE\Microsoft\CTF\TIP\{81d4e9c9-1d3b-41bc-9e6c-4b40bf79e35e}\Category\Item\{07A5EF1A-3DE1-432D-91E3-2BCDB9111A71}","NAME NOT FOUND","Desired Access: Read"
"10:34:22.4955986","雷小伊脱机日常 Beta 1.6.24.exe","1496","RegEnumKey","HKLM\SOFTWARE\Microsoft\CTF\TIP","SUCCESS","Index: 8, Name: {81EA0A17-AA39-455B-BA20-EA79A8F98966}"
"10:34:22.4956056","雷小伊脱机日常 Beta 1.6.24.exe","1496","RegQueryKey","HKLM\SOFTWARE\Microsoft\CTF\TIP","SUCCESS","Query: HandleTags, HandleTags: 0x400"
"10:34:22.4956097","雷小伊脱机日常 Beta 1.6.24.exe","1496","RegOpenKey","HKLM\SOFTWARE\Microsoft\CTF\TIP\{81EA0A17-AA39-455B-BA20-EA79A8F98966}\Category\Item\{07A5EF1A-3DE1-432D-91E3-2BCDB9111A71}","NAME NOT FOUND","Desired Access: Read"
"10:34:22.4956165","雷小伊脱机日常 Beta 1.6.24.exe","1496","RegEnumKey","HKLM\SOFTWARE\Microsoft\CTF\TIP","SUCCESS","Index: 9, Name: {8613E14C-D0C0-4161-AC0F-1DD2563286BC}"
"10:34:22.4956236","雷小伊脱机日常 Beta 1.6.24.exe","1496","RegQueryKey","HKLM\SOFTWARE\Microsoft\CTF\TIP","SUCCESS","Query: HandleTags, HandleTags: 0x400"
"10:34:22.4956278","雷小伊脱机日常 Beta 1.6.24.exe","1496","RegOpenKey","HKLM\SOFTWARE\Microsoft\CTF\TIP\{8613E14C-D0C0-4161-AC0F-1DD2563286BC}\Category\Item\{07A5EF1A-3DE1-432D-91E3-2BCDB9111A71}","NAME NOT FOUND","Desired Access: Read"
"10:34:22.4956343","雷小伊脱机日常 Beta 1.6.24.exe","1496","RegEnumKey","HKLM\SOFTWARE\Microsoft\CTF\TIP","SUCCESS","Index: 10, Name: {a028ae76-01b1-46c2-99c4-acd9858ae02f}"
"10:34:22.4956413","雷小伊脱机日常 Beta 1.6.24.exe","1496","RegQueryKey","HKLM\SOFTWARE\Microsoft\CTF\TIP","SUCCESS","Query: HandleTags, HandleTags: 0x400"
"10:34:22.4956454","雷小伊脱机日常 Beta 1.6.24.exe","1496","RegOpenKey","HKLM\SOFTWARE\Microsoft\CTF\TIP\{a028ae76-01b1-46c2-99c4-acd9858ae02f}\Category\Item\{07A5EF1A-3DE1-432D-91E3-2BCDB9111A71}","NAME NOT FOUND","Desired Access: Read"
"10:34:22.4956532","雷小伊脱机日常 Beta 1.6.24.exe","1496","RegEnumKey","HKLM\SOFTWARE\Microsoft\CTF\TIP","SUCCESS","Index: 11, Name: {a1e2b86b-924a-4d43-80f6-8a820df7190f}"
"10:34:22.4956602","雷小伊脱机日常 Beta 1.6.24.exe","1496","RegQueryKey","HKLM\SOFTWARE\Microsoft\CTF\TIP","SUCCESS","Query: HandleTags, HandleTags: 0x400"
"10:34:22.4956643","雷小伊脱机日常 Beta 1.6.24.exe","1496","RegOpenKey","HKLM\SOFTWARE\Microsoft\CTF\TIP\{a1e2b86b-924a-4d43-80f6-8a820df7190f}\Category\Item\{07A5EF1A-3DE1-432D-91E3-2BCDB9111A71}","NAME NOT FOUND","Desired Access: Read"
"10:34:22.4956709","雷小伊脱机日常 Beta 1.6.24.exe","1496","RegEnumKey","HKLM\SOFTWARE\Microsoft\CTF\TIP","SUCCESS","Index: 12, Name: {AE6BE008-07FB-400D-8BEB-337A64F7051F}"
"10:34:22.4956786","雷小伊脱机日常 Beta 1.6.24.exe","1496","RegQueryKey","HKLM\SOFTWARE\Microsoft\CTF\TIP","SUCCESS","Query: HandleTags, HandleTags: 0x400"
"10:34:22.4956827","雷小伊脱机日常 Beta 1.6.24.exe","1496","RegOpenKey","HKLM\SOFTWARE\Microsoft\CTF\TIP\{AE6BE008-07FB-400D-8BEB-337A64F7051F}\Category\Item\{07A5EF1A-3DE1-432D-91E3-2BCDB9111A71}","NAME NOT FOUND","Desired Access: Read"
"10:34:22.4956894","雷小伊脱机日常 Beta 1.6.24.exe","1496","RegEnumKey","HKLM\SOFTWARE\Microsoft\CTF\TIP","SUCCESS","Index: 13, Name: {B115690A-EA02-48D5-A231-E3578D2FDF80}"
"10:34:22.4956962","雷小伊脱机日常 Beta 1.6.24.exe","1496","RegQueryKey","HKLM\SOFTWARE\Microsoft\CTF\TIP","SUCCESS","Query: HandleTags, HandleTags: 0x400"
"10:34:22.4957003","雷小伊脱机日常 Beta 1.6.24.exe","1496","RegOpenKey","HKLM\SOFTWARE\Microsoft\CTF\TIP\{B115690A-EA02-48D5-A231-E3578D2FDF80}\Category\Item\{07A5EF1A-3DE1-432D-91E3-2BCDB9111A71}","NAME NOT FOUND","Desired Access: Read"
"10:34:22.4957079","雷小伊脱机日常 Beta 1.6.24.exe","1496","RegEnumKey","HKLM\SOFTWARE\Microsoft\CTF\TIP","SUCCESS","Index: 14, Name: {C1EE01F2-B3B6-4A6A-9DDD-E988C088EC82}"
"10:34:22.4957148","雷小伊脱机日常 Beta 1.6.24.exe","1496","RegQueryKey","HKLM\SOFTWARE\Microsoft\CTF\TIP","SUCCESS","Query: HandleTags, HandleTags: 0x400"
"10:34:22.4957204","雷小伊脱机日常 Beta 1.6.24.exe","1496","RegOpenKey","HKLM\SOFTWARE\Microsoft\CTF\TIP\{C1EE01F2-B3B6-4A6A-9DDD-E988C088EC82}\Category\Item\{07A5EF1A-3DE1-432D-91E3-2BCDB9111A71}","SUCCESS","Desired Access: Read"
"10:34:22.4957302","雷小伊脱机日常 Beta 1.6.24.exe","1496","RegEnumKey","HKLM\SOFTWARE\Microsoft\CTF\TIP\{C1EE01F2-B3B6-4A6A-9DDD-E988C088EC82}\Category\Item\{07A5EF1A-3DE1-432D-91E3-2BCDB9111A71}","SUCCESS","Index: 0, Name: {24AF3031-852D-40A2-BC09-8992898CE722}"
"10:34:22.4957352","雷小伊脱机日常 Beta 1.6.24.exe","1496","RegEnumKey","HKLM\SOFTWARE\Microsoft\CTF\TIP\{C1EE01F2-B3B6-4A6A-9DDD-E988C088EC82}\Category\Item\{07A5EF1A-3DE1-432D-91E3-2BCDB9111A71}","NO MORE ENTRIES","Index: 1, Length: 288"
"10:34:22.4957420","雷小伊脱机日常 Beta 1.6.24.exe","1496","RegCloseKey","HKLM\SOFTWARE\Microsoft\CTF\TIP\{C1EE01F2-B3B6-4A6A-9DDD-E988C088EC82}\Category\Item\{07A5EF1A-3DE1-432D-91E3-2BCDB9111A71}","SUCCESS",""
"10:34:22.4957469","雷小伊脱机日常 Beta 1.6.24.exe","1496","RegEnumKey","HKLM\SOFTWARE\Microsoft\CTF\TIP","SUCCESS","Index: 15, Name: {C2CB2CF0-AF47-413E-9780-8BC3A3C16068}"
"10:34:22.4957546","雷小伊脱机日常 Beta 1.6.24.exe","1496","RegQueryKey","HKLM\SOFTWARE\Microsoft\CTF\TIP","SUCCESS","Query: HandleTags, HandleTags: 0x400"
"10:34:22.4957587","雷小伊脱机日常 Beta 1.6.24.exe","1496","RegOpenKey","HKLM\SOFTWARE\Microsoft\CTF\TIP\{C2CB2CF0-AF47-413E-9780-8BC3A3C16068}\Category\Item\{07A5EF1A-3DE1-432D-91E3-2BCDB9111A71}","NAME NOT FOUND","Desired Access: Read"
"10:34:22.4957654","雷小伊脱机日常 Beta 1.6.24.exe","1496","RegEnumKey","HKLM\SOFTWARE\Microsoft\CTF\TIP","SUCCESS","Index: 16, Name: {DCBD6FA8-032F-11D3-B5B1-00C04FC324A1}"
"10:34:22.4957722","雷小伊脱机日常 Beta 1.6.24.exe","1496","RegQueryKey","HKLM\SOFTWARE\Microsoft\CTF\TIP","SUCCESS","Query: HandleTags, HandleTags: 0x400"
"10:34:22.4957764","雷小伊脱机日常 Beta 1.6.24.exe","1496","RegOpenKey","HKLM\SOFTWARE\Microsoft\CTF\TIP\{DCBD6FA8-032F-11D3-B5B1-00C04FC324A1}\Category\Item\{07A5EF1A-3DE1-432D-91E3-2BCDB9111A71}","NAME NOT FOUND","Desired Access: Read"
"10:34:22.4957829","雷小伊脱机日常 Beta 1.6.24.exe","1496","RegEnumKey","HKLM\SOFTWARE\Microsoft\CTF\TIP","SUCCESS","Index: 17, Name: {E429B25A-E5D3-4D1F-9BE3-0C608477E3A1}"
"10:34:22.4957897","雷小伊脱机日常 Beta 1.6.24.exe","1496","RegQueryKey","HKLM\SOFTWARE\Microsoft\CTF\TIP","SUCCESS","Query: HandleTags, HandleTags: 0x400"
"10:34:22.4957937","雷小伊脱机日常 Beta 1.6.24.exe","1496","RegOpenKey","HKLM\SOFTWARE\Microsoft\CTF\TIP\{E429B25A-E5D3-4D1F-9BE3-0C608477E3A1}\Category\Item\{07A5EF1A-3DE1-432D-91E3-2BCDB9111A71}","NAME NOT FOUND","Desired Access: Read"
"10:34:22.4958003","雷小伊脱机日常 Beta 1.6.24.exe","1496","RegEnumKey","HKLM\SOFTWARE\Microsoft\CTF\TIP","SUCCESS","Index: 18, Name: {F25E9F57-2FC8-4EB3-A41A-CCE5F08541E6}"
"10:34:22.4958074","雷小伊脱机日常 Beta 1.6.24.exe","1496","RegQueryKey","HKLM\SOFTWARE\Microsoft\CTF\TIP","SUCCESS","Query: HandleTags, HandleTags: 0x400"
"10:34:22.4958116","雷小伊脱机日常 Beta 1.6.24.exe","1496","RegOpenKey","HKLM\SOFTWARE\Microsoft\CTF\TIP\{F25E9F57-2FC8-4EB3-A41A-CCE5F08541E6}\Category\Item\{07A5EF1A-3DE1-432D-91E3-2BCDB9111A71}","NAME NOT FOUND","Desired Access: Read"
"10:34:22.4958190","雷小伊脱机日常 Beta 1.6.24.exe","1496","RegEnumKey","HKLM\SOFTWARE\Microsoft\CTF\TIP","SUCCESS","Index: 19, Name: {F89E9E58-BD2F-4008-9AC2-0F816C09F4EE}"
"10:34:22.4958259","雷小伊脱机日常 Beta 1.6.24.exe","1496","RegQueryKey","HKLM\SOFTWARE\Microsoft\CTF\TIP","SUCCESS","Query: HandleTags, HandleTags: 0x400"
"10:34:22.4958300","雷小伊脱机日常 Beta 1.6.24.exe","1496","RegOpenKey","HKLM\SOFTWARE\Microsoft\CTF\TIP\{F89E9E58-BD2F-4008-9AC2-0F816C09F4EE}\Category\Item\{07A5EF1A-3DE1-432D-91E3-2BCDB9111A71}","NAME NOT FOUND","Desired Access: Read"
"10:34:22.4958376","雷小伊脱机日常 Beta 1.6.24.exe","1496","RegEnumKey","HKLM\SOFTWARE\Microsoft\CTF\TIP","NO MORE ENTRIES","Index: 20, Length: 288"
"10:34:22.4958440","雷小伊脱机日常 Beta 1.6.24.exe","1496","RegCloseKey","HKLM\SOFTWARE\Microsoft\CTF\TIP","SUCCESS",""
"10:34:22.4959147","雷小伊脱机日常 Beta 1.6.24.exe","1496","RegQueryKey","HKLM","SUCCESS","Query: HandleTags, HandleTags: 0x0"
"10:34:22.4959189","雷小伊脱机日常 Beta 1.6.24.exe","1496","RegQueryKey","HKLM","SUCCESS","Query: Name"
"10:34:22.4959274","雷小伊脱机日常 Beta 1.6.24.exe","1496","RegOpenKey","HKLM\SOFTWARE\WOW6432Node\Microsoft\CTF\TIP\","REPARSE","Desired Access: Read"
"10:34:22.4959350","雷小伊脱机日常 Beta 1.6.24.exe","1496","RegOpenKey","HKLM\SOFTWARE\Microsoft\CTF\TIP","SUCCESS","Desired Access: Read"
"10:34:22.4959411","雷小伊脱机日常 Beta 1.6.24.exe","1496","RegSetInfoKey","HKLM\SOFTWARE\Microsoft\CTF\TIP","SUCCESS","KeySetInformationClass: KeySetHandleTagsInformation, Length: 0"
"10:34:22.4959454","雷小伊脱机日常 Beta 1.6.24.exe","1496","RegEnumKey","HKLM\SOFTWARE\Microsoft\CTF\TIP","SUCCESS","Index: 0, Name: {0000897b-83df-4b96-be07-0fb58b01c4a4}"
"10:34:22.4959528","雷小伊脱机日常 Beta 1.6.24.exe","1496","RegQueryKey","HKLM\SOFTWARE\Microsoft\CTF\TIP","SUCCESS","Query: HandleTags, HandleTags: 0x400"
"10:34:22.4959576","雷小伊脱机日常 Beta 1.6.24.exe","1496","RegOpenKey","HKLM\SOFTWARE\Microsoft\CTF\TIP\{0000897b-83df-4b96-be07-0fb58b01c4a4}\Category\Category\{B95F181B-EA4C-4AF1-8056-7C321ABBB091}","NAME NOT FOUND","Desired Access: Read"
"10:34:22.4959634","雷小伊脱机日常 Beta 1.6.24.exe","1496","RegEnumKey","HKLM\SOFTWARE\Microsoft\CTF\TIP","SUCCESS","Index: 1, Name: {03b5835f-f03c-411b-9ce2-aa23e1171e36}"
"10:34:22.4959702","雷小伊脱机日常 Beta 1.6.24.exe","1496","RegQueryKey","HKLM\SOFTWARE\Microsoft\CTF\TIP","SUCCESS","Query: HandleTags, HandleTags: 0x400"
"10:34:22.4959744","雷小伊脱机日常 Beta 1.6.24.exe","1496","RegOpenKey","HKLM\SOFTWARE\Microsoft\CTF\TIP\{03b5835f-f03c-411b-9ce2-aa23e1171e36}\Category\Category\{B95F181B-EA4C-4AF1-8056-7C321ABBB091}","NAME NOT FOUND","Desired Access: Read"
"10:34:22.4959816","雷小伊脱机日常 Beta 1.6.24.exe","1496","RegEnumKey","HKLM\SOFTWARE\Microsoft\CTF\TIP","SUCCESS","Index: 2, Name: {07EB03D6-B001-41DF-9192-BF9B841EE71F}"
"10:34:22.4959884","雷小伊脱机日常 Beta 1.6.24.exe","1496","RegQueryKey","HKLM\SOFTWARE\Microsoft\CTF\TIP","SUCCESS","Query: HandleTags, HandleTags: 0x400"
"10:34:22.4960025","雷小伊脱机日常 Beta 1.6.24.exe","1496","RegOpenKey","HKLM\SOFTWARE\Microsoft\CTF\TIP\{07EB03D6-B001-41DF-9192-BF9B841EE71F}\Category\Category\{B95F181B-EA4C-4AF1-8056-7C321ABBB091}","NAME NOT FOUND","Desired Access: Read"
"10:34:22.4960104","雷小伊脱机日常 Beta 1.6.24.exe","1496","RegEnumKey","HKLM\SOFTWARE\Microsoft\CTF\TIP","SUCCESS","Index: 3, Name: {531fdebf-9b4c-4a43-a2aa-960e8fcdc732}"
"10:34:22.4960176","雷小伊脱机日常 Beta 1.6.24.exe","1496","RegQueryKey","HKLM\SOFTWARE\Microsoft\CTF\TIP","SUCCESS","Query: HandleTags, HandleTags: 0x400"
"10:34:22.4960218","雷小伊脱机日常 Beta 1.6.24.exe","1496","RegOpenKey","HKLM\SOFTWARE\Microsoft\CTF\TIP\{531fdebf-9b4c-4a43-a2aa-960e8fcdc732}\Category\Category\{B95F181B-EA4C-4AF1-8056-7C321ABBB091}","NAME NOT FOUND","Desired Access: Read"
"10:34:22.4960285","雷小伊脱机日常 Beta 1.6.24.exe","1496","RegEnumKey","HKLM\SOFTWARE\Microsoft\CTF\TIP","SUCCESS","Index: 4, Name: {6a498709-e00b-4c45-a018-8f9e4081ae40}"
"10:34:22.4960353","雷小伊脱机日常 Beta 1.6.24.exe","1496","RegQueryKey","HKLM\SOFTWARE\Microsoft\CTF\TIP","SUCCESS","Query: HandleTags, HandleTags: 0x400"
"10:34:22.4960395","雷小伊脱机日常 Beta 1.6.24.exe","1496","RegOpenKey","HKLM\SOFTWARE\Microsoft\CTF\TIP\{6a498709-e00b-4c45-a018-8f9e4081ae40}\Category\Category\{B95F181B-EA4C-4AF1-8056-7C321ABBB091}","NAME NOT FOUND","Desired Access: Read"
"10:34:22.4960455","雷小伊脱机日常 Beta 1.6.24.exe","1496","RegEnumKey","HKLM\SOFTWARE\Microsoft\CTF\TIP","SUCCESS","Index: 5, Name: {78CB5B0E-26ED-4FCC-854C-77E8F3D1AA80}"
"10:34:22.4960527","雷小伊脱机日常 Beta 1.6.24.exe","1496","RegQueryKey","HKLM\SOFTWARE\Microsoft\CTF\TIP","SUCCESS","Query: HandleTags, HandleTags: 0x400"
"10:34:22.4960567","雷小伊脱机日常 Beta 1.6.24.exe","1496","RegOpenKey","HKLM\SOFTWARE\Microsoft\CTF\TIP\{78CB5B0E-26ED-4FCC-854C-77E8F3D1AA80}\Category\Category\{B95F181B-EA4C-4AF1-8056-7C321ABBB091}","SUCCESS","Desired Access: Read"
"10:34:22.4960676","雷小伊脱机日常 Beta 1.6.24.exe","1496","RegEnumKey","HKLM\SOFTWARE\Microsoft\CTF\TIP\{78CB5B0E-26ED-4FCC-854C-77E8F3D1AA80}\Category\Category\{B95F181B-EA4C-4AF1-8056-7C321ABBB091}","SUCCESS","Index: 0, Name: {34B45670-7526-11D2-A147-00105A2799B5}"
"10:34:22.4960728","雷小伊脱机日常 Beta 1.6.24.exe","1496","RegEnumKey","HKLM\SOFTWARE\Microsoft\CTF\TIP\{78CB5B0E-26ED-4FCC-854C-77E8F3D1AA80}\Category\Category\{B95F181B-EA4C-4AF1-8056-7C321ABBB091}","NO MORE ENTRIES","Index: 1, Length: 288"
"10:34:22.4960782","雷小伊脱机日常 Beta 1.6.24.exe","1496","RegCloseKey","HKLM\SOFTWARE\Microsoft\CTF\TIP\{78CB5B0E-26ED-4FCC-854C-77E8F3D1AA80}\Category\Category\{B95F181B-EA4C-4AF1-8056-7C321ABBB091}","SUCCESS",""
"10:34:22.4960826","雷小伊脱机日常 Beta 1.6.24.exe","1496","RegEnumKey","HKLM\SOFTWARE\Microsoft\CTF\TIP","SUCCESS","Index: 6, Name: {7C472071-36A7-4709-88CC-859513E583A9}"
"10:34:22.4960896","雷小伊脱机日常 Beta 1.6.24.exe","1496","RegQueryKey","HKLM\SOFTWARE\Microsoft\CTF\TIP","SUCCESS","Query: HandleTags, HandleTags: 0x400"
"10:34:22.4960937","雷小伊脱机日常 Beta 1.6.24.exe","1496","RegOpenKey","HKLM\SOFTWARE\Microsoft\CTF\TIP\{7C472071-36A7-4709-88CC-859513E583A9}\Category\Category\{B95F181B-EA4C-4AF1-8056-7C321ABBB091}","NAME NOT FOUND","Desired Access: Read"
"10:34:22.4960995","雷小伊脱机日常 Beta 1.6.24.exe","1496","RegEnumKey","HKLM\SOFTWARE\Microsoft\CTF\TIP","SUCCESS","Index: 7, Name: {81d4e9c9-1d3b-41bc-9e6c-4b40bf79e35e}"
"10:34:22.4961064","雷小伊脱机日常 Beta 1.6.24.exe","1496","RegQueryKey","HKLM\SOFTWARE\Microsoft\CTF\TIP","SUCCESS","Query: HandleTags, HandleTags: 0x400"
"10:34:22.4961105","雷小伊脱机日常 Beta 1.6.24.exe","1496","RegOpenKey","HKLM\SOFTWARE\Microsoft\CTF\TIP\{81d4e9c9-1d3b-41bc-9e6c-4b40bf79e35e}\Category\Category\{B95F181B-EA4C-4AF1-8056-7C321ABBB091}","NAME NOT FOUND","Desired Access: Read"
"10:34:22.4961169","雷小伊脱机日常 Beta 1.6.24.exe","1496","RegEnumKey","HKLM\SOFTWARE\Microsoft\CTF\TIP","SUCCESS","Index: 8, Name: {81EA0A17-AA39-455B-BA20-EA79A8F98966}"
"10:34:22.4961238","雷小伊脱机日常 Beta 1.6.24.exe","1496","RegQueryKey","HKLM\SOFTWARE\Microsoft\CTF\TIP","SUCCESS","Query: HandleTags, HandleTags: 0x400"
"10:34:22.4961277","雷小伊脱机日常 Beta 1.6.24.exe","1496","RegOpenKey","HKLM\SOFTWARE\Microsoft\CTF\TIP\{81EA0A17-AA39-455B-BA20-EA79A8F98966}\Category\Category\{B95F181B-EA4C-4AF1-8056-7C321ABBB091}","NAME NOT FOUND","Desired Access: Read"
"10:34:22.4961342","雷小伊脱机日常 Beta 1.6.24.exe","1496","RegEnumKey","HKLM\SOFTWARE\Microsoft\CTF\TIP","SUCCESS","Index: 9, Name: {8613E14C-D0C0-4161-AC0F-1DD2563286BC}"
"10:34:22.4961418","雷小伊脱机日常 Beta 1.6.24.exe","1496","RegQueryKey","HKLM\SOFTWARE\Microsoft\CTF\TIP","SUCCESS","Query: HandleTags, HandleTags: 0x400"
"10:34:22.4961458","雷小伊脱机日常 Beta 1.6.24.exe","1496","RegOpenKey","HKLM\SOFTWARE\Microsoft\CTF\TIP\{8613E14C-D0C0-4161-AC0F-1DD2563286BC}\Category\Category\{B95F181B-EA4C-4AF1-8056-7C321ABBB091}","NAME NOT FOUND","Desired Access: Read"
"10:34:22.4961521","雷小伊脱机日常 Beta 1.6.24.exe","1496","RegEnumKey","HKLM\SOFTWARE\Microsoft\CTF\TIP","SUCCESS","Index: 10, Name: {a028ae76-01b1-46c2-99c4-acd9858ae02f}"
"10:34:22.4961589","雷小伊脱机日常 Beta 1.6.24.exe","1496","RegQueryKey","HKLM\SOFTWARE\Microsoft\CTF\TIP","SUCCESS","Query: HandleTags, HandleTags: 0x400"
"10:34:22.4961629","雷小伊脱机日常 Beta 1.6.24.exe","1496","RegOpenKey","HKLM\SOFTWARE\Microsoft\CTF\TIP\{a028ae76-01b1-46c2-99c4-acd9858ae02f}\Category\Category\{B95F181B-EA4C-4AF1-8056-7C321ABBB091}","NAME NOT FOUND","Desired Access: Read"
"10:34:22.4961690","雷小伊脱机日常 Beta 1.6.24.exe","1496","RegEnumKey","HKLM\SOFTWARE\Microsoft\CTF\TIP","SUCCESS","Index: 11, Name: {a1e2b86b-924a-4d43-80f6-8a820df7190f}"
"10:34:22.4961761","雷小伊脱机日常 Beta 1.6.24.exe","1496","RegQueryKey","HKLM\SOFTWARE\Microsoft\CTF\TIP","SUCCESS","Query: HandleTags, HandleTags: 0x400"
"10:34:22.4961801","雷小伊脱机日常 Beta 1.6.24.exe","1496","RegOpenKey","HKLM\SOFTWARE\Microsoft\CTF\TIP\{a1e2b86b-924a-4d43-80f6-8a820df7190f}\Category\Category\{B95F181B-EA4C-4AF1-8056-7C321ABBB091}","NAME NOT FOUND","Desired Access: Read"
"10:34:22.4961863","雷小伊脱机日常 Beta 1.6.24.exe","1496","RegEnumKey","HKLM\SOFTWARE\Microsoft\CTF\TIP","SUCCESS","Index: 12, Name: {AE6BE008-07FB-400D-8BEB-337A64F7051F}"
"10:34:22.4961932","雷小伊脱机日常 Beta 1.6.24.exe","1496","RegQueryKey","HKLM\SOFTWARE\Microsoft\CTF\TIP","SUCCESS","Query: HandleTags, HandleTags: 0x400"
"10:34:22.4961972","雷小伊脱机日常 Beta 1.6.24.exe","1496","RegOpenKey","HKLM\SOFTWARE\Microsoft\CTF\TIP\{AE6BE008-07FB-400D-8BEB-337A64F7051F}\Category\Category\{B95F181B-EA4C-4AF1-8056-7C321ABBB091}","NAME NOT FOUND","Desired Access: Read"
"10:34:22.4962035","雷小伊脱机日常 Beta 1.6.24.exe","1496","RegEnumKey","HKLM\SOFTWARE\Microsoft\CTF\TIP","SUCCESS","Index: 13, Name: {B115690A-EA02-48D5-A231-E3578D2FDF80}"
"10:34:22.4962103","雷小伊脱机日常 Beta 1.6.24.exe","1496","RegQueryKey","HKLM\SOFTWARE\Microsoft\CTF\TIP","SUCCESS","Query: HandleTags, HandleTags: 0x400"
"10:34:22.4962146","雷小伊脱机日常 Beta 1.6.24.exe","1496","RegOpenKey","HKLM\SOFTWARE\Microsoft\CTF\TIP\{B115690A-EA02-48D5-A231-E3578D2FDF80}\Category\Category\{B95F181B-EA4C-4AF1-8056-7C321ABBB091}","NAME NOT FOUND","Desired Access: Read"
"10:34:22.4962203","雷小伊脱机日常 Beta 1.6.24.exe","1496","RegEnumKey","HKLM\SOFTWARE\Microsoft\CTF\TIP","SUCCESS","Index: 14, Name: {C1EE01F2-B3B6-4A6A-9DDD-E988C088EC82}"
"10:34:22.4962273","雷小伊脱机日常 Beta 1.6.24.exe","1496","RegQueryKey","HKLM\SOFTWARE\Microsoft\CTF\TIP","SUCCESS","Query: HandleTags, HandleTags: 0x400"
"10:34:22.4962314","雷小伊脱机日常 Beta 1.6.24.exe","1496","RegOpenKey","HKLM\SOFTWARE\Microsoft\CTF\TIP\{C1EE01F2-B3B6-4A6A-9DDD-E988C088EC82}\Category\Category\{B95F181B-EA4C-4AF1-8056-7C321ABBB091}","NAME NOT FOUND","Desired Access: Read"
"10:34:22.4962380","雷小伊脱机日常 Beta 1.6.24.exe","1496","RegEnumKey","HKLM\SOFTWARE\Microsoft\CTF\TIP","SUCCESS","Index: 15, Name: {C2CB2CF0-AF47-413E-9780-8BC3A3C16068}"
"10:34:22.4962447","雷小伊脱机日常 Beta 1.6.24.exe","1496","RegQueryKey","HKLM\SOFTWARE\Microsoft\CTF\TIP","SUCCESS","Query: HandleTags, HandleTags: 0x400"
"10:34:22.4962625","雷小伊脱机日常 Beta 1.6.24.exe","1496","RegOpenKey","HKLM\SOFTWARE\Microsoft\CTF\TIP\{C2CB2CF0-AF47-413E-9780-8BC3A3C16068}\Category\Category\{B95F181B-EA4C-4AF1-8056-7C321ABBB091}","NAME NOT FOUND","Desired Access: Read"
"10:34:22.4962693","雷小伊脱机日常 Beta 1.6.24.exe","1496","RegEnumKey","HKLM\SOFTWARE\Microsoft\CTF\TIP","SUCCESS","Index: 16, Name: {DCBD6FA8-032F-11D3-B5B1-00C04FC324A1}"
"10:34:22.4962765","雷小伊脱机日常 Beta 1.6.24.exe","1496","RegQueryKey","HKLM\SOFTWARE\Microsoft\CTF\TIP","SUCCESS","Query: HandleTags, HandleTags: 0x400"
"10:34:22.4962806","雷小伊脱机日常 Beta 1.6.24.exe","1496","RegOpenKey","HKLM\SOFTWARE\Microsoft\CTF\TIP\{DCBD6FA8-032F-11D3-B5B1-00C04FC324A1}\Category\Category\{B95F181B-EA4C-4AF1-8056-7C321ABBB091}","NAME NOT FOUND","Desired Access: Read"
"10:34:22.4962877","雷小伊脱机日常 Beta 1.6.24.exe","1496","RegEnumKey","HKLM\SOFTWARE\Microsoft\CTF\TIP","SUCCESS","Index: 17, Name: {E429B25A-E5D3-4D1F-9BE3-0C608477E3A1}"
"10:34:22.4962945","雷小伊脱机日常 Beta 1.6.24.exe","1496","RegQueryKey","HKLM\SOFTWARE\Microsoft\CTF\TIP","SUCCESS","Query: HandleTags, HandleTags: 0x400"
"10:34:22.4962986","雷小伊脱机日常 Beta 1.6.24.exe","1496","RegOpenKey","HKLM\SOFTWARE\Microsoft\CTF\TIP\{E429B25A-E5D3-4D1F-9BE3-0C608477E3A1}\Category\Category\{B95F181B-EA4C-4AF1-8056-7C321ABBB091}","NAME NOT FOUND","Desired Access: Read"
"10:34:22.4963048","雷小伊脱机日常 Beta 1.6.24.exe","1496","RegEnumKey","HKLM\SOFTWARE\Microsoft\CTF\TIP","SUCCESS","Index: 18, Name: {F25E9F57-2FC8-4EB3-A41A-CCE5F08541E6}"
"10:34:22.4963118","雷小伊脱机日常 Beta 1.6.24.exe","1496","RegQueryKey","HKLM\SOFTWARE\Microsoft\CTF\TIP","SUCCESS","Query: HandleTags, HandleTags: 0x400"
"10:34:22.4963158","雷小伊脱机日常 Beta 1.6.24.exe","1496","RegOpenKey","HKLM\SOFTWARE\Microsoft\CTF\TIP\{F25E9F57-2FC8-4EB3-A41A-CCE5F08541E6}\Category\Category\{B95F181B-EA4C-4AF1-8056-7C321ABBB091}","NAME NOT FOUND","Desired Access: Read"
"10:34:22.4963222","雷小伊脱机日常 Beta 1.6.24.exe","1496","RegEnumKey","HKLM\SOFTWARE\Microsoft\CTF\TIP","SUCCESS","Index: 19, Name: {F89E9E58-BD2F-4008-9AC2-0F816C09F4EE}"
"10:34:22.4963291","雷小伊脱机日常 Beta 1.6.24.exe","1496","RegQueryKey","HKLM\SOFTWARE\Microsoft\CTF\TIP","SUCCESS","Query: HandleTags, HandleTags: 0x400"
"10:34:22.4963330","雷小伊脱机日常 Beta 1.6.24.exe","1496","RegOpenKey","HKLM\SOFTWARE\Microsoft\CTF\TIP\{F89E9E58-BD2F-4008-9AC2-0F816C09F4EE}\Category\Category\{B95F181B-EA4C-4AF1-8056-7C321ABBB091}","NAME NOT FOUND","Desired Access: Read"
"10:34:22.4963392","雷小伊脱机日常 Beta 1.6.24.exe","1496","RegEnumKey","HKLM\SOFTWARE\Microsoft\CTF\TIP","NO MORE ENTRIES","Index: 20, Length: 288"
"10:34:22.4963450","雷小伊脱机日常 Beta 1.6.24.exe","1496","RegCloseKey","HKLM\SOFTWARE\Microsoft\CTF\TIP","SUCCESS",""
"10:34:22.4963651","雷小伊脱机日常 Beta 1.6.24.exe","1496","RegQueryKey","HKLM","SUCCESS","Query: HandleTags, HandleTags: 0x0"
"10:34:22.4963690","雷小伊脱机日常 Beta 1.6.24.exe","1496","RegQueryKey","HKLM","SUCCESS","Query: Name"
"10:34:22.4963764","雷小伊脱机日常 Beta 1.6.24.exe","1496","RegOpenKey","HKLM\SOFTWARE\WOW6432Node\Microsoft\CTF\TIP\","REPARSE","Desired Access: Read"
"10:34:22.4963820","雷小伊脱机日常 Beta 1.6.24.exe","1496","RegOpenKey","HKLM\SOFTWARE\Microsoft\CTF\TIP","SUCCESS","Desired Access: Read"
"10:34:22.4963875","雷小伊脱机日常 Beta 1.6.24.exe","1496","RegSetInfoKey","HKLM\SOFTWARE\Microsoft\CTF\TIP","SUCCESS","KeySetInformationClass: KeySetHandleTagsInformation, Length: 0"
"10:34:22.4963917","雷小伊脱机日常 Beta 1.6.24.exe","1496","RegEnumKey","HKLM\SOFTWARE\Microsoft\CTF\TIP","SUCCESS","Index: 0, Name: {0000897b-83df-4b96-be07-0fb58b01c4a4}"
"10:34:22.4963988","雷小伊脱机日常 Beta 1.6.24.exe","1496","RegQueryKey","HKLM\SOFTWARE\Microsoft\CTF\TIP","SUCCESS","Query: HandleTags, HandleTags: 0x400"
"10:34:22.4964031","雷小伊脱机日常 Beta 1.6.24.exe","1496","RegOpenKey","HKLM\SOFTWARE\Microsoft\CTF\TIP\{0000897b-83df-4b96-be07-0fb58b01c4a4}\Category\Item\{B2C7F219-68FB-47D8-9881-AA681D0944F0}","NAME NOT FOUND","Desired Access: Read"
"10:34:22.4964087","雷小伊脱机日常 Beta 1.6.24.exe","1496","RegEnumKey","HKLM\SOFTWARE\Microsoft\CTF\TIP","SUCCESS","Index: 1, Name: {03b5835f-f03c-411b-9ce2-aa23e1171e36}"
"10:34:22.4964155","雷小伊脱机日常 Beta 1.6.24.exe","1496","RegQueryKey","HKLM\SOFTWARE\Microsoft\CTF\TIP","SUCCESS","Query: HandleTags, HandleTags: 0x400"
"10:34:22.4964196","雷小伊脱机日常 Beta 1.6.24.exe","1496","RegOpenKey","HKLM\SOFTWARE\Microsoft\CTF\TIP\{03b5835f-f03c-411b-9ce2-aa23e1171e36}\Category\Item\{B2C7F219-68FB-47D8-9881-AA681D0944F0}","NAME NOT FOUND","Desired Access: Read"
"10:34:22.4964258","雷小伊脱机日常 Beta 1.6.24.exe","1496","RegEnumKey","HKLM\SOFTWARE\Microsoft\CTF\TIP","SUCCESS","Index: 2, Name: {07EB03D6-B001-41DF-9192-BF9B841EE71F}"
"10:34:22.4964325","雷小伊脱机日常 Beta 1.6.24.exe","1496","RegQueryKey","HKLM\SOFTWARE\Microsoft\CTF\TIP","SUCCESS","Query: HandleTags, HandleTags: 0x400"
"10:34:22.4964366","雷小伊脱机日常 Beta 1.6.24.exe","1496","RegOpenKey","HKLM\SOFTWARE\Microsoft\CTF\TIP\{07EB03D6-B001-41DF-9192-BF9B841EE71F}\Category\Item\{B2C7F219-68FB-47D8-9881-AA681D0944F0}","NAME NOT FOUND","Desired Access: Read"
"10:34:22.4964435","雷小伊脱机日常 Beta 1.6.24.exe","1496","RegEnumKey","HKLM\SOFTWARE\Microsoft\CTF\TIP","SUCCESS","Index: 3, Name: {531fdebf-9b4c-4a43-a2aa-960e8fcdc732}"
"10:34:22.4964501","雷小伊脱机日常 Beta 1.6.24.exe","1496","RegQueryKey","HKLM\SOFTWARE\Microsoft\CTF\TIP","SUCCESS","Query: HandleTags, HandleTags: 0x400"
"10:34:22.4964542","雷小伊脱机日常 Beta 1.6.24.exe","1496","RegOpenKey","HKLM\SOFTWARE\Microsoft\CTF\TIP\{531fdebf-9b4c-4a43-a2aa-960e8fcdc732}\Category\Item\{B2C7F219-68FB-47D8-9881-AA681D0944F0}","NAME NOT FOUND","Desired Access: Read"
"10:34:22.4964601","雷小伊脱机日常 Beta 1.6.24.exe","1496","RegEnumKey","HKLM\SOFTWARE\Microsoft\CTF\TIP","SUCCESS","Index: 4, Name: {6a498709-e00b-4c45-a018-8f9e4081ae40}"
"10:34:22.4964666","雷小伊脱机日常 Beta 1.6.24.exe","1496","RegQueryKey","HKLM\SOFTWARE\Microsoft\CTF\TIP","SUCCESS","Query: HandleTags, HandleTags: 0x400"
"10:34:22.4964707","雷小伊脱机日常 Beta 1.6.24.exe","1496","RegOpenKey","HKLM\SOFTWARE\Microsoft\CTF\TIP\{6a498709-e00b-4c45-a018-8f9e4081ae40}\Category\Item\{B2C7F219-68FB-47D8-9881-AA681D0944F0}","NAME NOT FOUND","Desired Access: Read"
"10:34:22.4964764","雷小伊脱机日常 Beta 1.6.24.exe","1496","RegEnumKey","HKLM\SOFTWARE\Microsoft\CTF\TIP","SUCCESS","Index: 5, Name: {78CB5B0E-26ED-4FCC-854C-77E8F3D1AA80}"
"10:34:22.4964833","雷小伊脱机日常 Beta 1.6.24.exe","1496","RegQueryKey","HKLM\SOFTWARE\Microsoft\CTF\TIP","SUCCESS","Query: HandleTags, HandleTags: 0x400"
"10:34:22.4964874","雷小伊脱机日常 Beta 1.6.24.exe","1496","RegOpenKey","HKLM\SOFTWARE\Microsoft\CTF\TIP\{78CB5B0E-26ED-4FCC-854C-77E8F3D1AA80}\Category\Item\{B2C7F219-68FB-47D8-9881-AA681D0944F0}","NAME NOT FOUND","Desired Access: Read"
"10:34:22.4964977","雷小伊脱机日常 Beta 1.6.24.exe","1496","RegEnumKey","HKLM\SOFTWARE\Microsoft\CTF\TIP","SUCCESS","Index: 6, Name: {7C472071-36A7-4709-88CC-859513E583A9}"
"10:34:22.4965048","雷小伊脱机日常 Beta 1.6.24.exe","1496","RegQueryKey","HKLM\SOFTWARE\Microsoft\CTF\TIP","SUCCESS","Query: HandleTags, HandleTags: 0x400"
"10:34:22.4965090","雷小伊脱机日常 Beta 1.6.24.exe","1496","RegOpenKey","HKLM\SOFTWARE\Microsoft\CTF\TIP\{7C472071-36A7-4709-88CC-859513E583A9}\Category\Item\{B2C7F219-68FB-47D8-9881-AA681D0944F0}","NAME NOT FOUND","Desired Access: Read"
"10:34:22.4965156","雷小伊脱机日常 Beta 1.6.24.exe","1496","RegEnumKey","HKLM\SOFTWARE\Microsoft\CTF\TIP","SUCCESS","Index: 7, Name: {81d4e9c9-1d3b-41bc-9e6c-4b40bf79e35e}"
"10:34:22.4965225","雷小伊脱机日常 Beta 1.6.24.exe","1496","RegQueryKey","HKLM\SOFTWARE\Microsoft\CTF\TIP","SUCCESS","Query: HandleTags, HandleTags: 0x400"
"10:34:22.4965282","雷小伊脱机日常 Beta 1.6.24.exe","1496","RegOpenKey","HKLM\SOFTWARE\Microsoft\CTF\TIP\{81d4e9c9-1d3b-41bc-9e6c-4b40bf79e35e}\Category\Item\{B2C7F219-68FB-47D8-9881-AA681D0944F0}","NAME NOT FOUND","Desired Access: Read"
"10:34:22.4965344","雷小伊脱机日常 Beta 1.6.24.exe","1496","RegEnumKey","HKLM\SOFTWARE\Microsoft\CTF\TIP","SUCCESS","Index: 8, Name: {81EA0A17-AA39-455B-BA20-EA79A8F98966}"
"10:34:22.4965413","雷小伊脱机日常 Beta 1.6.24.exe","1496","RegQueryKey","HKLM\SOFTWARE\Microsoft\CTF\TIP","SUCCESS","Query: HandleTags, HandleTags: 0x400"
"10:34:22.4965454","雷小伊脱机日常 Beta 1.6.24.exe","1496","RegOpenKey","HKLM\SOFTWARE\Microsoft\CTF\TIP\{81EA0A17-AA39-455B-BA20-EA79A8F98966}\Category\Item\{B2C7F219-68FB-47D8-9881-AA681D0944F0}","NAME NOT FOUND","Desired Access: Read"
"10:34:22.4965514","雷小伊脱机日常 Beta 1.6.24.exe","1496","RegEnumKey","HKLM\SOFTWARE\Microsoft\CTF\TIP","SUCCESS","Index: 9, Name: {8613E14C-D0C0-4161-AC0F-1DD2563286BC}"
"10:34:22.4965582","雷小伊脱机日常 Beta 1.6.24.exe","1496","RegQueryKey","HKLM\SOFTWARE\Microsoft\CTF\TIP","SUCCESS","Query: HandleTags, HandleTags: 0x400"
"10:34:22.4965624","雷小伊脱机日常 Beta 1.6.24.exe","1496","RegOpenKey","HKLM\SOFTWARE\Microsoft\CTF\TIP\{8613E14C-D0C0-4161-AC0F-1DD2563286BC}\Category\Item\{B2C7F219-68FB-47D8-9881-AA681D0944F0}","NAME NOT FOUND","Desired Access: Read"
"10:34:22.4965680","雷小伊脱机日常 Beta 1.6.24.exe","1496","RegEnumKey","HKLM\SOFTWARE\Microsoft\CTF\TIP","SUCCESS","Index: 10, Name: {a028ae76-01b1-46c2-99c4-acd9858ae02f}"
"10:34:22.4965750","雷小伊脱机日常 Beta 1.6.24.exe","1496","RegQueryKey","HKLM\SOFTWARE\Microsoft\CTF\TIP","SUCCESS","Query: HandleTags, HandleTags: 0x400"
"10:34:22.4965791","雷小伊脱机日常 Beta 1.6.24.exe","1496","RegOpenKey","HKLM\SOFTWARE\Microsoft\CTF\TIP\{a028ae76-01b1-46c2-99c4-acd9858ae02f}\Category\Item\{B2C7F219-68FB-47D8-9881-AA681D0944F0}","NAME NOT FOUND","Desired Access: Read"
"10:34:22.4965854","雷小伊脱机日常 Beta 1.6.24.exe","1496","RegEnumKey","HKLM\SOFTWARE\Microsoft\CTF\TIP","SUCCESS","Index: 11, Name: {a1e2b86b-924a-4d43-80f6-8a820df7190f}"
"10:34:22.4965923","雷小伊脱机日常 Beta 1.6.24.exe","1496","RegQueryKey","HKLM\SOFTWARE\Microsoft\CTF\TIP","SUCCESS","Query: HandleTags, HandleTags: 0x400"
"10:34:22.4965971","雷小伊脱机日常 Beta 1.6.24.exe","1496","RegOpenKey","HKLM\SOFTWARE\Microsoft\CTF\TIP\{a1e2b86b-924a-4d43-80f6-8a820df7190f}\Category\Item\{B2C7F219-68FB-47D8-9881-AA681D0944F0}","NAME NOT FOUND","Desired Access: Read"
"10:34:22.4966031","雷小伊脱机日常 Beta 1.6.24.exe","1496","RegEnumKey","HKLM\SOFTWARE\Microsoft\CTF\TIP","SUCCESS","Index: 12, Name: {AE6BE008-07FB-400D-8BEB-337A64F7051F}"
"10:34:22.4966101","雷小伊脱机日常 Beta 1.6.24.exe","1496","RegQueryKey","HKLM\SOFTWARE\Microsoft\CTF\TIP","SUCCESS","Query: HandleTags, HandleTags: 0x400"
"10:34:22.4966142","雷小伊脱机日常 Beta 1.6.24.exe","1496","RegOpenKey","HKLM\SOFTWARE\Microsoft\CTF\TIP\{AE6BE008-07FB-400D-8BEB-337A64F7051F}\Category\Item\{B2C7F219-68FB-47D8-9881-AA681D0944F0}","NAME NOT FOUND","Desired Access: Read"
"10:34:22.4966198","雷小伊脱机日常 Beta 1.6.24.exe","1496","RegEnumKey","HKLM\SOFTWARE\Microsoft\CTF\TIP","SUCCESS","Index: 13, Name: {B115690A-EA02-48D5-A231-E3578D2FDF80}"
"10:34:22.4966269","雷小伊脱机日常 Beta 1.6.24.exe","1496","RegQueryKey","HKLM\SOFTWARE\Microsoft\CTF\TIP","SUCCESS","Query: HandleTags, HandleTags: 0x400"
"10:34:22.4966311","雷小伊脱机日常 Beta 1.6.24.exe","1496","RegOpenKey","HKLM\SOFTWARE\Microsoft\CTF\TIP\{B115690A-EA02-48D5-A231-E3578D2FDF80}\Category\Item\{B2C7F219-68FB-47D8-9881-AA681D0944F0}","NAME NOT FOUND","Desired Access: Read"
"10:34:22.4966369","雷小伊脱机日常 Beta 1.6.24.exe","1496","RegEnumKey","HKLM\SOFTWARE\Microsoft\CTF\TIP","SUCCESS","Index: 14, Name: {C1EE01F2-B3B6-4A6A-9DDD-E988C088EC82}"
"10:34:22.4966439","雷小伊脱机日常 Beta 1.6.24.exe","1496","RegQueryKey","HKLM\SOFTWARE\Microsoft\CTF\TIP","SUCCESS","Query: HandleTags, HandleTags: 0x400"
"10:34:22.4966480","雷小伊脱机日常 Beta 1.6.24.exe","1496","RegOpenKey","HKLM\SOFTWARE\Microsoft\CTF\TIP\{C1EE01F2-B3B6-4A6A-9DDD-E988C088EC82}\Category\Item\{B2C7F219-68FB-47D8-9881-AA681D0944F0}","SUCCESS","Desired Access: Read"
"10:34:22.4966573","雷小伊脱机日常 Beta 1.6.24.exe","1496","RegEnumKey","HKLM\SOFTWARE\Microsoft\CTF\TIP\{C1EE01F2-B3B6-4A6A-9DDD-E988C088EC82}\Category\Item\{B2C7F219-68FB-47D8-9881-AA681D0944F0}","SUCCESS","Index: 0, Name: {565FB8D8-6BD4-4CA1-B223-0F2CCB8F4F96}"
"10:34:22.4966624","雷小伊脱机日常 Beta 1.6.24.exe","1496","RegEnumKey","HKLM\SOFTWARE\Microsoft\CTF\TIP\{C1EE01F2-B3B6-4A6A-9DDD-E988C088EC82}\Category\Item\{B2C7F219-68FB-47D8-9881-AA681D0944F0}","NO MORE ENTRIES","Index: 1, Length: 288"
"10:34:22.4966675","雷小伊脱机日常 Beta 1.6.24.exe","1496","RegCloseKey","HKLM\SOFTWARE\Microsoft\CTF\TIP\{C1EE01F2-B3B6-4A6A-9DDD-E988C088EC82}\Category\Item\{B2C7F219-68FB-47D8-9881-AA681D0944F0}","SUCCESS",""
"10:34:22.4966719","雷小伊脱机日常 Beta 1.6.24.exe","1496","RegEnumKey","HKLM\SOFTWARE\Microsoft\CTF\TIP","SUCCESS","Index: 15, Name: {C2CB2CF0-AF47-413E-9780-8BC3A3C16068}"
"10:34:22.4966852","雷小伊脱机日常 Beta 1.6.24.exe","1496","RegQueryKey","HKLM\SOFTWARE\Microsoft\CTF\TIP","SUCCESS","Query: HandleTags, HandleTags: 0x400"
"10:34:22.4966894","雷小伊脱机日常 Beta 1.6.24.exe","1496","RegOpenKey","HKLM\SOFTWARE\Microsoft\CTF\TIP\{C2CB2CF0-AF47-413E-9780-8BC3A3C16068}\Category\Item\{B2C7F219-68FB-47D8-9881-AA681D0944F0}","NAME NOT FOUND","Desired Access: Read"
"10:34:22.4966950","雷小伊脱机日常 Beta 1.6.24.exe","1496","RegEnumKey","HKLM\SOFTWARE\Microsoft\CTF\TIP","SUCCESS","Index: 16, Name: {DCBD6FA8-032F-11D3-B5B1-00C04FC324A1}"
"10:34:22.4967017","雷小伊脱机日常 Beta 1.6.24.exe","1496","RegQueryKey","HKLM\SOFTWARE\Microsoft\CTF\TIP","SUCCESS","Query: HandleTags, HandleTags: 0x400"
"10:34:22.4967058","雷小伊脱机日常 Beta 1.6.24.exe","1496","RegOpenKey","HKLM\SOFTWARE\Microsoft\CTF\TIP\{DCBD6FA8-032F-11D3-B5B1-00C04FC324A1}\Category\Item\{B2C7F219-68FB-47D8-9881-AA681D0944F0}","NAME NOT FOUND","Desired Access: Read"
"10:34:22.4967113","雷小伊脱机日常 Beta 1.6.24.exe","1496","RegEnumKey","HKLM\SOFTWARE\Microsoft\CTF\TIP","SUCCESS","Index: 17, Name: {E429B25A-E5D3-4D1F-9BE3-0C608477E3A1}"
"10:34:22.4967181","雷小伊脱机日常 Beta 1.6.24.exe","1496","RegQueryKey","HKLM\SOFTWARE\Microsoft\CTF\TIP","SUCCESS","Query: HandleTags, HandleTags: 0x400"
"10:34:22.4967222","雷小伊脱机日常 Beta 1.6.24.exe","1496","RegOpenKey","HKLM\SOFTWARE\Microsoft\CTF\TIP\{E429B25A-E5D3-4D1F-9BE3-0C608477E3A1}\Category\Item\{B2C7F219-68FB-47D8-9881-AA681D0944F0}","NAME NOT FOUND","Desired Access: Read"
"10:34:22.4967276","雷小伊脱机日常 Beta 1.6.24.exe","1496","RegEnumKey","HKLM\SOFTWARE\Microsoft\CTF\TIP","SUCCESS","Index: 18, Name: {F25E9F57-2FC8-4EB3-A41A-CCE5F08541E6}"
"10:34:22.4967345","雷小伊脱机日常 Beta 1.6.24.exe","1496","RegQueryKey","HKLM\SOFTWARE\Microsoft\CTF\TIP","SUCCESS","Query: HandleTags, HandleTags: 0x400"
"10:34:22.4967386","雷小伊脱机日常 Beta 1.6.24.exe","1496","RegOpenKey","HKLM\SOFTWARE\Microsoft\CTF\TIP\{F25E9F57-2FC8-4EB3-A41A-CCE5F08541E6}\Category\Item\{B2C7F219-68FB-47D8-9881-AA681D0944F0}","NAME NOT FOUND","Desired Access: Read"
"10:34:22.4967443","雷小伊脱机日常 Beta 1.6.24.exe","1496","RegEnumKey","HKLM\SOFTWARE\Microsoft\CTF\TIP","SUCCESS","Index: 19, Name: {F89E9E58-BD2F-4008-9AC2-0F816C09F4EE}"
"10:34:22.4967514","雷小伊脱机日常 Beta 1.6.24.exe","1496","RegQueryKey","HKLM\SOFTWARE\Microsoft\CTF\TIP","SUCCESS","Query: HandleTags, HandleTags: 0x400"
"10:34:22.4967570","雷小伊脱机日常 Beta 1.6.24.exe","1496","RegOpenKey","HKLM\SOFTWARE\Microsoft\CTF\TIP\{F89E9E58-BD2F-4008-9AC2-0F816C09F4EE}\Category\Item\{B2C7F219-68FB-47D8-9881-AA681D0944F0}","NAME NOT FOUND","Desired Access: Read"
"10:34:22.4967631","雷小伊脱机日常 Beta 1.6.24.exe","1496","RegEnumKey","HKLM\SOFTWARE\Microsoft\CTF\TIP","NO MORE ENTRIES","Index: 20, Length: 288"
"10:34:22.4967686","雷小伊脱机日常 Beta 1.6.24.exe","1496","RegCloseKey","HKLM\SOFTWARE\Microsoft\CTF\TIP","SUCCESS",""
"10:34:22.4990668","雷小伊脱机日常 Beta 1.6.24.exe","1496","RegOpenKey","HKCU","SUCCESS","Desired Access: Read"
"10:34:22.4990843","雷小伊脱机日常 Beta 1.6.24.exe","1496","RegQueryKey","HKCU","SUCCESS","Query: HandleTags, HandleTags: 0x0"
"10:34:22.4990911","雷小伊脱机日常 Beta 1.6.24.exe","1496","RegQueryKey","HKCU","SUCCESS","Query: Name"
"10:34:22.4991015","雷小伊脱机日常 Beta 1.6.24.exe","1496","RegOpenKey","HKCU\SOFTWARE\Microsoft\CTF\CUAS","SUCCESS","Desired Access: Read"
"10:34:22.4991144","雷小伊脱机日常 Beta 1.6.24.exe","1496","RegSetInfoKey","HKCU\SOFTWARE\Microsoft\CTF\CUAS","SUCCESS","KeySetInformationClass: KeySetHandleTagsInformation, Length: 0"
"10:34:22.4991228","雷小伊脱机日常 Beta 1.6.24.exe","1496","RegCloseKey","HKCU","SUCCESS",""
"10:34:22.4991305","雷小伊脱机日常 Beta 1.6.24.exe","1496","RegQueryValue","HKCU\SOFTWARE\Microsoft\CTF\CUAS\NonEAComposition","NAME NOT FOUND","Length: 16"
"10:34:22.4991383","雷小伊脱机日常 Beta 1.6.24.exe","1496","RegCloseKey","HKCU\SOFTWARE\Microsoft\CTF\CUAS","SUCCESS",""
"10:34:22.4991537","雷小伊脱机日常 Beta 1.6.24.exe","1496","RegOpenKey","HKCU","SUCCESS","Desired Access: Read"
"10:34:22.4991638","雷小伊脱机日常 Beta 1.6.24.exe","1496","RegQueryKey","HKCU","SUCCESS","Query: HandleTags, HandleTags: 0x0"
"10:34:22.4991697","雷小伊脱机日常 Beta 1.6.24.exe","1496","RegQueryKey","HKCU","SUCCESS","Query: Name"
"10:34:22.4991780","雷小伊脱机日常 Beta 1.6.24.exe","1496","RegOpenKey","HKCU\SOFTWARE\Microsoft\CTF\CUAS\DefaultCompositionWindow","SUCCESS","Desired Access: Read"
"10:34:22.4991878","雷小伊脱机日常 Beta 1.6.24.exe","1496","RegSetInfoKey","HKCU\SOFTWARE\Microsoft\CTF\CUAS\DefaultCompositionWindow","SUCCESS","KeySetInformationClass: KeySetHandleTagsInformation, Length: 0"
"10:34:22.4992046","雷小伊脱机日常 Beta 1.6.24.exe","1496","RegCloseKey","HKCU","SUCCESS",""
"10:34:22.4992119","雷小伊脱机日常 Beta 1.6.24.exe","1496","RegQueryValue","HKCU\SOFTWARE\Microsoft\CTF\CUAS\DefaultCompositionWindow\Left","SUCCESS","Type: REG_DWORD, Length: 4, Data: 0"
"10:34:22.4992211","雷小伊脱机日常 Beta 1.6.24.exe","1496","RegQueryValue","HKCU\SOFTWARE\Microsoft\CTF\CUAS\DefaultCompositionWindow\Top","SUCCESS","Type: REG_DWORD, Length: 4, Data: 0"
"10:34:22.4992293","雷小伊脱机日常 Beta 1.6.24.exe","1496","RegCloseKey","HKCU\SOFTWARE\Microsoft\CTF\CUAS\DefaultCompositionWindow","SUCCESS",""
"10:34:22.4995592","雷小伊脱机日常 Beta 1.6.24.exe","1496","CreateFile","C:\Windows\SystemResources\msctf.dll.mun","SUCCESS","Desired Access: Read Data/List Directory, Synchronize, Disposition: Open, Options: Synchronous IO Non-Alert, Non-Directory File, Attributes: n/a, ShareMode: Read, Delete, AllocationSize: n/a, OpenResult: Opened"
"10:34:22.4995958","雷小伊脱机日常 Beta 1.6.24.exe","1496","CreateFileMapping","C:\Windows\SystemResources\msctf.dll.mun","FILE LOCKED WITH ONLY READERS","SyncType: SyncTypeCreateSection, PageProtection: PAGE_EXECUTE_WRITECOPY"
"10:34:22.4996066","雷小伊脱机日常 Beta 1.6.24.exe","1496","QueryStandardInformationFile","C:\Windows\SystemResources\msctf.dll.mun","SUCCESS","AllocationSize: 270,336, EndOfFile: 270,336, NumberOfLinks: 2, DeletePending: False, Directory: False"
"10:34:22.4996240","雷小伊脱机日常 Beta 1.6.24.exe","1496","CreateFileMapping","C:\Windows\SystemResources\msctf.dll.mun","SUCCESS","SyncType: SyncTypeOther"
"10:34:22.5000106","雷小伊脱机日常 Beta 1.6.24.exe","1496","RegOpenKey","HKLM\Software\WOW6432Node\Microsoft\LanguageOverlay\OverlayPackages\zh-CN","REPARSE","Desired Access: Read"
"10:34:22.5000242","雷小伊脱机日常 Beta 1.6.24.exe","1496","RegOpenKey","HKLM\SOFTWARE\Microsoft\LanguageOverlay\OverlayPackages\zh-CN","SUCCESS","Desired Access: Read"
"10:34:22.5000367","雷小伊脱机日常 Beta 1.6.24.exe","1496","RegSetInfoKey","HKLM\SOFTWARE\Microsoft\LanguageOverlay\OverlayPackages\zh-CN","SUCCESS","KeySetInformationClass: KeySetHandleTagsInformation, Length: 0"
"10:34:22.5000455","雷小伊脱机日常 Beta 1.6.24.exe","1496","RegQueryValue","HKLM\SOFTWARE\Microsoft\LanguageOverlay\OverlayPackages\zh-CN\Latest","SUCCESS","Type: REG_SZ, Length: 210, Data: "
"10:34:22.5000563","雷小伊脱机日常 Beta 1.6.24.exe","1496","RegCloseKey","HKLM\SOFTWARE\Microsoft\LanguageOverlay\OverlayPackages\zh-CN","SUCCESS",""
"10:34:22.5001505","雷小伊脱机日常 Beta 1.6.24.exe","1496","CreateFile","C:\Program Files\WindowsApps\Microsoft.LanguageExperiencePackzh-CN_19041.81.277.0_neutral__8wekyb3d8bbwe\Windows\System32\zh-CN\msctf.dll.mui","SUCCESS","Desired Access: Read Data/List Directory, Synchronize, Disposition: Open, Options: Synchronous IO Non-Alert, Non-Directory File, Attributes: n/a, ShareMode: Read, Delete, AllocationSize: n/a, OpenResult: Opened"
"10:34:22.5001821","雷小伊脱机日常 Beta 1.6.24.exe","1496","CreateFileMapping","C:\Program Files\WindowsApps\Microsoft.LanguageExperiencePackzh-CN_19041.81.277.0_neutral__8wekyb3d8bbwe\Windows\System32\zh-CN\msctf.dll.mui","FILE LOCKED WITH ONLY READERS","SyncType: SyncTypeCreateSection, PageProtection: PAGE_EXECUTE_WRITECOPY"
"10:34:22.5001907","雷小伊脱机日常 Beta 1.6.24.exe","1496","QueryStandardInformationFile","C:\Program Files\WindowsApps\Microsoft.LanguageExperiencePackzh-CN_19041.81.277.0_neutral__8wekyb3d8bbwe\Windows\System32\zh-CN\msctf.dll.mui","SUCCESS","AllocationSize: 12,288, EndOfFile: 13,856, NumberOfLinks: 1, DeletePending: False, Directory: False"
"10:34:22.5002042","雷小伊脱机日常 Beta 1.6.24.exe","1496","CreateFileMapping","C:\Program Files\WindowsApps\Microsoft.LanguageExperiencePackzh-CN_19041.81.277.0_neutral__8wekyb3d8bbwe\Windows\System32\zh-CN\msctf.dll.mui","SUCCESS","SyncType: SyncTypeOther"
"10:34:23.7058043","雷小伊脱机日常 Beta 1.6.24.exe","1496","RegOpenKey","HKCU","SUCCESS","Desired Access: Read/Write"
"10:34:23.7058303","雷小伊脱机日常 Beta 1.6.24.exe","1496","RegQueryKey","HKCU","SUCCESS","Query: HandleTags, HandleTags: 0x0"
"10:34:23.7058382","雷小伊脱机日常 Beta 1.6.24.exe","1496","RegQueryKey","HKCU","SUCCESS","Query: Name"
"10:34:23.7058502","雷小伊脱机日常 Beta 1.6.24.exe","1496","RegCreateKey","HKCU\SOFTWARE\Microsoft\CTF\CUAS\DefaultCompositionWindow","SUCCESS","Desired Access: Read/Write, Disposition: REG_OPENED_EXISTING_KEY"
"10:34:23.7058796","雷小伊脱机日常 Beta 1.6.24.exe","1496","RegSetInfoKey","HKCU\SOFTWARE\Microsoft\CTF\CUAS\DefaultCompositionWindow","SUCCESS","KeySetInformationClass: KeySetHandleTagsInformation, Length: 0"
"10:34:23.7058904","雷小伊脱机日常 Beta 1.6.24.exe","1496","RegCloseKey","HKCU","SUCCESS",""
"10:34:23.7059000","雷小伊脱机日常 Beta 1.6.24.exe","1496","RegSetValue","HKCU\SOFTWARE\Microsoft\CTF\CUAS\DefaultCompositionWindow\Left","SUCCESS","Type: REG_DWORD, Length: 4, Data: 0"
"10:34:23.7059361","雷小伊脱机日常 Beta 1.6.24.exe","1496","RegSetValue","HKCU\SOFTWARE\Microsoft\CTF\CUAS\DefaultCompositionWindow\Top","SUCCESS","Type: REG_DWORD, Length: 4, Data: 0"
"10:34:23.7059521","雷小伊脱机日常 Beta 1.6.24.exe","1496","RegCloseKey","HKCU\SOFTWARE\Microsoft\CTF\CUAS\DefaultCompositionWindow","SUCCESS",""
"10:34:24.5331114","雷小伊脱机日常 Beta 1.6.24.exe","1496","ReadFile","C:\Windows\SysWOW64\mshtml.dll","SUCCESS","Offset: 6,734,848, Length: 32,768, I/O Flags: Non-cached, Paging I/O, Synchronous Paging I/O, Priority: Normal"
"10:34:24.5341438","雷小伊脱机日常 Beta 1.6.24.exe","1496","ReadFile","C:\Windows\SysWOW64\mshtml.dll","SUCCESS","Offset: 6,599,680, Length: 12,288, I/O Flags: Non-cached, Paging I/O, Synchronous Paging I/O, Priority: Normal"
"10:34:25.8970932","雷小伊脱机日常 Beta 1.6.24.exe","1496","ReadFile","C:\Windows\SysWOW64\mshtml.dll","SUCCESS","Offset: 6,870,016, Length: 32,768, I/O Flags: Non-cached, Paging I/O, Synchronous Paging I/O, Priority: Normal"
"10:34:28.1395974","雷小伊脱机日常 Beta 1.6.24.exe","1496","Thread Create","","SUCCESS","Thread ID: 9376"
"10:34:28.1423418","雷小伊脱机日常 Beta 1.6.24.exe","1496","RegOpenKey","HKLM\SYSTEM\CurrentControlSet\Control\WMI\Restrictions","REPARSE","Desired Access: Read"
"10:34:28.1423605","雷小伊脱机日常 Beta 1.6.24.exe","1496","RegOpenKey","HKLM\System\CurrentControlSet\Control\WMI\Restrictions","NAME NOT FOUND","Desired Access: Read"
"10:34:28.1425006","雷小伊脱机日常 Beta 1.6.24.exe","1496","RegOpenKey","HKLM\SYSTEM\CurrentControlSet\Control\WMI\Restrictions","REPARSE","Desired Access: Read"
"10:34:28.1425111","雷小伊脱机日常 Beta 1.6.24.exe","1496","RegOpenKey","HKLM\System\CurrentControlSet\Control\WMI\Restrictions","NAME NOT FOUND","Desired Access: Read"
"10:34:28.1425310","雷小伊脱机日常 Beta 1.6.24.exe","1496","RegOpenKey","HKLM\SYSTEM\CurrentControlSet\Control\WMI\Restrictions","REPARSE","Desired Access: Read"
"10:34:28.1425394","雷小伊脱机日常 Beta 1.6.24.exe","1496","RegOpenKey","HKLM\System\CurrentControlSet\Control\WMI\Restrictions","NAME NOT FOUND","Desired Access: Read"
"10:34:28.1485312","雷小伊脱机日常 Beta 1.6.24.exe","1496","RegQueryKey","HKLM","SUCCESS","Query: HandleTags, HandleTags: 0x0"
"10:34:28.1485389","雷小伊脱机日常 Beta 1.6.24.exe","1496","RegQueryKey","HKLM","SUCCESS","Query: Name"
"10:34:28.1485531","雷小伊脱机日常 Beta 1.6.24.exe","1496","RegOpenKey","HKLM\HARDWARE\DESCRIPTION\System\BIOS","SUCCESS","Desired Access: Read"
"10:34:28.1485740","雷小伊脱机日常 Beta 1.6.24.exe","1496","RegSetInfoKey","HKLM\HARDWARE\DESCRIPTION\System\BIOS","SUCCESS","KeySetInformationClass: KeySetHandleTagsInformation, Length: 0"
"10:34:28.1485841","雷小伊脱机日常 Beta 1.6.24.exe","1496","RegQueryValue","HKLM\HARDWARE\DESCRIPTION\System\BIOS\BaseBoardProduct","BUFFER OVERFLOW","Length: 12"
"10:34:28.1485909","雷小伊脱机日常 Beta 1.6.24.exe","1496","RegQueryValue","HKLM\HARDWARE\DESCRIPTION\System\BIOS\BaseBoardProduct","SUCCESS","Type: REG_SZ, Length: 66, Data: 440BX Desktop Reference Platform"
"10:34:28.1486009","雷小伊脱机日常 Beta 1.6.24.exe","1496","RegQueryValue","HKLM\HARDWARE\DESCRIPTION\System\BIOS\BaseBoardProduct","BUFFER OVERFLOW","Length: 45"
"10:34:28.1486058","雷小伊脱机日常 Beta 1.6.24.exe","1496","RegQueryValue","HKLM\HARDWARE\DESCRIPTION\System\BIOS\BaseBoardProduct","SUCCESS","Type: REG_SZ, Length: 66, Data: 440BX Desktop Reference Platform"
"10:34:28.1486163","雷小伊脱机日常 Beta 1.6.24.exe","1496","RegCloseKey","HKLM\HARDWARE\DESCRIPTION\System\BIOS","SUCCESS",""
"10:34:28.1487903","雷小伊脱机日常 Beta 1.6.24.exe","1496","RegQueryKey","HKLM","SUCCESS","Query: HandleTags, HandleTags: 0x0"
"10:34:28.1487946","雷小伊脱机日常 Beta 1.6.24.exe","1496","RegQueryKey","HKLM","SUCCESS","Query: Name"
"10:34:28.1488065","雷小伊脱机日常 Beta 1.6.24.exe","1496","RegOpenKey","HKLM\SOFTWARE\WOW6432Node\Microsoft\Cryptography\Defaults\Provider Types\Type 001","SUCCESS","Desired Access: Read"
"10:34:28.1488232","雷小伊脱机日常 Beta 1.6.24.exe","1496","RegSetInfoKey","HKLM\SOFTWARE\WOW6432Node\Microsoft\Cryptography\Defaults\Provider Types\Type 001","SUCCESS","KeySetInformationClass: KeySetHandleTagsInformation, Length: 0"
"10:34:28.1488287","雷小伊脱机日常 Beta 1.6.24.exe","1496","RegQueryValue","HKLM\SOFTWARE\WOW6432Node\Microsoft\Cryptography\Defaults\Provider Types\Type 001\Name","BUFFER OVERFLOW","Length: 12"
"10:34:28.1488343","雷小伊脱机日常 Beta 1.6.24.exe","1496","RegQueryValue","HKLM\SOFTWARE\WOW6432Node\Microsoft\Cryptography\Defaults\Provider Types\Type 001\Name","SUCCESS","Type: REG_SZ, Length: 80, Data: Microsoft Strong Cryptographic Provider"
"10:34:28.1488415","雷小伊脱机日常 Beta 1.6.24.exe","1496","RegQueryValue","HKLM\SOFTWARE\WOW6432Node\Microsoft\Cryptography\Defaults\Provider Types\Type 001\Name","BUFFER OVERFLOW","Length: 52"
"10:34:28.1488462","雷小伊脱机日常 Beta 1.6.24.exe","1496","RegQueryValue","HKLM\SOFTWARE\WOW6432Node\Microsoft\Cryptography\Defaults\Provider Types\Type 001\Name","SUCCESS","Type: REG_SZ, Length: 80, Data: Microsoft Strong Cryptographic Provider"
"10:34:28.1488535","雷小伊脱机日常 Beta 1.6.24.exe","1496","RegCloseKey","HKLM\SOFTWARE\WOW6432Node\Microsoft\Cryptography\Defaults\Provider Types\Type 001","SUCCESS",""
"10:34:28.1488606","雷小伊脱机日常 Beta 1.6.24.exe","1496","RegQueryKey","HKLM","SUCCESS","Query: HandleTags, HandleTags: 0x0"
"10:34:28.1488641","雷小伊脱机日常 Beta 1.6.24.exe","1496","RegQueryKey","HKLM","SUCCESS","Query: Name"
"10:34:28.1488715","雷小伊脱机日常 Beta 1.6.24.exe","1496","RegOpenKey","HKLM\SOFTWARE\WOW6432Node\Microsoft\Cryptography\Defaults\Provider\Microsoft Strong Cryptographic Provider","SUCCESS","Desired Access: Read"
"10:34:28.1488791","雷小伊脱机日常 Beta 1.6.24.exe","1496","RegSetInfoKey","HKLM\SOFTWARE\WOW6432Node\Microsoft\Cryptography\Defaults\Provider\Microsoft Strong Cryptographic Provider","SUCCESS","KeySetInformationClass: KeySetHandleTagsInformation, Length: 0"
"10:34:28.1488839","雷小伊脱机日常 Beta 1.6.24.exe","1496","RegQueryValue","HKLM\SOFTWARE\WOW6432Node\Microsoft\Cryptography\Defaults\Provider\Microsoft Strong Cryptographic Provider\Type","SUCCESS","Type: REG_DWORD, Length: 4, Data: 1"
"10:34:28.1488889","雷小伊脱机日常 Beta 1.6.24.exe","1496","RegQueryValue","HKLM\SOFTWARE\WOW6432Node\Microsoft\Cryptography\Defaults\Provider\Microsoft Strong Cryptographic Provider\Image Path","BUFFER OVERFLOW","Length: 12"
"10:34:28.1488936","雷小伊脱机日常 Beta 1.6.24.exe","1496","RegQueryValue","HKLM\SOFTWARE\WOW6432Node\Microsoft\Cryptography\Defaults\Provider\Microsoft Strong Cryptographic Provider\Image Path","SUCCESS","Type: REG_SZ, Length: 66, Data: %SystemRoot%\system32\rsaenh.dll"
"10:34:28.1488988","雷小伊脱机日常 Beta 1.6.24.exe","1496","RegQueryValue","HKLM\SOFTWARE\WOW6432Node\Microsoft\Cryptography\Defaults\Provider\Microsoft Strong Cryptographic Provider\Image Path","BUFFER OVERFLOW","Length: 45"
"10:34:28.1489029","雷小伊脱机日常 Beta 1.6.24.exe","1496","RegQueryValue","HKLM\SOFTWARE\WOW6432Node\Microsoft\Cryptography\Defaults\Provider\Microsoft Strong Cryptographic Provider\Image Path","SUCCESS","Type: REG_SZ, Length: 66, Data: %SystemRoot%\system32\rsaenh.dll"
"10:34:28.1489388","雷小伊脱机日常 Beta 1.6.24.exe","1496","RegQueryKey","HKLM","SUCCESS","Query: HandleTags, HandleTags: 0x0"
"10:34:28.1489430","雷小伊脱机日常 Beta 1.6.24.exe","1496","RegOpenKey","HKLM\Software\Microsoft\Cryptography","SUCCESS","Desired Access: Read"
"10:34:28.1489499","雷小伊脱机日常 Beta 1.6.24.exe","1496","RegSetInfoKey","HKLM\SOFTWARE\Microsoft\Cryptography","SUCCESS","KeySetInformationClass: KeySetHandleTagsInformation, Length: 0"
"10:34:28.1489544","雷小伊脱机日常 Beta 1.6.24.exe","1496","RegQueryValue","HKLM\SOFTWARE\Microsoft\Cryptography\MachineGuid","BUFFER OVERFLOW","Length: 12"
"10:34:28.1489596","雷小伊脱机日常 Beta 1.6.24.exe","1496","RegQueryValue","HKLM\SOFTWARE\Microsoft\Cryptography\MachineGuid","SUCCESS","Type: REG_SZ, Length: 74, Data: b26250d5-6f38-4a3d-bc8c-363d81010dce"
"10:34:28.1489654","雷小伊脱机日常 Beta 1.6.24.exe","1496","RegQueryValue","HKLM\SOFTWARE\Microsoft\Cryptography\MachineGuid","BUFFER OVERFLOW","Length: 49"
"10:34:28.1489701","雷小伊脱机日常 Beta 1.6.24.exe","1496","RegQueryValue","HKLM\SOFTWARE\Microsoft\Cryptography\MachineGuid","SUCCESS","Type: REG_SZ, Length: 74, Data: b26250d5-6f38-4a3d-bc8c-363d81010dce"
"10:34:28.1489779","雷小伊脱机日常 Beta 1.6.24.exe","1496","RegCloseKey","HKLM\SOFTWARE\Microsoft\Cryptography","SUCCESS",""
"10:34:28.1490936","雷小伊脱机日常 Beta 1.6.24.exe","1496","RegQueryKey","HKLM","SUCCESS","Query: HandleTags, HandleTags: 0x0"
"10:34:28.1490973","雷小伊脱机日常 Beta 1.6.24.exe","1496","RegQueryKey","HKLM","SUCCESS","Query: Name"
"10:34:28.1491051","雷小伊脱机日常 Beta 1.6.24.exe","1496","RegOpenKey","HKLM\Software\WOW6432Node\Microsoft\Cryptography\Offload","NAME NOT FOUND","Desired Access: Read"
"10:34:28.1491306","雷小伊脱机日常 Beta 1.6.24.exe","1496","RegCloseKey","HKLM\SOFTWARE\WOW6432Node\Microsoft\Cryptography\Defaults\Provider\Microsoft Strong Cryptographic Provider","SUCCESS",""
"10:34:28.1496857","雷小伊脱机日常 Beta 1.6.24.exe","1496","CreateFile","C:\Users\1\Desktop\ntdll.dll","NAME NOT FOUND","Desired Access: Read Attributes, Disposition: Open, Options: Open Reparse Point, Attributes: n/a, ShareMode: Read, Write, Delete, AllocationSize: n/a"
"10:34:28.1497721","雷小伊脱机日常 Beta 1.6.24.exe","1496","CreateFile","C:\Users\1\Desktop\ntdll.dll","NAME NOT FOUND","Desired Access: Read Attributes, Disposition: Open, Options: Open Reparse Point, Attributes: n/a, ShareMode: Read, Write, Delete, AllocationSize: n/a"
"10:34:28.1500462","雷小伊脱机日常 Beta 1.6.24.exe","1496","CreateFile","C:\Users\1\Desktop\account.ini","SUCCESS","Desired Access: Generic Read/Write, Disposition: OpenIf, Options: Synchronous IO Non-Alert, Non-Directory File, Attributes: N, ShareMode: Read, Write, Delete, AllocationSize: 0, OpenResult: Created"
"10:34:28.1502209","雷小伊脱机日常 Beta 1.6.24.exe","1496","LockFile","C:\Users\1\Desktop\account.ini","SUCCESS","Exclusive: True, Offset: 0, Length: 4,294,967,295, Fail Immediately: False"
"10:34:28.1502279","雷小伊脱机日常 Beta 1.6.24.exe","1496","QueryStandardInformationFile","C:\Users\1\Desktop\account.ini","SUCCESS","AllocationSize: 0, EndOfFile: 0, NumberOfLinks: 1, DeletePending: False, Directory: False"
"10:34:28.1502387","雷小伊脱机日常 Beta 1.6.24.exe","1496","ReadFile","C:\Users\1\Desktop\account.ini","SUCCESS","Offset: 0, Length: 0, Priority: Normal"
"10:34:28.1502652","雷小伊脱机日常 Beta 1.6.24.exe","1496","WriteFile","C:\Users\1\Desktop\account.ini","SUCCESS","Offset: 0, Length: 31, Priority: Normal"
"10:34:28.1503580","雷小伊脱机日常 Beta 1.6.24.exe","1496","SetEndOfFileInformationFile","C:\Users\1\Desktop\account.ini","SUCCESS","EndOfFile: 31"
"10:34:28.1503905","雷小伊脱机日常 Beta 1.6.24.exe","1496","UnlockFileSingle","C:\Users\1\Desktop\account.ini","SUCCESS","Offset: 0, Length: 4,294,967,295"
"10:34:28.1503967","雷小伊脱机日常 Beta 1.6.24.exe","1496","CloseFile","C:\Users\1\Desktop\account.ini","SUCCESS",""
"10:34:28.1507371","雷小伊脱机日常 Beta 1.6.24.exe","1496","CreateFile","C:\Users\1\Desktop\Winhttp.dll","NAME NOT FOUND","Desired Access: Read Attributes, Disposition: Open, Options: Open Reparse Point, Attributes: n/a, ShareMode: Read, Write, Delete, AllocationSize: n/a"
"10:34:28.1508163","雷小伊脱机日常 Beta 1.6.24.exe","1496","CreateFile","C:\Users\1\Desktop\Winhttp.dll","NAME NOT FOUND","Desired Access: Read Attributes, Disposition: Open, Options: Open Reparse Point, Attributes: n/a, ShareMode: Read, Write, Delete, AllocationSize: n/a"
"10:34:28.1508894","雷小伊脱机日常 Beta 1.6.24.exe","1496","CreateFile","C:\Users\1\Desktop\Winhttp.dll","NAME NOT FOUND","Desired Access: Read Attributes, Disposition: Open, Options: Open Reparse Point, Attributes: n/a, ShareMode: Read, Write, Delete, AllocationSize: n/a"
"10:34:28.1509498","雷小伊脱机日常 Beta 1.6.24.exe","1496","CreateFile","C:\Users\1\Desktop\Winhttp.dll","NAME NOT FOUND","Desired Access: Read Attributes, Disposition: Open, Options: Open Reparse Point, Attributes: n/a, ShareMode: Read, Write, Delete, AllocationSize: n/a"
"10:34:28.1510264","雷小伊脱机日常 Beta 1.6.24.exe","1496","CreateFile","C:\Users\1\Desktop\Winhttp.dll","NAME NOT FOUND","Desired Access: Read Attributes, Disposition: Open, Options: Open Reparse Point, Attributes: n/a, ShareMode: Read, Write, Delete, AllocationSize: n/a"
"10:34:28.1510865","雷小伊脱机日常 Beta 1.6.24.exe","1496","CreateFile","C:\Users\1\Desktop\Winhttp.dll","NAME NOT FOUND","Desired Access: Read Attributes, Disposition: Open, Options: Open Reparse Point, Attributes: n/a, ShareMode: Read, Write, Delete, AllocationSize: n/a"
"10:34:28.1511892","雷小伊脱机日常 Beta 1.6.24.exe","1496","CreateFile","C:\Users\1\Desktop\Winhttp.dll","NAME NOT FOUND","Desired Access: Read Attributes, Disposition: Open, Options: Open Reparse Point, Attributes: n/a, ShareMode: Read, Write, Delete, AllocationSize: n/a"
"10:34:28.1512610","雷小伊脱机日常 Beta 1.6.24.exe","1496","CreateFile","C:\Users\1\Desktop\Winhttp.dll","NAME NOT FOUND","Desired Access: Read Attributes, Disposition: Open, Options: Open Reparse Point, Attributes: n/a, ShareMode: Read, Write, Delete, AllocationSize: n/a"
"10:34:28.1513284","雷小伊脱机日常 Beta 1.6.24.exe","1496","CreateFile","C:\Users\1\Desktop\Winhttp.dll","NAME NOT FOUND","Desired Access: Read Attributes, Disposition: Open, Options: Open Reparse Point, Attributes: n/a, ShareMode: Read, Write, Delete, AllocationSize: n/a"
"10:34:28.1514031","雷小伊脱机日常 Beta 1.6.24.exe","1496","CreateFile","C:\Users\1\Desktop\Winhttp.dll","NAME NOT FOUND","Desired Access: Read Attributes, Disposition: Open, Options: Open Reparse Point, Attributes: n/a, ShareMode: Read, Write, Delete, AllocationSize: n/a"
"10:34:28.1514947","雷小伊脱机日常 Beta 1.6.24.exe","1496","CreateFile","C:\Users\1\Desktop\Winhttp.dll","NAME NOT FOUND","Desired Access: Read Attributes, Disposition: Open, Options: Open Reparse Point, Attributes: n/a, ShareMode: Read, Write, Delete, AllocationSize: n/a"
"10:34:28.1515876","雷小伊脱机日常 Beta 1.6.24.exe","1496","CreateFile","C:\Users\1\Desktop\Winhttp.dll","NAME NOT FOUND","Desired Access: Read Attributes, Disposition: Open, Options: Open Reparse Point, Attributes: n/a, ShareMode: Read, Write, Delete, AllocationSize: n/a"
"10:34:28.1516883","雷小伊脱机日常 Beta 1.6.24.exe","1496","CreateFile","C:\Users\1\Desktop\Winhttp.dll","NAME NOT FOUND","Desired Access: Read Attributes, Disposition: Open, Options: Open Reparse Point, Attributes: n/a, ShareMode: Read, Write, Delete, AllocationSize: n/a"
"10:34:28.1517678","雷小伊脱机日常 Beta 1.6.24.exe","1496","CreateFile","C:\Users\1\Desktop\Winhttp.dll","NAME NOT FOUND","Desired Access: Read Attributes, Disposition: Open, Options: Open Reparse Point, Attributes: n/a, ShareMode: Read, Write, Delete, AllocationSize: n/a"
"10:34:28.1519098","雷小伊脱机日常 Beta 1.6.24.exe","1496","CreateFile","C:\Users\1\Desktop\Winhttp.dll","NAME NOT FOUND","Desired Access: Read Attributes, Disposition: Open, Options: Open Reparse Point, Attributes: n/a, ShareMode: Read, Write, Delete, AllocationSize: n/a"
"10:34:28.1519752","雷小伊脱机日常 Beta 1.6.24.exe","1496","CreateFile","C:\Users\1\Desktop\Winhttp.dll","NAME NOT FOUND","Desired Access: Read Attributes, Disposition: Open, Options: Open Reparse Point, Attributes: n/a, ShareMode: Read, Write, Delete, AllocationSize: n/a"
"10:34:28.1520446","雷小伊脱机日常 Beta 1.6.24.exe","1496","CreateFile","C:\Users\1\Desktop\Winhttp.dll","NAME NOT FOUND","Desired Access: Read Attributes, Disposition: Open, Options: Open Reparse Point, Attributes: n/a, ShareMode: Read, Write, Delete, AllocationSize: n/a"
"10:34:28.1521072","雷小伊脱机日常 Beta 1.6.24.exe","1496","CreateFile","C:\Users\1\Desktop\Winhttp.dll","NAME NOT FOUND","Desired Access: Read Attributes, Disposition: Open, Options: Open Reparse Point, Attributes: n/a, ShareMode: Read, Write, Delete, AllocationSize: n/a"
"10:34:28.2521052","雷小伊脱机日常 Beta 1.6.24.exe","1496","TCP Connect","DESKTOP-8E3AERV.localdomain:50076 -> 81.69.144.91:http","SUCCESS","Length: 0, mss: 1460, sackopt: 0, tsopt: 0, wsopt: 0, rcvwin: 64240, rcvwinscale: 0"
"10:34:28.2524338","雷小伊脱机日常 Beta 1.6.24.exe","1496","TCP Send","DESKTOP-8E3AERV.localdomain:50076 -> 81.69.144.91:http","SUCCESS","Length: 496, startime: 158420, endtime: 158420, seqnum: 0, connid: 0"
"10:34:28.3467971","雷小伊脱机日常 Beta 1.6.24.exe","1496","TCP Receive","DESKTOP-8E3AERV.localdomain:50076 -> 81.69.144.91:http","SUCCESS","Length: 649, seqnum: 0, connid: 0"
"10:34:28.3471026","雷小伊脱机日常 Beta 1.6.24.exe","1496","CreateFile","C:\Users\1\Desktop\Winhttp.dll","NAME NOT FOUND","Desired Access: Read Attributes, Disposition: Open, Options: Open Reparse Point, Attributes: n/a, ShareMode: Read, Write, Delete, AllocationSize: n/a"
"10:34:28.3472123","雷小伊脱机日常 Beta 1.6.24.exe","1496","CreateFile","C:\Users\1\Desktop\Winhttp.dll","NAME NOT FOUND","Desired Access: Read Attributes, Disposition: Open, Options: Open Reparse Point, Attributes: n/a, ShareMode: Read, Write, Delete, AllocationSize: n/a"
"10:34:28.3473361","雷小伊脱机日常 Beta 1.6.24.exe","1496","CreateFile","C:\Users\1\Desktop\Winhttp.dll","NAME NOT FOUND","Desired Access: Read Attributes, Disposition: Open, Options: Open Reparse Point, Attributes: n/a, ShareMode: Read, Write, Delete, AllocationSize: n/a"
"10:34:28.3474193","雷小伊脱机日常 Beta 1.6.24.exe","1496","CreateFile","C:\Users\1\Desktop\Winhttp.dll","NAME NOT FOUND","Desired Access: Read Attributes, Disposition: Open, Options: Open Reparse Point, Attributes: n/a, ShareMode: Read, Write, Delete, AllocationSize: n/a"
"10:34:28.3475158","雷小伊脱机日常 Beta 1.6.24.exe","1496","CreateFile","C:\Users\1\Desktop\Winhttp.dll","NAME NOT FOUND","Desired Access: Read Attributes, Disposition: Open, Options: Open Reparse Point, Attributes: n/a, ShareMode: Read, Write, Delete, AllocationSize: n/a"
"10:34:28.3475835","雷小伊脱机日常 Beta 1.6.24.exe","1496","CreateFile","C:\Users\1\Desktop\Winhttp.dll","NAME NOT FOUND","Desired Access: Read Attributes, Disposition: Open, Options: Open Reparse Point, Attributes: n/a, ShareMode: Read, Write, Delete, AllocationSize: n/a"
"10:34:28.3476677","雷小伊脱机日常 Beta 1.6.24.exe","1496","CreateFile","C:\Users\1\Desktop\Winhttp.dll","NAME NOT FOUND","Desired Access: Read Attributes, Disposition: Open, Options: Open Reparse Point, Attributes: n/a, ShareMode: Read, Write, Delete, AllocationSize: n/a"
"10:34:28.3477360","雷小伊脱机日常 Beta 1.6.24.exe","1496","CreateFile","C:\Users\1\Desktop\Winhttp.dll","NAME NOT FOUND","Desired Access: Read Attributes, Disposition: Open, Options: Open Reparse Point, Attributes: n/a, ShareMode: Read, Write, Delete, AllocationSize: n/a"
"10:34:28.3478829","雷小伊脱机日常 Beta 1.6.24.exe","1496","RegQueryKey","HKCR","SUCCESS","Query: HandleTags, HandleTags: 0x1"
"10:34:28.3478903","雷小伊脱机日常 Beta 1.6.24.exe","1496","RegQueryKey","HKCR","SUCCESS","Query: Name"
"10:34:28.3479042","雷小伊脱机日常 Beta 1.6.24.exe","1496","RegOpenKey","HKCR\VBScript.RegExp","SUCCESS","Desired Access: Read"
"10:34:28.3479244","雷小伊脱机日常 Beta 1.6.24.exe","1496","RegSetInfoKey","HKCR\VBScript.RegExp","SUCCESS","KeySetInformationClass: KeySetHandleTagsInformation, Length: 0"
"10:34:28.3479322","雷小伊脱机日常 Beta 1.6.24.exe","1496","RegQueryKey","HKCR\VBScript.RegExp","SUCCESS","Query: HandleTags, HandleTags: 0x401"
"10:34:28.3479373","雷小伊脱机日常 Beta 1.6.24.exe","1496","RegOpenKey","HKCR\VBScript.RegExp\CLSID","SUCCESS","Desired Access: Read"
"10:34:28.3479655","雷小伊脱机日常 Beta 1.6.24.exe","1496","RegQueryValue","HKCR\VBScript.RegExp\CLSID\(Default)","SUCCESS","Type: REG_SZ, Length: 78, Data: {3F4DACA4-160D-11D2-A8E9-00104B365C9F}"
"10:34:28.3479739","雷小伊脱机日常 Beta 1.6.24.exe","1496","RegCloseKey","HKCR\VBScript.RegExp\CLSID","SUCCESS",""
"10:34:28.3479936","雷小伊脱机日常 Beta 1.6.24.exe","1496","RegCloseKey","HKCR\VBScript.RegExp","SUCCESS",""
"10:34:28.3481049","雷小伊脱机日常 Beta 1.6.24.exe","1496","RegQueryKey","HKCR\PackagedCom","SUCCESS","Query: HandleTags, HandleTags: 0x100"
"10:34:28.3481134","雷小伊脱机日常 Beta 1.6.24.exe","1496","RegOpenKey","HKCR\PackagedCom\ProgIdIndex","NAME NOT FOUND","Desired Access: Read"
"10:34:28.3481272","雷小伊脱机日常 Beta 1.6.24.exe","1496","RegQueryKey","HKCR","SUCCESS","Query: HandleTags, HandleTags: 0x1"
"10:34:28.3481315","雷小伊脱机日常 Beta 1.6.24.exe","1496","RegQueryKey","HKCR","SUCCESS","Query: Name"
"10:34:28.3481399","雷小伊脱机日常 Beta 1.6.24.exe","1496","RegOpenKey","HKCR\VBScript.RegExp","SUCCESS","Desired Access: Read"
"10:34:28.3481475","雷小伊脱机日常 Beta 1.6.24.exe","1496","RegSetInfoKey","HKCR\VBScript.RegExp","SUCCESS","KeySetInformationClass: KeySetHandleTagsInformation, Length: 0"
"10:34:28.3481538","雷小伊脱机日常 Beta 1.6.24.exe","1496","RegQueryKey","HKCR\VBScript.RegExp","SUCCESS","Query: HandleTags, HandleTags: 0x401"
"10:34:28.3481581","雷小伊脱机日常 Beta 1.6.24.exe","1496","RegOpenKey","HKCR\VBScript.RegExp\CLSID","SUCCESS","Desired Access: Read"
"10:34:28.3481670","雷小伊脱机日常 Beta 1.6.24.exe","1496","RegQueryValue","HKCR\VBScript.RegExp\CLSID\(Default)","SUCCESS","Type: REG_SZ, Length: 78, Data: {3F4DACA4-160D-11D2-A8E9-00104B365C9F}"
"10:34:28.3481746","雷小伊脱机日常 Beta 1.6.24.exe","1496","RegCloseKey","HKCR\VBScript.RegExp\CLSID","SUCCESS",""
"10:34:28.3481792","雷小伊脱机日常 Beta 1.6.24.exe","1496","RegCloseKey","HKCR\VBScript.RegExp","SUCCESS",""
"10:34:28.3482014","雷小伊脱机日常 Beta 1.6.24.exe","1496","RegQueryKey","HKCR","SUCCESS","Query: HandleTags, HandleTags: 0x1"
"10:34:28.3482055","雷小伊脱机日常 Beta 1.6.24.exe","1496","RegQueryKey","HKCR","SUCCESS","Query: Name"
"10:34:28.3482150","雷小伊脱机日常 Beta 1.6.24.exe","1496","RegOpenKey","HKCR\WOW6432Node\CLSID\{3F4DACA4-160D-11D2-A8E9-00104B365C9F}","SUCCESS","Desired Access: Read"
"10:34:28.3482340","雷小伊脱机日常 Beta 1.6.24.exe","1496","RegSetInfoKey","HKCR\WOW6432Node\CLSID\{3F4DACA4-160D-11D2-A8E9-00104B365C9F}","SUCCESS","KeySetInformationClass: KeySetHandleTagsInformation, Length: 0"
"10:34:28.3482400","雷小伊脱机日常 Beta 1.6.24.exe","1496","RegQueryKey","HKCR\WOW6432Node\CLSID\{3F4DACA4-160D-11D2-A8E9-00104B365C9F}","SUCCESS","Query: HandleTags, HandleTags: 0x401"
"10:34:28.3482441","雷小伊脱机日常 Beta 1.6.24.exe","1496","RegOpenKey","HKCR\WOW6432Node\CLSID\{3F4DACA4-160D-11D2-A8E9-00104B365C9F}\TreatAs","NAME NOT FOUND","Desired Access: Query Value"
"10:34:28.3482502","雷小伊脱机日常 Beta 1.6.24.exe","1496","RegQueryKey","HKCR\WOW6432Node\CLSID\{3F4DACA4-160D-11D2-A8E9-00104B365C9F}","SUCCESS","Query: Name"
"10:34:28.3482604","雷小伊脱机日常 Beta 1.6.24.exe","1496","RegQueryValue","HKCR\WOW6432Node\CLSID\{3F4DACA4-160D-11D2-A8E9-00104B365C9F}\ActivateOnHostFlags","NAME NOT FOUND","Length: 16"
"10:34:28.3482655","雷小伊脱机日常 Beta 1.6.24.exe","1496","RegQueryValue","HKCR\WOW6432Node\CLSID\{3F4DACA4-160D-11D2-A8E9-00104B365C9F}\(Default)","BUFFER OVERFLOW","Length: 12"
"10:34:28.3482703","雷小伊脱机日常 Beta 1.6.24.exe","1496","RegQueryValue","HKCR\WOW6432Node\CLSID\{3F4DACA4-160D-11D2-A8E9-00104B365C9F}\(Default)","SUCCESS","Type: REG_SZ, Length: 56, Data: VBScript Regular Expression"
"10:34:28.3482794","雷小伊脱机日常 Beta 1.6.24.exe","1496","RegQueryKey","HKCR\WOW6432Node\CLSID\{3F4DACA4-160D-11D2-A8E9-00104B365C9F}","SUCCESS","Query: HandleTags, HandleTags: 0x401"
"10:34:28.3482840","雷小伊脱机日常 Beta 1.6.24.exe","1496","RegOpenKey","HKCR\WOW6432Node\CLSID\{3F4DACA4-160D-11D2-A8E9-00104B365C9F}\InprocServer32","SUCCESS","Desired Access: Read"
"10:34:28.3483040","雷小伊脱机日常 Beta 1.6.24.exe","1496","RegQueryValue","HKCR\WOW6432Node\CLSID\{3F4DACA4-160D-11D2-A8E9-00104B365C9F}\InprocServer32\InprocServer32","NAME NOT FOUND","Length: 12"
"10:34:28.3483094","雷小伊脱机日常 Beta 1.6.24.exe","1496","RegQueryValue","HKCR\WOW6432Node\CLSID\{3F4DACA4-160D-11D2-A8E9-00104B365C9F}\InprocServer32\(Default)","BUFFER OVERFLOW","Length: 12"
"10:34:28.3483143","雷小伊脱机日常 Beta 1.6.24.exe","1496","RegQueryValue","HKCR\WOW6432Node\CLSID\{3F4DACA4-160D-11D2-A8E9-00104B365C9F}\InprocServer32\(Default)","SUCCESS","Type: REG_SZ, Length: 66, Data: C:\Windows\SysWOW64\vbscript.dll"
"10:34:28.3483197","雷小伊脱机日常 Beta 1.6.24.exe","1496","RegQueryValue","HKCR\WOW6432Node\CLSID\{3F4DACA4-160D-11D2-A8E9-00104B365C9F}\InprocServer32\ThreadingModel","SUCCESS","Type: REG_SZ, Length: 20, Data: Apartment"
"10:34:28.3483264","雷小伊脱机日常 Beta 1.6.24.exe","1496","RegCloseKey","HKCR\WOW6432Node\CLSID\{3F4DACA4-160D-11D2-A8E9-00104B365C9F}\InprocServer32","SUCCESS",""
"10:34:28.3483453","雷小伊脱机日常 Beta 1.6.24.exe","1496","RegQueryKey","HKCR\WOW6432Node\CLSID\{3F4DACA4-160D-11D2-A8E9-00104B365C9F}","SUCCESS","Query: HandleTags, HandleTags: 0x401"
"10:34:28.3483505","雷小伊脱机日常 Beta 1.6.24.exe","1496","RegOpenKey","HKCR\WOW6432Node\CLSID\{3F4DACA4-160D-11D2-A8E9-00104B365C9F}\InprocHandler32","NAME NOT FOUND","Desired Access: Query Value"
"10:34:28.3483587","雷小伊脱机日常 Beta 1.6.24.exe","1496","RegQueryKey","HKCR\WOW6432Node\CLSID\{3F4DACA4-160D-11D2-A8E9-00104B365C9F}","SUCCESS","Query: HandleTags, HandleTags: 0x401"
"10:34:28.3483636","雷小伊脱机日常 Beta 1.6.24.exe","1496","RegOpenKey","HKCR\WOW6432Node\CLSID\{3F4DACA4-160D-11D2-A8E9-00104B365C9F}\InprocHandler","NAME NOT FOUND","Desired Access: Query Value"
"10:34:28.3483796","雷小伊脱机日常 Beta 1.6.24.exe","1496","RegCloseKey","HKCR\WOW6432Node\CLSID\{3F4DACA4-160D-11D2-A8E9-00104B365C9F}","SUCCESS",""
"10:34:28.3484326","雷小伊脱机日常 Beta 1.6.24.exe","1496","RegQueryKey","HKCR","SUCCESS","Query: HandleTags, HandleTags: 0x1"
"10:34:28.3484365","雷小伊脱机日常 Beta 1.6.24.exe","1496","RegQueryKey","HKCR","SUCCESS","Query: Name"
"10:34:28.3484446","雷小伊脱机日常 Beta 1.6.24.exe","1496","RegOpenKey","HKCR\WOW6432Node\CLSID\{3F4DACA4-160D-11D2-A8E9-00104B365C9F}","SUCCESS","Desired Access: Read"
"10:34:28.3484515","雷小伊脱机日常 Beta 1.6.24.exe","1496","RegSetInfoKey","HKCR\WOW6432Node\CLSID\{3F4DACA4-160D-11D2-A8E9-00104B365C9F}","SUCCESS","KeySetInformationClass: KeySetHandleTagsInformation, Length: 0"
"10:34:28.3484570","雷小伊脱机日常 Beta 1.6.24.exe","1496","RegQueryKey","HKCR\WOW6432Node\CLSID\{3F4DACA4-160D-11D2-A8E9-00104B365C9F}","SUCCESS","Query: HandleTags, HandleTags: 0x401"
"10:34:28.3484609","雷小伊脱机日常 Beta 1.6.24.exe","1496","RegOpenKey","HKCR\WOW6432Node\CLSID\{3F4DACA4-160D-11D2-A8E9-00104B365C9F}\TreatAs","NAME NOT FOUND","Desired Access: Query Value"
"10:34:28.3484657","雷小伊脱机日常 Beta 1.6.24.exe","1496","RegQueryKey","HKCR\WOW6432Node\CLSID\{3F4DACA4-160D-11D2-A8E9-00104B365C9F}","SUCCESS","Query: Name"
"10:34:28.3484721","雷小伊脱机日常 Beta 1.6.24.exe","1496","RegQueryValue","HKCR\WOW6432Node\CLSID\{3F4DACA4-160D-11D2-A8E9-00104B365C9F}\ActivateOnHostFlags","NAME NOT FOUND","Length: 16"
"10:34:28.3484772","雷小伊脱机日常 Beta 1.6.24.exe","1496","RegQueryValue","HKCR\WOW6432Node\CLSID\{3F4DACA4-160D-11D2-A8E9-00104B365C9F}\(Default)","BUFFER OVERFLOW","Length: 12"
"10:34:28.3484818","雷小伊脱机日常 Beta 1.6.24.exe","1496","RegQueryValue","HKCR\WOW6432Node\CLSID\{3F4DACA4-160D-11D2-A8E9-00104B365C9F}\(Default)","SUCCESS","Type: REG_SZ, Length: 56, Data: VBScript Regular Expression"
"10:34:28.3484888","雷小伊脱机日常 Beta 1.6.24.exe","1496","RegQueryKey","HKCR\WOW6432Node\CLSID\{3F4DACA4-160D-11D2-A8E9-00104B365C9F}","SUCCESS","Query: HandleTags, HandleTags: 0x401"
"10:34:28.3484927","雷小伊脱机日常 Beta 1.6.24.exe","1496","RegOpenKey","HKCR\WOW6432Node\CLSID\{3F4DACA4-160D-11D2-A8E9-00104B365C9F}\InprocServer32","SUCCESS","Desired Access: Read"
"10:34:28.3484992","雷小伊脱机日常 Beta 1.6.24.exe","1496","RegQueryValue","HKCR\WOW6432Node\CLSID\{3F4DACA4-160D-11D2-A8E9-00104B365C9F}\InprocServer32\InprocServer32","NAME NOT FOUND","Length: 12"
"10:34:28.3485035","雷小伊脱机日常 Beta 1.6.24.exe","1496","RegQueryValue","HKCR\WOW6432Node\CLSID\{3F4DACA4-160D-11D2-A8E9-00104B365C9F}\InprocServer32\(Default)","BUFFER OVERFLOW","Length: 12"
"10:34:28.3485078","雷小伊脱机日常 Beta 1.6.24.exe","1496","RegQueryValue","HKCR\WOW6432Node\CLSID\{3F4DACA4-160D-11D2-A8E9-00104B365C9F}\InprocServer32\(Default)","SUCCESS","Type: REG_SZ, Length: 66, Data: C:\Windows\SysWOW64\vbscript.dll"
"10:34:28.3485125","雷小伊脱机日常 Beta 1.6.24.exe","1496","RegQueryValue","HKCR\WOW6432Node\CLSID\{3F4DACA4-160D-11D2-A8E9-00104B365C9F}\InprocServer32\ThreadingModel","SUCCESS","Type: REG_SZ, Length: 20, Data: Apartment"
"10:34:28.3485199","雷小伊脱机日常 Beta 1.6.24.exe","1496","RegCloseKey","HKCR\WOW6432Node\CLSID\{3F4DACA4-160D-11D2-A8E9-00104B365C9F}\InprocServer32","SUCCESS",""
"10:34:28.3485262","雷小伊脱机日常 Beta 1.6.24.exe","1496","RegQueryKey","HKCR\WOW6432Node\CLSID\{3F4DACA4-160D-11D2-A8E9-00104B365C9F}","SUCCESS","Query: HandleTags, HandleTags: 0x401"
"10:34:28.3485299","雷小伊脱机日常 Beta 1.6.24.exe","1496","RegOpenKey","HKCR\WOW6432Node\CLSID\{3F4DACA4-160D-11D2-A8E9-00104B365C9F}\InprocHandler32","NAME NOT FOUND","Desired Access: Query Value"
"10:34:28.3485362","雷小伊脱机日常 Beta 1.6.24.exe","1496","RegQueryKey","HKCR\WOW6432Node\CLSID\{3F4DACA4-160D-11D2-A8E9-00104B365C9F}","SUCCESS","Query: HandleTags, HandleTags: 0x401"
"10:34:28.3485399","雷小伊脱机日常 Beta 1.6.24.exe","1496","RegOpenKey","HKCR\WOW6432Node\CLSID\{3F4DACA4-160D-11D2-A8E9-00104B365C9F}\InprocHandler","NAME NOT FOUND","Desired Access: Query Value"
"10:34:28.3485465","雷小伊脱机日常 Beta 1.6.24.exe","1496","RegQueryKey","HKCR\WOW6432Node\CLSID\{3F4DACA4-160D-11D2-A8E9-00104B365C9F}","SUCCESS","Query: HandleTags, HandleTags: 0x401"
"10:34:28.3485501","雷小伊脱机日常 Beta 1.6.24.exe","1496","RegOpenKey","HKCR\WOW6432Node\CLSID\{3F4DACA4-160D-11D2-A8E9-00104B365C9F}\LocalServer32","NAME NOT FOUND","Desired Access: Read"
"10:34:28.3485551","雷小伊脱机日常 Beta 1.6.24.exe","1496","RegQueryValue","HKCR\WOW6432Node\CLSID\{3F4DACA4-160D-11D2-A8E9-00104B365C9F}\AppID","NAME NOT FOUND","Length: 112"
"10:34:28.3485613","雷小伊脱机日常 Beta 1.6.24.exe","1496","RegQueryKey","HKCR\WOW6432Node\CLSID\{3F4DACA4-160D-11D2-A8E9-00104B365C9F}","SUCCESS","Query: HandleTags, HandleTags: 0x401"
"10:34:28.3485651","雷小伊脱机日常 Beta 1.6.24.exe","1496","RegOpenKey","HKCR\WOW6432Node\CLSID\{3F4DACA4-160D-11D2-A8E9-00104B365C9F}\LocalServer","NAME NOT FOUND","Desired Access: Query Value"
"10:34:28.3485732","雷小伊脱机日常 Beta 1.6.24.exe","1496","RegQueryKey","HKCR","SUCCESS","Query: HandleTags, HandleTags: 0x1"
"10:34:28.3485872","雷小伊脱机日常 Beta 1.6.24.exe","1496","RegQueryKey","HKCR","SUCCESS","Query: Name"
"10:34:28.3485963","雷小伊脱机日常 Beta 1.6.24.exe","1496","RegOpenKey","HKCR\WOW6432Node\CLSID\{3F4DACA4-160D-11D2-A8E9-00104B365C9F}","SUCCESS","Desired Access: Read"
"10:34:28.3486025","雷小伊脱机日常 Beta 1.6.24.exe","1496","RegSetInfoKey","HKCR\WOW6432Node\CLSID\{3F4DACA4-160D-11D2-A8E9-00104B365C9F}","SUCCESS","KeySetInformationClass: KeySetHandleTagsInformation, Length: 0"
"10:34:28.3486082","雷小伊脱机日常 Beta 1.6.24.exe","1496","RegQueryKey","HKCR\WOW6432Node\CLSID\{3F4DACA4-160D-11D2-A8E9-00104B365C9F}","SUCCESS","Query: HandleTags, HandleTags: 0x401"
"10:34:28.3486124","雷小伊脱机日常 Beta 1.6.24.exe","1496","RegOpenKey","HKCR\WOW6432Node\CLSID\{3F4DACA4-160D-11D2-A8E9-00104B365C9F}\Elevation","NAME NOT FOUND","Desired Access: Read"
"10:34:28.3486191","雷小伊脱机日常 Beta 1.6.24.exe","1496","RegCloseKey","HKCR\WOW6432Node\CLSID\{3F4DACA4-160D-11D2-A8E9-00104B365C9F}","SUCCESS",""
"10:34:28.3486239","雷小伊脱机日常 Beta 1.6.24.exe","1496","RegCloseKey","HKCR\WOW6432Node\CLSID\{3F4DACA4-160D-11D2-A8E9-00104B365C9F}","SUCCESS",""
"10:34:28.3486314","雷小伊脱机日常 Beta 1.6.24.exe","1496","RegQueryKey","HKCR","SUCCESS","Query: HandleTags, HandleTags: 0x1"
"10:34:28.3486352","雷小伊脱机日常 Beta 1.6.24.exe","1496","RegQueryKey","HKCR","SUCCESS","Query: Name"
"10:34:28.3486436","雷小伊脱机日常 Beta 1.6.24.exe","1496","RegOpenKey","HKCR\WOW6432Node\CLSID\{3F4DACA4-160D-11D2-A8E9-00104B365C9F}","SUCCESS","Desired Access: Read"
"10:34:28.3486586","雷小伊脱机日常 Beta 1.6.24.exe","1496","RegSetInfoKey","HKCR\WOW6432Node\CLSID\{3F4DACA4-160D-11D2-A8E9-00104B365C9F}","SUCCESS","KeySetInformationClass: KeySetHandleTagsInformation, Length: 0"
"10:34:28.3486646","雷小伊脱机日常 Beta 1.6.24.exe","1496","RegQueryKey","HKCR\WOW6432Node\CLSID\{3F4DACA4-160D-11D2-A8E9-00104B365C9F}","SUCCESS","Query: HandleTags, HandleTags: 0x401"
"10:34:28.3486700","雷小伊脱机日常 Beta 1.6.24.exe","1496","RegOpenKey","HKCR\WOW6432Node\CLSID\{3F4DACA4-160D-11D2-A8E9-00104B365C9F}\TreatAs","NAME NOT FOUND","Desired Access: Read"
"10:34:28.3486752","雷小伊脱机日常 Beta 1.6.24.exe","1496","RegCloseKey","HKCR\WOW6432Node\CLSID\{3F4DACA4-160D-11D2-A8E9-00104B365C9F}","SUCCESS",""
"10:34:28.3487815","雷小伊脱机日常 Beta 1.6.24.exe","1496","CreateFile","C:\Windows\SysWOW64\vbscript.dll","SUCCESS","Desired Access: Read Attributes, Disposition: Open, Options: Open Reparse Point, Attributes: n/a, ShareMode: Read, Write, Delete, AllocationSize: n/a, OpenResult: Opened"
"10:34:28.3488220","雷小伊脱机日常 Beta 1.6.24.exe","1496","QueryBasicInformationFile","C:\Windows\SysWOW64\vbscript.dll","SUCCESS","CreationTime: 2023/12/4 10:46:15, LastAccessTime: 2025/12/23 14:53:34, LastWriteTime: 2023/12/4 10:46:15, ChangeTime: 2025/12/23 11:48:11, FileAttributes: A"
"10:34:28.3488273","雷小伊脱机日常 Beta 1.6.24.exe","1496","CloseFile","C:\Windows\SysWOW64\vbscript.dll","SUCCESS",""
"10:34:28.3488764","雷小伊脱机日常 Beta 1.6.24.exe","1496","CreateFile","C:\Windows\SysWOW64\vbscript.dll","SUCCESS","Desired Access: Read Data/List Directory, Execute/Traverse, Synchronize, Disposition: Open, Options: Synchronous IO Non-Alert, Non-Directory File, Attributes: n/a, ShareMode: Read, Delete, AllocationSize: n/a, OpenResult: Opened"
"10:34:28.3489050","雷小伊脱机日常 Beta 1.6.24.exe","1496","CreateFileMapping","C:\Windows\SysWOW64\vbscript.dll","FILE LOCKED WITH ONLY READERS","SyncType: SyncTypeCreateSection, PageProtection: PAGE_EXECUTE_READWRITE|PAGE_NOCACHE"
"10:34:28.3489124","雷小伊脱机日常 Beta 1.6.24.exe","1496","QueryStandardInformationFile","C:\Windows\SysWOW64\vbscript.dll","SUCCESS","AllocationSize: 536,576, EndOfFile: 535,040, NumberOfLinks: 2, DeletePending: False, Directory: False"
"10:34:28.3489217","雷小伊脱机日常 Beta 1.6.24.exe","1496","ReadFile","C:\Windows\SysWOW64\vbscript.dll","SUCCESS","Offset: 0, Length: 4,096, I/O Flags: Non-cached, Paging I/O, Synchronous Paging I/O, Priority: Normal"
"10:34:28.3531506","雷小伊脱机日常 Beta 1.6.24.exe","1496","ReadFile","C:\Windows\SysWOW64\vbscript.dll","SUCCESS","Offset: 25,600, Length: 32,768, I/O Flags: Non-cached, Paging I/O, Synchronous Paging I/O, Priority: Normal"
"10:34:28.3538207","雷小伊脱机日常 Beta 1.6.24.exe","1496","ReadFile","C:\Windows\SysWOW64\vbscript.dll","SUCCESS","Offset: 1,024, Length: 24,576, I/O Flags: Non-cached, Paging I/O, Synchronous Paging I/O, Priority: Normal"
"10:34:28.3543311","雷小伊脱机日常 Beta 1.6.24.exe","1496","ReadFile","C:\Windows\SysWOW64\vbscript.dll","SUCCESS","Offset: 515,072, Length: 16,384, I/O Flags: Non-cached, Paging I/O, Synchronous Paging I/O, Priority: Normal"
"10:34:28.3548300","雷小伊脱机日常 Beta 1.6.24.exe","1496","ReadFile","C:\Windows\SysWOW64\vbscript.dll","SUCCESS","Offset: 531,456, Length: 3,584, I/O Flags: Non-cached, Paging I/O, Synchronous Paging I/O, Priority: Normal"
"10:34:28.3551951","雷小伊脱机日常 Beta 1.6.24.exe","1496","CreateFileMapping","C:\Windows\SysWOW64\vbscript.dll","SUCCESS","SyncType: SyncTypeOther"
"10:34:28.3553576","雷小伊脱机日常 Beta 1.6.24.exe","1496","Load Image","C:\Windows\SysWOW64\vbscript.dll","SUCCESS","Image Base: 0x6f160000, Image Size: 0x86000"
"10:34:28.3553823","雷小伊脱机日常 Beta 1.6.24.exe","1496","ReadFile","C:\Windows\SysWOW64\vbscript.dll","SUCCESS","Offset: 427,008, Length: 31,744, I/O Flags: Non-cached, Paging I/O, Synchronous Paging I/O, Priority: Normal"
"10:34:28.3557897","雷小伊脱机日常 Beta 1.6.24.exe","1496","ReadFile","C:\Windows\SysWOW64\vbscript.dll","SUCCESS","Offset: 458,752, Length: 14,848, I/O Flags: Non-cached, Paging I/O, Synchronous Paging I/O, Priority: Normal"
"10:34:28.3561978","雷小伊脱机日常 Beta 1.6.24.exe","1496","ReadFile","C:\Windows\SysWOW64\vbscript.dll","SUCCESS","Offset: 479,232, Length: 512, I/O Flags: Non-cached, Paging I/O, Synchronous Paging I/O, Priority: Normal"
"10:34:28.3573393","雷小伊脱机日常 Beta 1.6.24.exe","1496","ReadFile","C:\Windows\SysWOW64\vbscript.dll","SUCCESS","Offset: 479,744, Length: 16,384, I/O Flags: Non-cached, Paging I/O, Synchronous Paging I/O, Priority: Normal"
"10:34:28.3577531","雷小伊脱机日常 Beta 1.6.24.exe","1496","ReadFile","C:\Windows\SysWOW64\vbscript.dll","SUCCESS","Offset: 473,600, Length: 5,632, I/O Flags: Non-cached, Paging I/O, Synchronous Paging I/O, Priority: Normal"
"10:34:28.3583902","雷小伊脱机日常 Beta 1.6.24.exe","1496","CloseFile","C:\Windows\SysWOW64\vbscript.dll","SUCCESS",""
"10:34:28.3585665","雷小伊脱机日常 Beta 1.6.24.exe","1496","CreateFile","C:\Windows\SysWOW64\vbscript.dll","SUCCESS","Desired Access: Read Control, Disposition: Open, Options: , Attributes: n/a, ShareMode: Read, Delete, AllocationSize: n/a, OpenResult: Opened"
"10:34:28.3585887","雷小伊脱机日常 Beta 1.6.24.exe","1496","QuerySecurityFile","C:\Windows\SysWOW64\vbscript.dll","BUFFER OVERFLOW","Information: Owner"
"10:34:28.3585952","雷小伊脱机日常 Beta 1.6.24.exe","1496","QuerySecurityFile","C:\Windows\SysWOW64\vbscript.dll","SUCCESS","Information: Owner"
"10:34:28.3586076","雷小伊脱机日常 Beta 1.6.24.exe","1496","CloseFile","C:\Windows\SysWOW64\vbscript.dll","SUCCESS",""
"10:34:28.3586819","雷小伊脱机日常 Beta 1.6.24.exe","1496","ReadFile","C:\Windows\SysWOW64\vbscript.dll","SUCCESS","Offset: 214,016, Length: 32,768, I/O Flags: Non-cached, Paging I/O, Synchronous Paging I/O, Priority: Normal"
"10:34:28.3590410","雷小伊脱机日常 Beta 1.6.24.exe","1496","ReadFile","C:\Windows\SysWOW64\vbscript.dll","SUCCESS","Offset: 181,248, Length: 32,768, I/O Flags: Non-cached, Paging I/O, Synchronous Paging I/O, Priority: Normal"
"10:34:28.3594549","雷小伊脱机日常 Beta 1.6.24.exe","1496","ReadFile","C:\Windows\SysWOW64\vbscript.dll","SUCCESS","Offset: 304,128, Length: 32,768, I/O Flags: Non-cached, Paging I/O, Synchronous Paging I/O, Priority: Normal"
"10:34:28.3600739","雷小伊脱机日常 Beta 1.6.24.exe","1496","ReadFile","C:\Windows\SysWOW64\vbscript.dll","SUCCESS","Offset: 107,520, Length: 32,768, I/O Flags: Non-cached, Paging I/O, Synchronous Paging I/O, Priority: Normal"
"10:34:28.3604712","雷小伊脱机日常 Beta 1.6.24.exe","1496","RegQueryKey","HKCR","SUCCESS","Query: HandleTags, HandleTags: 0x1"
"10:34:28.3604779","雷小伊脱机日常 Beta 1.6.24.exe","1496","RegQueryKey","HKCR","SUCCESS","Query: Name"
"10:34:28.3604937","雷小伊脱机日常 Beta 1.6.24.exe","1496","RegOpenKey","HKCR\WOW6432Node\CLSID\{00000346-0000-0000-C000-000000000046}","NAME NOT FOUND","Desired Access: Read"
"10:34:28.3605176","雷小伊脱机日常 Beta 1.6.24.exe","1496","RegQueryKey","HKCR","SUCCESS","Query: HandleTags, HandleTags: 0x1"
"10:34:28.3605226","雷小伊脱机日常 Beta 1.6.24.exe","1496","RegOpenKey","HKCR\CLSID\{00000346-0000-0000-C000-000000000046}","NAME NOT FOUND","Desired Access: Read"
"10:34:28.3605650","雷小伊脱机日常 Beta 1.6.24.exe","1496","RegQueryKey","HKCR\PackagedCom","SUCCESS","Query: HandleTags, HandleTags: 0x100"
"10:34:28.3605827","雷小伊脱机日常 Beta 1.6.24.exe","1496","RegOpenKey","HKCR\PackagedCom\TreatAsClassIndex","NAME NOT FOUND","Desired Access: Read"
"10:34:28.3605957","雷小伊脱机日常 Beta 1.6.24.exe","1496","RegQueryKey","HKCR\PackagedCom","SUCCESS","Query: HandleTags, HandleTags: 0x100"
"10:34:28.3605999","雷小伊脱机日常 Beta 1.6.24.exe","1496","RegOpenKey","HKCR\PackagedCom\ClassIndex","SUCCESS","Desired Access: Read"
"10:34:28.3606210","雷小伊脱机日常 Beta 1.6.24.exe","1496","RegQueryKey","HKCR\PackagedCom\ClassIndex","SUCCESS","Query: HandleTags, HandleTags: 0x100"
"10:34:28.3606252","雷小伊脱机日常 Beta 1.6.24.exe","1496","RegOpenKey","HKCR\PackagedCom\ClassIndex\{00000346-0000-0000-C000-000000000046}","NAME NOT FOUND","Desired Access: Read"
"10:34:28.3608975","雷小伊脱机日常 Beta 1.6.24.exe","1496","RegQueryKey","HKCR\PackagedCom","SUCCESS","Query: HandleTags, HandleTags: 0x100"
"10:34:28.3609042","雷小伊脱机日常 Beta 1.6.24.exe","1496","RegOpenKey","HKCR\PackagedCom\TypeLibIndex","NAME NOT FOUND","Desired Access: Read"
"10:34:28.3609379","雷小伊脱机日常 Beta 1.6.24.exe","1496","RegQueryKey","HKCR","SUCCESS","Query: HandleTags, HandleTags: 0x1"
"10:34:28.3609428","雷小伊脱机日常 Beta 1.6.24.exe","1496","RegQueryKey","HKCR","SUCCESS","Query: Name"
"10:34:28.3609531","雷小伊脱机日常 Beta 1.6.24.exe","1496","RegOpenKey","HKCR\WOW6432Node\CLSID\{0000034B-0000-0000-C000-000000000046}","NAME NOT FOUND","Desired Access: Read"
"10:34:28.3609687","雷小伊脱机日常 Beta 1.6.24.exe","1496","RegQueryKey","HKCR","SUCCESS","Query: HandleTags, HandleTags: 0x1"
"10:34:28.3609728","雷小伊脱机日常 Beta 1.6.24.exe","1496","RegOpenKey","HKCR\CLSID\{0000034B-0000-0000-C000-000000000046}","NAME NOT FOUND","Desired Access: Read"
"10:34:28.3609909","雷小伊脱机日常 Beta 1.6.24.exe","1496","RegQueryKey","HKCR\PackagedCom","SUCCESS","Query: HandleTags, HandleTags: 0x100"
"10:34:28.3609951","雷小伊脱机日常 Beta 1.6.24.exe","1496","RegOpenKey","HKCR\PackagedCom\TreatAsClassIndex","NAME NOT FOUND","Desired Access: Read"
"10:34:28.3610060","雷小伊脱机日常 Beta 1.6.24.exe","1496","RegQueryKey","HKCR\PackagedCom\ClassIndex","SUCCESS","Query: HandleTags, HandleTags: 0x100"
"10:34:28.3610118","雷小伊脱机日常 Beta 1.6.24.exe","1496","RegOpenKey","HKCR\PackagedCom\ClassIndex\{0000034B-0000-0000-C000-000000000046}","NAME NOT FOUND","Desired Access: Read"
"10:34:28.3610271","雷小伊脱机日常 Beta 1.6.24.exe","1496","RegQueryKey","HKLM","SUCCESS","Query: HandleTags, HandleTags: 0x0"
"10:34:28.3610308","雷小伊脱机日常 Beta 1.6.24.exe","1496","RegQueryKey","HKLM","SUCCESS","Query: Name"
"10:34:28.3610376","雷小伊脱机日常 Beta 1.6.24.exe","1496","RegOpenKey","HKCR","SUCCESS","Desired Access: Maximum Allowed, Granted Access: All Access"
"10:34:28.3610465","雷小伊脱机日常 Beta 1.6.24.exe","1496","RegSetInfoKey","HKCR","SUCCESS","KeySetInformationClass: KeySetHandleTagsInformation, Length: 0"
"10:34:28.3610534","雷小伊脱机日常 Beta 1.6.24.exe","1496","RegQueryKey","HKCR","SUCCESS","Query: HandleTags, HandleTags: 0x1"
"10:34:28.3610590","雷小伊脱机日常 Beta 1.6.24.exe","1496","RegQueryKey","HKCR","SUCCESS","Query: Name"
"10:34:28.3610657","雷小伊脱机日常 Beta 1.6.24.exe","1496","RegOpenKey","HKCR\TypeLib","SUCCESS","Desired Access: Maximum Allowed, Granted Access: All Access"
"10:34:28.3610729","雷小伊脱机日常 Beta 1.6.24.exe","1496","RegSetInfoKey","HKCR\TypeLib","SUCCESS","KeySetInformationClass: KeySetHandleTagsInformation, Length: 0"
"10:34:28.3610791","雷小伊脱机日常 Beta 1.6.24.exe","1496","RegCloseKey","HKCR","SUCCESS",""
"10:34:28.3610855","雷小伊脱机日常 Beta 1.6.24.exe","1496","RegQueryKey","HKCR\TypeLib","SUCCESS","Query: HandleTags, HandleTags: 0x401"
"10:34:28.3610897","雷小伊脱机日常 Beta 1.6.24.exe","1496","RegOpenKey","HKCR\TypeLib\{3F4DACA7-160D-11D2-A8E9-00104B365C9F}","SUCCESS","Desired Access: Maximum Allowed, Granted Access: Read"
"10:34:28.3611032","雷小伊脱机日常 Beta 1.6.24.exe","1496","RegQueryKey","HKCR\TypeLib\{3F4DACA7-160D-11D2-A8E9-00104B365C9F}","SUCCESS","Query: HandleTags, HandleTags: 0x401"
"10:34:28.3611077","雷小伊脱机日常 Beta 1.6.24.exe","1496","RegOpenKey","HKCR\TypeLib\{3F4DACA7-160D-11D2-A8E9-00104B365C9F}\5.5","SUCCESS","Desired Access: Maximum Allowed, Granted Access: Read"
"10:34:28.3611190","雷小伊脱机日常 Beta 1.6.24.exe","1496","RegQueryKey","HKCR\TypeLib\{3F4DACA7-160D-11D2-A8E9-00104B365C9F}\5.5","SUCCESS","Query: HandleTags, HandleTags: 0x401"
"10:34:28.3611232","雷小伊脱机日常 Beta 1.6.24.exe","1496","RegOpenKey","HKCR\TypeLib\{3F4DACA7-160D-11D2-A8E9-00104B365C9F}\5.5\0","SUCCESS","Desired Access: Maximum Allowed, Granted Access: Read"
"10:34:28.3611365","雷小伊脱机日常 Beta 1.6.24.exe","1496","RegQueryKey","HKCR\TypeLib\{3F4DACA7-160D-11D2-A8E9-00104B365C9F}\5.5\0","SUCCESS","Query: HandleTags, HandleTags: 0x401"
"10:34:28.3611412","雷小伊脱机日常 Beta 1.6.24.exe","1496","RegOpenKey","HKCR\TypeLib\{3F4DACA7-160D-11D2-A8E9-00104B365C9F}\5.5\0\win32","SUCCESS","Desired Access: Maximum Allowed, Granted Access: Read"
"10:34:28.3611500","雷小伊脱机日常 Beta 1.6.24.exe","1496","RegCloseKey","HKCR\TypeLib\{3F4DACA7-160D-11D2-A8E9-00104B365C9F}\5.5\0\win32","SUCCESS",""
"10:34:28.3611667","雷小伊脱机日常 Beta 1.6.24.exe","1496","RegCloseKey","HKCR\TypeLib\{3F4DACA7-160D-11D2-A8E9-00104B365C9F}\5.5\0","SUCCESS",""
"10:34:28.3611738","雷小伊脱机日常 Beta 1.6.24.exe","1496","RegQueryKey","HKCR\TypeLib\{3F4DACA7-160D-11D2-A8E9-00104B365C9F}\5.5","SUCCESS","Query: HandleTags, HandleTags: 0x401"
"10:34:28.3611820","雷小伊脱机日常 Beta 1.6.24.exe","1496","RegOpenKey","HKCR\TypeLib\{3F4DACA7-160D-11D2-A8E9-00104B365C9F}\5.5\0","SUCCESS","Desired Access: Maximum Allowed, Granted Access: Read"
"10:34:28.3611954","雷小伊脱机日常 Beta 1.6.24.exe","1496","RegQueryKey","HKCR\TypeLib\{3F4DACA7-160D-11D2-A8E9-00104B365C9F}\5.5\0","SUCCESS","Query: HandleTags, HandleTags: 0x401"
"10:34:28.3611994","雷小伊脱机日常 Beta 1.6.24.exe","1496","RegOpenKey","HKCR\TypeLib\{3F4DACA7-160D-11D2-A8E9-00104B365C9F}\5.5\0\win32","SUCCESS","Desired Access: Query Value"
"10:34:28.3612063","雷小伊脱机日常 Beta 1.6.24.exe","1496","RegQueryValue","HKCR\TypeLib\{3F4DACA7-160D-11D2-A8E9-00104B365C9F}\5.5\0\win32\(Default)","SUCCESS","Type: REG_SZ, Length: 70, Data: C:\Windows\SysWOW64\vbscript.dll\3"
"10:34:28.3612146","雷小伊脱机日常 Beta 1.6.24.exe","1496","RegCloseKey","HKCR\TypeLib\{3F4DACA7-160D-11D2-A8E9-00104B365C9F}\5.5\0\win32","SUCCESS",""
"10:34:28.3612213","雷小伊脱机日常 Beta 1.6.24.exe","1496","RegCloseKey","HKCR\TypeLib\{3F4DACA7-160D-11D2-A8E9-00104B365C9F}\5.5\0","SUCCESS",""
"10:34:28.3612260","雷小伊脱机日常 Beta 1.6.24.exe","1496","RegCloseKey","HKCR\TypeLib\{3F4DACA7-160D-11D2-A8E9-00104B365C9F}\5.5","SUCCESS",""
"10:34:28.3612312","雷小伊脱机日常 Beta 1.6.24.exe","1496","RegCloseKey","HKCR\TypeLib\{3F4DACA7-160D-11D2-A8E9-00104B365C9F}","SUCCESS",""
"10:34:28.3612365","雷小伊脱机日常 Beta 1.6.24.exe","1496","RegCloseKey","HKCR\TypeLib","SUCCESS",""
"10:34:28.3612817","雷小伊脱机日常 Beta 1.6.24.exe","1496","CreateFile","C:\Windows\SysWOW64\vbscript.dll\3","PATH NOT FOUND","Desired Access: Generic Read, Disposition: Open, Options: Synchronous IO Non-Alert, Non-Directory File, Random Access, Attributes: n/a, ShareMode: Read, Delete, AllocationSize: n/a"
"10:34:28.3613512","雷小伊脱机日常 Beta 1.6.24.exe","1496","CreateFile","C:\Windows\SysWOW64\vbscript.dll","SUCCESS","Desired Access: Generic Read, Disposition: Open, Options: Synchronous IO Non-Alert, Non-Directory File, Random Access, Attributes: n/a, ShareMode: Read, Delete, AllocationSize: n/a, OpenResult: Opened"
"10:34:28.3613804","雷小伊脱机日常 Beta 1.6.24.exe","1496","ReadFile","C:\Windows\SysWOW64\vbscript.dll","SUCCESS","Offset: 0, Length: 64, Priority: Normal"
"10:34:28.3614074","雷小伊脱机日常 Beta 1.6.24.exe","1496","ReadFile","C:\Windows\SysWOW64\vbscript.dll","SUCCESS","Offset: 0, Length: 4,096, I/O Flags: Non-cached, Paging I/O, Priority: Normal"
"10:34:28.3615452","雷小伊脱机日常 Beta 1.6.24.exe","1496","ReadFile","C:\Windows\SysWOW64\vbscript.dll","SUCCESS","Offset: 256, Length: 4"
"10:34:28.3615536","雷小伊脱机日常 Beta 1.6.24.exe","1496","ReadFile","C:\Windows\SysWOW64\vbscript.dll","SUCCESS","Offset: 260, Length: 20"
"10:34:28.3616016","雷小伊脱机日常 Beta 1.6.24.exe","1496","ReadFile","C:\Windows\SysWOW64\vbscript.dll","SUCCESS","Offset: 504, Length: 40"
"10:34:28.3616099","雷小伊脱机日常 Beta 1.6.24.exe","1496","ReadFile","C:\Windows\SysWOW64\vbscript.dll","SUCCESS","Offset: 544, Length: 40"
"10:34:28.3616143","雷小伊脱机日常 Beta 1.6.24.exe","1496","ReadFile","C:\Windows\SysWOW64\vbscript.dll","SUCCESS","Offset: 584, Length: 40"
"10:34:28.3616183","雷小伊脱机日常 Beta 1.6.24.exe","1496","ReadFile","C:\Windows\SysWOW64\vbscript.dll","SUCCESS","Offset: 624, Length: 40"
"10:34:28.3616235","雷小伊脱机日常 Beta 1.6.24.exe","1496","ReadFile","C:\Windows\SysWOW64\vbscript.dll","SUCCESS","Offset: 664, Length: 40"
"10:34:28.3616288","雷小伊脱机日常 Beta 1.6.24.exe","1496","ReadFile","C:\Windows\SysWOW64\vbscript.dll","SUCCESS","Offset: 479,744, Length: 16"
"10:34:28.3616410","雷小伊脱机日常 Beta 1.6.24.exe","1496","ReadFile","C:\Windows\SysWOW64\vbscript.dll","SUCCESS","Offset: 479,232, Length: 4,096, I/O Flags: Non-cached, Paging I/O, Priority: Normal"
"10:34:28.3617454","雷小伊脱机日常 Beta 1.6.24.exe","1496","ReadFile","C:\Windows\SysWOW64\vbscript.dll","SUCCESS","Offset: 479,760, Length: 8"
"10:34:28.3617674","雷小伊脱机日常 Beta 1.6.24.exe","1496","ReadFile","C:\Windows\SysWOW64\vbscript.dll","SUCCESS","Offset: 481,288, Length: 2"
"10:34:28.3617736","雷小伊脱机日常 Beta 1.6.24.exe","1496","ReadFile","C:\Windows\SysWOW64\vbscript.dll","SUCCESS","Offset: 479,768, Length: 8"
"10:34:28.3617786","雷小伊脱机日常 Beta 1.6.24.exe","1496","ReadFile","C:\Windows\SysWOW64\vbscript.dll","SUCCESS","Offset: 481,272, Length: 2"
"10:34:28.3617827","雷小伊脱机日常 Beta 1.6.24.exe","1496","ReadFile","C:\Windows\SysWOW64\vbscript.dll","SUCCESS","Offset: 481,274, Length: 14"
"10:34:28.3617885","雷小伊脱机日常 Beta 1.6.24.exe","1496","ReadFile","C:\Windows\SysWOW64\vbscript.dll","SUCCESS","Offset: 479,824, Length: 16"
"10:34:28.3617930","雷小伊脱机日常 Beta 1.6.24.exe","1496","ReadFile","C:\Windows\SysWOW64\vbscript.dll","SUCCESS","Offset: 479,840, Length: 8"
"10:34:28.3617970","雷小伊脱机日常 Beta 1.6.24.exe","1496","ReadFile","C:\Windows\SysWOW64\vbscript.dll","SUCCESS","Offset: 479,848, Length: 8"
"10:34:28.3618011","雷小伊脱机日常 Beta 1.6.24.exe","1496","ReadFile","C:\Windows\SysWOW64\vbscript.dll","SUCCESS","Offset: 479,856, Length: 8"
"10:34:28.3618063","雷小伊脱机日常 Beta 1.6.24.exe","1496","ReadFile","C:\Windows\SysWOW64\vbscript.dll","SUCCESS","Offset: 480,184, Length: 16"
"10:34:28.3618105","雷小伊脱机日常 Beta 1.6.24.exe","1496","ReadFile","C:\Windows\SysWOW64\vbscript.dll","SUCCESS","Offset: 480,200, Length: 8"
"10:34:28.3618151","雷小伊脱机日常 Beta 1.6.24.exe","1496","ReadFile","C:\Windows\SysWOW64\vbscript.dll","SUCCESS","Offset: 480,856, Length: 16"
"10:34:28.3618265","雷小伊脱机日常 Beta 1.6.24.exe","1496","QueryStandardInformationFile","C:\Windows\SysWOW64\vbscript.dll","SUCCESS","AllocationSize: 536,576, EndOfFile: 535,040, NumberOfLinks: 2, DeletePending: False, Directory: False"
"10:34:28.3618341","雷小伊脱机日常 Beta 1.6.24.exe","1496","CreateFileMapping","C:\Windows\SysWOW64\vbscript.dll","FILE LOCKED WITH ONLY READERS","SyncType: SyncTypeCreateSection, PageProtection: PAGE_EXECUTE_READWRITE|PAGE_NOCACHE"
"10:34:28.3618410","雷小伊脱机日常 Beta 1.6.24.exe","1496","QueryStandardInformationFile","C:\Windows\SysWOW64\vbscript.dll","SUCCESS","AllocationSize: 536,576, EndOfFile: 535,040, NumberOfLinks: 2, DeletePending: False, Directory: False"
"10:34:28.3618594","雷小伊脱机日常 Beta 1.6.24.exe","1496","CreateFileMapping","C:\Windows\SysWOW64\vbscript.dll","SUCCESS","SyncType: SyncTypeOther"
"10:34:28.3618806","雷小伊脱机日常 Beta 1.6.24.exe","1496","ReadFile","C:\Windows\SysWOW64\vbscript.dll","SUCCESS","Offset: 499,712, Length: 32,768, I/O Flags: Non-cached, Paging I/O, Synchronous Paging I/O, Priority: Normal"
"10:34:28.3620113","雷小伊脱机日常 Beta 1.6.24.exe","1496","ReadFile","C:\Windows\SysWOW64\vbscript.dll","SUCCESS","Offset: 74,752, Length: 32,768, I/O Flags: Non-cached, Paging I/O, Synchronous Paging I/O, Priority: Normal"
"10:34:28.3625487","雷小伊脱机日常 Beta 1.6.24.exe","1496","RegQueryKey","HKCR\PackagedCom","SUCCESS","Query: HandleTags, HandleTags: 0x100"
"10:34:28.3625565","雷小伊脱机日常 Beta 1.6.24.exe","1496","RegOpenKey","HKCR\PackagedCom\TypeLibIndex","NAME NOT FOUND","Desired Access: Read"
"10:34:28.3625727","雷小伊脱机日常 Beta 1.6.24.exe","1496","RegQueryKey","HKLM","SUCCESS","Query: HandleTags, HandleTags: 0x0"
"10:34:28.3625776","雷小伊脱机日常 Beta 1.6.24.exe","1496","RegQueryKey","HKLM","SUCCESS","Query: Name"
"10:34:28.3625858","雷小伊脱机日常 Beta 1.6.24.exe","1496","RegOpenKey","HKCR","SUCCESS","Desired Access: Maximum Allowed, Granted Access: All Access"
"10:34:28.3625951","雷小伊脱机日常 Beta 1.6.24.exe","1496","RegSetInfoKey","HKCR","SUCCESS","KeySetInformationClass: KeySetHandleTagsInformation, Length: 0"
"10:34:28.3626023","雷小伊脱机日常 Beta 1.6.24.exe","1496","RegQueryKey","HKCR","SUCCESS","Query: HandleTags, HandleTags: 0x1"
"10:34:28.3626060","雷小伊脱机日常 Beta 1.6.24.exe","1496","RegQueryKey","HKCR","SUCCESS","Query: Name"
"10:34:28.3626126","雷小伊脱机日常 Beta 1.6.24.exe","1496","RegOpenKey","HKCR\TypeLib","SUCCESS","Desired Access: Maximum Allowed, Granted Access: All Access"
"10:34:28.3626188","雷小伊脱机日常 Beta 1.6.24.exe","1496","RegSetInfoKey","HKCR\TypeLib","SUCCESS","KeySetInformationClass: KeySetHandleTagsInformation, Length: 0"
"10:34:28.3626243","雷小伊脱机日常 Beta 1.6.24.exe","1496","RegCloseKey","HKCR","SUCCESS",""
"10:34:28.3626310","雷小伊脱机日常 Beta 1.6.24.exe","1496","RegQueryKey","HKCR\TypeLib","SUCCESS","Query: HandleTags, HandleTags: 0x401"
"10:34:28.3626353","雷小伊脱机日常 Beta 1.6.24.exe","1496","RegOpenKey","HKCR\TypeLib\{00020430-0000-0000-C000-000000000046}","SUCCESS","Desired Access: Maximum Allowed, Granted Access: Read"
"10:34:28.3626457","雷小伊脱机日常 Beta 1.6.24.exe","1496","RegQueryKey","HKCR\TypeLib\{00020430-0000-0000-C000-000000000046}","SUCCESS","Query: HandleTags, HandleTags: 0x401"
"10:34:28.3626499","雷小伊脱机日常 Beta 1.6.24.exe","1496","RegOpenKey","HKCR\TypeLib\{00020430-0000-0000-C000-000000000046}\2.0","SUCCESS","Desired Access: Maximum Allowed, Granted Access: Read"
"10:34:28.3626582","雷小伊脱机日常 Beta 1.6.24.exe","1496","RegQueryKey","HKCR\TypeLib\{00020430-0000-0000-C000-000000000046}\2.0","SUCCESS","Query: HandleTags, HandleTags: 0x401"
"10:34:28.3626622","雷小伊脱机日常 Beta 1.6.24.exe","1496","RegOpenKey","HKCR\TypeLib\{00020430-0000-0000-C000-000000000046}\2.0\0","SUCCESS","Desired Access: Maximum Allowed, Granted Access: Read"
"10:34:28.3626729","雷小伊脱机日常 Beta 1.6.24.exe","1496","RegQueryKey","HKCR\TypeLib\{00020430-0000-0000-C000-000000000046}\2.0\0","SUCCESS","Query: HandleTags, HandleTags: 0x401"
"10:34:28.3626771","雷小伊脱机日常 Beta 1.6.24.exe","1496","RegOpenKey","HKCR\TypeLib\{00020430-0000-0000-C000-000000000046}\2.0\0\win32","SUCCESS","Desired Access: Maximum Allowed, Granted Access: Read"
"10:34:28.3626871","雷小伊脱机日常 Beta 1.6.24.exe","1496","RegCloseKey","HKCR\TypeLib\{00020430-0000-0000-C000-000000000046}\2.0\0\win32","SUCCESS",""
"10:34:28.3627036","雷小伊脱机日常 Beta 1.6.24.exe","1496","RegCloseKey","HKCR\TypeLib\{00020430-0000-0000-C000-000000000046}\2.0\0","SUCCESS",""
"10:34:28.3627208","雷小伊脱机日常 Beta 1.6.24.exe","1496","RegQueryKey","HKCR\TypeLib\{00020430-0000-0000-C000-000000000046}\2.0","SUCCESS","Query: HandleTags, HandleTags: 0x401"
"10:34:28.3627254","雷小伊脱机日常 Beta 1.6.24.exe","1496","RegOpenKey","HKCR\TypeLib\{00020430-0000-0000-C000-000000000046}\2.0\0","SUCCESS","Desired Access: Maximum Allowed, Granted Access: Read"
"10:34:28.3627324","雷小伊脱机日常 Beta 1.6.24.exe","1496","RegQueryKey","HKCR\TypeLib\{00020430-0000-0000-C000-000000000046}\2.0\0","SUCCESS","Query: HandleTags, HandleTags: 0x401"
"10:34:28.3627365","雷小伊脱机日常 Beta 1.6.24.exe","1496","RegOpenKey","HKCR\TypeLib\{00020430-0000-0000-C000-000000000046}\2.0\0\win32","SUCCESS","Desired Access: Query Value"
"10:34:28.3627427","雷小伊脱机日常 Beta 1.6.24.exe","1496","RegQueryValue","HKCR\TypeLib\{00020430-0000-0000-C000-000000000046}\2.0\0\win32\(Default)","SUCCESS","Type: REG_SZ, Length: 64, Data: C:\Windows\SysWOW64\stdole2.tlb"
"10:34:28.3627489","雷小伊脱机日常 Beta 1.6.24.exe","1496","RegCloseKey","HKCR\TypeLib\{00020430-0000-0000-C000-000000000046}\2.0\0\win32","SUCCESS",""
"10:34:28.3627533","雷小伊脱机日常 Beta 1.6.24.exe","1496","RegCloseKey","HKCR\TypeLib\{00020430-0000-0000-C000-000000000046}\2.0\0","SUCCESS",""
"10:34:28.3627575","雷小伊脱机日常 Beta 1.6.24.exe","1496","RegCloseKey","HKCR\TypeLib\{00020430-0000-0000-C000-000000000046}\2.0","SUCCESS",""
"10:34:28.3627616","雷小伊脱机日常 Beta 1.6.24.exe","1496","RegCloseKey","HKCR\TypeLib\{00020430-0000-0000-C000-000000000046}","SUCCESS",""
"10:34:28.3627658","雷小伊脱机日常 Beta 1.6.24.exe","1496","RegCloseKey","HKCR\TypeLib","SUCCESS",""
"10:34:28.3628182","雷小伊脱机日常 Beta 1.6.24.exe","1496","CreateFile","C:\Windows\SysWOW64\stdole2.tlb","SUCCESS","Desired Access: Generic Read, Disposition: Open, Options: Synchronous IO Non-Alert, Non-Directory File, Random Access, Attributes: n/a, ShareMode: Read, Delete, AllocationSize: n/a, OpenResult: Opened"
"10:34:28.3628576","雷小伊脱机日常 Beta 1.6.24.exe","1496","ReadFile","C:\Windows\SysWOW64\stdole2.tlb","SUCCESS","Offset: 0, Length: 64, Priority: Normal"
"10:34:28.3628775","雷小伊脱机日常 Beta 1.6.24.exe","1496","ReadFile","C:\Windows\SysWOW64\stdole2.tlb","SUCCESS","Offset: 184, Length: 4"
"10:34:28.3628830","雷小伊脱机日常 Beta 1.6.24.exe","1496","ReadFile","C:\Windows\SysWOW64\stdole2.tlb","SUCCESS","Offset: 188, Length: 20"
"10:34:28.3628878","雷小伊脱机日常 Beta 1.6.24.exe","1496","ReadFile","C:\Windows\SysWOW64\stdole2.tlb","SUCCESS","Offset: 432, Length: 40"
"10:34:28.3628929","雷小伊脱机日常 Beta 1.6.24.exe","1496","ReadFile","C:\Windows\SysWOW64\stdole2.tlb","SUCCESS","Offset: 472, Length: 40"
"10:34:28.3628979","雷小伊脱机日常 Beta 1.6.24.exe","1496","ReadFile","C:\Windows\SysWOW64\stdole2.tlb","SUCCESS","Offset: 1,024, Length: 16"
"10:34:28.3629018","雷小伊脱机日常 Beta 1.6.24.exe","1496","ReadFile","C:\Windows\SysWOW64\stdole2.tlb","SUCCESS","Offset: 1,040, Length: 8"
"10:34:28.3629065","雷小伊脱机日常 Beta 1.6.24.exe","1496","ReadFile","C:\Windows\SysWOW64\stdole2.tlb","SUCCESS","Offset: 1,272, Length: 2"
"10:34:28.3629112","雷小伊脱机日常 Beta 1.6.24.exe","1496","ReadFile","C:\Windows\SysWOW64\stdole2.tlb","SUCCESS","Offset: 1,048, Length: 8"
"10:34:28.3629159","雷小伊脱机日常 Beta 1.6.24.exe","1496","ReadFile","C:\Windows\SysWOW64\stdole2.tlb","SUCCESS","Offset: 1,256, Length: 2"
"10:34:28.3629199","雷小伊脱机日常 Beta 1.6.24.exe","1496","ReadFile","C:\Windows\SysWOW64\stdole2.tlb","SUCCESS","Offset: 1,258, Length: 14"
"10:34:28.3629252","雷小伊脱机日常 Beta 1.6.24.exe","1496","ReadFile","C:\Windows\SysWOW64\stdole2.tlb","SUCCESS","Offset: 1,088, Length: 16"
"10:34:28.3629300","雷小伊脱机日常 Beta 1.6.24.exe","1496","ReadFile","C:\Windows\SysWOW64\stdole2.tlb","SUCCESS","Offset: 1,104, Length: 8"
"10:34:28.3629351","雷小伊脱机日常 Beta 1.6.24.exe","1496","ReadFile","C:\Windows\SysWOW64\stdole2.tlb","SUCCESS","Offset: 1,160, Length: 16"
"10:34:28.3629393","雷小伊脱机日常 Beta 1.6.24.exe","1496","ReadFile","C:\Windows\SysWOW64\stdole2.tlb","SUCCESS","Offset: 1,176, Length: 8"
"10:34:28.3629439","雷小伊脱机日常 Beta 1.6.24.exe","1496","ReadFile","C:\Windows\SysWOW64\stdole2.tlb","SUCCESS","Offset: 1,224, Length: 16"
"10:34:28.3629486","雷小伊脱机日常 Beta 1.6.24.exe","1496","QueryStandardInformationFile","C:\Windows\SysWOW64\stdole2.tlb","SUCCESS","AllocationSize: 20,480, EndOfFile: 18,432, NumberOfLinks: 2, DeletePending: False, Directory: False"
"10:34:28.3629555","雷小伊脱机日常 Beta 1.6.24.exe","1496","CreateFileMapping","C:\Windows\SysWOW64\stdole2.tlb","FILE LOCKED WITH ONLY READERS","SyncType: SyncTypeCreateSection, PageProtection: PAGE_EXECUTE_READWRITE|PAGE_NOCACHE"
"10:34:28.3629610","雷小伊脱机日常 Beta 1.6.24.exe","1496","QueryStandardInformationFile","C:\Windows\SysWOW64\stdole2.tlb","SUCCESS","AllocationSize: 20,480, EndOfFile: 18,432, NumberOfLinks: 2, DeletePending: False, Directory: False"
"10:34:28.3629702","雷小伊脱机日常 Beta 1.6.24.exe","1496","CreateFileMapping","C:\Windows\SysWOW64\stdole2.tlb","SUCCESS","SyncType: SyncTypeOther"
"10:34:28.3630303","雷小伊脱机日常 Beta 1.6.24.exe","1496","ReadFile","C:\Windows\SysWOW64\vbscript.dll","SUCCESS","Offset: 58,368, Length: 16,384, I/O Flags: Non-cached, Paging I/O, Synchronous Paging I/O, Priority: Normal"
"10:34:28.3632831","雷小伊脱机日常 Beta 1.6.24.exe","1496","ReadFile","C:\Windows\SysWOW64\vbscript.dll","SUCCESS","Offset: 267,264, Length: 32,768, I/O Flags: Non-cached, Paging I/O, Synchronous Paging I/O, Priority: Normal"
"10:34:28.3635758","雷小伊脱机日常 Beta 1.6.24.exe","1496","ReadFile","C:\Windows\SysWOW64\vbscript.dll","SUCCESS","Offset: 246,784, Length: 20,480, I/O Flags: Non-cached, Paging I/O, Synchronous Paging I/O, Priority: Normal"
"10:34:28.3639382","雷小伊脱机日常 Beta 1.6.24.exe","1496","CreateFile","C:\Users\1\Desktop\Winhttp.dll","NAME NOT FOUND","Desired Access: Read Attributes, Disposition: Open, Options: Open Reparse Point, Attributes: n/a, ShareMode: Read, Write, Delete, AllocationSize: n/a"
"10:34:28.3640224","雷小伊脱机日常 Beta 1.6.24.exe","1496","CreateFile","C:\Users\1\Desktop\Winhttp.dll","NAME NOT FOUND","Desired Access: Read Attributes, Disposition: Open, Options: Open Reparse Point, Attributes: n/a, ShareMode: Read, Write, Delete, AllocationSize: n/a"
"10:34:28.3641069","雷小伊脱机日常 Beta 1.6.24.exe","1496","CloseFile","C:\Windows\SysWOW64\stdole2.tlb","SUCCESS",""
"10:34:28.3641426","雷小伊脱机日常 Beta 1.6.24.exe","1496","CloseFile","C:\Windows\SysWOW64\vbscript.dll","SUCCESS",""
"10:34:28.3646877","雷小伊脱机日常 Beta 1.6.24.exe","1496","Thread Exit","","SUCCESS","Thread ID: 9376, User Time: 0.0156250, Kernel Time: 0.0000000"
"10:34:33.0617038","雷小伊脱机日常 Beta 1.6.24.exe","1496","ReadFile","C:\Windows\SysWOW64\mshtml.dll","SUCCESS","Offset: 8,467,456, Length: 32,768, I/O Flags: Non-cached, Paging I/O, Synchronous Paging I/O, Priority: Normal"
"10:34:33.0626156","雷小伊脱机日常 Beta 1.6.24.exe","1496","ReadFile","C:\Windows\SysWOW64\mshtml.dll","SUCCESS","Offset: 7,398,400, Length: 32,768, I/O Flags: Non-cached, Paging I/O, Synchronous Paging I/O, Priority: Normal"
"10:34:33.0631064","雷小伊脱机日常 Beta 1.6.24.exe","1496","ReadFile","C:\Windows\SysWOW64\mshtml.dll","SUCCESS","Offset: 16,593,920, Length: 32,768, I/O Flags: Non-cached, Paging I/O, Synchronous Paging I/O, Priority: Normal"
"10:34:33.0635810","雷小伊脱机日常 Beta 1.6.24.exe","1496","ReadFile","C:\Windows\SysWOW64\mshtml.dll","SUCCESS","Offset: 8,233,984, Length: 32,768, I/O Flags: Non-cached, Paging I/O, Synchronous Paging I/O, Priority: Normal"
"10:34:33.0638506","雷小伊脱机日常 Beta 1.6.24.exe","1496","ReadFile","C:\Windows\SysWOW64\mshtml.dll","SUCCESS","Offset: 13,943,808, Length: 32,768, I/O Flags: Non-cached, Paging I/O, Synchronous Paging I/O, Priority: Normal"
"10:34:33.0649349","雷小伊脱机日常 Beta 1.6.24.exe","1496","ReadFile","C:\Windows\SysWOW64\mshtml.dll","SUCCESS","Offset: 12,928,000, Length: 32,768, I/O Flags: Non-cached, Paging I/O, Synchronous Paging I/O, Priority: Normal"
"10:34:33.0653194","雷小伊脱机日常 Beta 1.6.24.exe","1496","ReadFile","C:\Windows\SysWOW64\mshtml.dll","SUCCESS","Offset: 12,895,232, Length: 32,768, I/O Flags: Non-cached, Paging I/O, Synchronous Paging I/O, Priority: Normal"
"10:34:33.0655138","雷小伊脱机日常 Beta 1.6.24.exe","1496","ReadFile","C:\Windows\SysWOW64\mshtml.dll","SUCCESS","Offset: 12,100,608, Length: 32,768, I/O Flags: Non-cached, Paging I/O, Synchronous Paging I/O, Priority: Normal"
"10:34:33.0658130","雷小伊脱机日常 Beta 1.6.24.exe","1496","ReadFile","C:\Windows\SysWOW64\mshtml.dll","SUCCESS","Offset: 6,988,800, Length: 32,768, I/O Flags: Non-cached, Paging I/O, Synchronous Paging I/O, Priority: Normal"
"10:34:33.0661089","雷小伊脱机日常 Beta 1.6.24.exe","1496","ReadFile","C:\Windows\SysWOW64\mshtml.dll","SUCCESS","Offset: 13,083,648, Length: 32,768, I/O Flags: Non-cached, Paging I/O, Synchronous Paging I/O, Priority: Normal"
"10:34:33.0664262","雷小伊脱机日常 Beta 1.6.24.exe","1496","ReadFile","C:\Windows\SysWOW64\mshtml.dll","SUCCESS","Offset: 13,169,664, Length: 32,768, I/O Flags: Non-cached, Paging I/O, Synchronous Paging I/O, Priority: Normal"
"10:34:33.0667690","雷小伊脱机日常 Beta 1.6.24.exe","1496","ReadFile","C:\Windows\SysWOW64\mshtml.dll","SUCCESS","Offset: 13,075,456, Length: 8,192, I/O Flags: Non-cached, Paging I/O, Synchronous Paging I/O, Priority: Normal"
"10:34:33.0669748","雷小伊脱机日常 Beta 1.6.24.exe","1496","ReadFile","C:\Windows\SysWOW64\mshtml.dll","SUCCESS","Offset: 12,968,960, Length: 32,768, I/O Flags: Non-cached, Paging I/O, Synchronous Paging I/O, Priority: Normal"
"10:34:33.0673380","雷小伊脱机日常 Beta 1.6.24.exe","1496","ReadFile","C:\Windows\SysWOW64\mshtml.dll","SUCCESS","Offset: 6,026,240, Length: 28,672, I/O Flags: Non-cached, Paging I/O, Synchronous Paging I/O, Priority: Normal"
"10:34:33.0676931","雷小伊脱机日常 Beta 1.6.24.exe","1496","ReadFile","C:\Windows\SysWOW64\mshtml.dll","SUCCESS","Offset: 12,239,872, Length: 20,480, I/O Flags: Non-cached, Paging I/O, Synchronous Paging I/O, Priority: Normal"
"10:34:33.0679718","雷小伊脱机日常 Beta 1.6.24.exe","1496","ReadFile","C:\Windows\SysWOW64\mshtml.dll","SUCCESS","Offset: 7,066,624, Length: 32,768, I/O Flags: Non-cached, Paging I/O, Synchronous Paging I/O, Priority: Normal"
"10:34:33.0682954","雷小伊脱机日常 Beta 1.6.24.exe","1496","ReadFile","C:\Windows\SysWOW64\mshtml.dll","SUCCESS","Offset: 12,502,016, Length: 32,768, I/O Flags: Non-cached, Paging I/O, Synchronous Paging I/O, Priority: Normal"
"10:34:33.0687323","雷小伊脱机日常 Beta 1.6.24.exe","1496","ReadFile","C:\Windows\SysWOW64\mshtml.dll","SUCCESS","Offset: 12,043,264, Length: 32,768, I/O Flags: Non-cached, Paging I/O, Synchronous Paging I/O, Priority: Normal"
"10:34:33.0690832","雷小伊脱机日常 Beta 1.6.24.exe","1496","ReadFile","C:\Windows\SysWOW64\mshtml.dll","SUCCESS","Offset: 6,644,736, Length: 12,288, I/O Flags: Non-cached, Paging I/O, Synchronous Paging I/O, Priority: Normal"
"10:34:33.0693984","雷小伊脱机日常 Beta 1.6.24.exe","1496","ReadFile","C:\Windows\SysWOW64\mshtml.dll","SUCCESS","Offset: 7,132,160, Length: 32,768, I/O Flags: Non-cached, Paging I/O, Synchronous Paging I/O, Priority: Normal"
"10:34:33.0696983","雷小伊脱机日常 Beta 1.6.24.exe","1496","ReadFile","C:\Windows\SysWOW64\mshtml.dll","SUCCESS","Offset: 7,099,392, Length: 32,768, I/O Flags: Non-cached, Paging I/O, Synchronous Paging I/O, Priority: Normal"
"10:34:33.0699149","雷小伊脱机日常 Beta 1.6.24.exe","1496","ReadFile","C:\Windows\SysWOW64\mshtml.dll","SUCCESS","Offset: 12,293,120, Length: 32,768, I/O Flags: Non-cached, Paging I/O, Synchronous Paging I/O, Priority: Normal"
"10:34:33.0702238","雷小伊脱机日常 Beta 1.6.24.exe","1496","ReadFile","C:\Windows\SysWOW64\mshtml.dll","SUCCESS","Offset: 11,998,208, Length: 32,768, I/O Flags: Non-cached, Paging I/O, Synchronous Paging I/O, Priority: Normal"
"10:34:33.0705727","雷小伊脱机日常 Beta 1.6.24.exe","1496","ReadFile","C:\Windows\SysWOW64\mshtml.dll","SUCCESS","Offset: 11,965,440, Length: 32,768, I/O Flags: Non-cached, Paging I/O, Synchronous Paging I/O, Priority: Normal"
"10:34:33.0708188","雷小伊脱机日常 Beta 1.6.24.exe","1496","ReadFile","C:\Windows\SysWOW64\mshtml.dll","SUCCESS","Offset: 13,034,496, Length: 8,192, I/O Flags: Non-cached, Paging I/O, Synchronous Paging I/O, Priority: Normal"
"10:34:33.0710220","雷小伊脱机日常 Beta 1.6.24.exe","1496","ReadFile","C:\Windows\SysWOW64\mshtml.dll","SUCCESS","Offset: 6,153,216, Length: 12,288, I/O Flags: Non-cached, Paging I/O, Synchronous Paging I/O, Priority: Normal"
"10:34:33.0713103","雷小伊脱机日常 Beta 1.6.24.exe","1496","ReadFile","C:\Windows\SysWOW64\mshtml.dll","SUCCESS","Offset: 6,231,040, Length: 4,096, I/O Flags: Non-cached, Paging I/O, Synchronous Paging I/O, Priority: Normal"
"10:34:33.0714374","雷小伊脱机日常 Beta 1.6.24.exe","1496","ReadFile","C:\Windows\SysWOW64\mshtml.dll","SUCCESS","Offset: 7,431,168, Length: 32,768, I/O Flags: Non-cached, Paging I/O, Synchronous Paging I/O, Priority: Normal"
"10:34:33.0716955","雷小伊脱机日常 Beta 1.6.24.exe","1496","ReadFile","C:\Windows\SysWOW64\mshtml.dll","SUCCESS","Offset: 13,800,448, Length: 32,768, I/O Flags: Non-cached, Paging I/O, Synchronous Paging I/O, Priority: Normal"
"10:34:33.0720978","雷小伊脱机日常 Beta 1.6.24.exe","1496","ReadFile","C:\Windows\SysWOW64\mshtml.dll","SUCCESS","Offset: 6,767,616, Length: 20,480, I/O Flags: Non-cached, Paging I/O, Synchronous Paging I/O, Priority: Normal"
"10:34:33.0726535","雷小伊脱机日常 Beta 1.6.24.exe","1496","ReadFile","C:\Windows\SysWOW64\mshtml.dll","SUCCESS","Offset: 13,796,352, Length: 4,096, I/O Flags: Non-cached, Paging I/O, Synchronous Paging I/O, Priority: Normal"
"10:34:33.0752485","雷小伊脱机日常 Beta 1.6.24.exe","1496","ReadFile","C:\Windows\SysWOW64\mshtml.dll","SUCCESS","Offset: 6,837,248, Length: 32,768, I/O Flags: Non-cached, Paging I/O, Synchronous Paging I/O, Priority: Normal"
"10:34:33.0877278","雷小伊脱机日常 Beta 1.6.24.exe","1496","ReadFile","C:\Windows\SysWOW64\mshtml.dll","SUCCESS","Offset: 15,156,224, Length: 32,768, I/O Flags: Non-cached, Paging I/O, Synchronous Paging I/O, Priority: Normal"
"10:34:33.0881300","雷小伊脱机日常 Beta 1.6.24.exe","1496","ReadFile","C:\Windows\SysWOW64\mshtml.dll","SUCCESS","Offset: 8,700,928, Length: 32,768, I/O Flags: Non-cached, Paging I/O, Synchronous Paging I/O, Priority: Normal"
"10:34:33.0885821","雷小伊脱机日常 Beta 1.6.24.exe","1496","ReadFile","C:\Windows\SysWOW64\mshtml.dll","SUCCESS","Offset: 10,253,312, Length: 32,768, I/O Flags: Non-cached, Paging I/O, Synchronous Paging I/O, Priority: Normal"
"10:34:34.2143239","雷小伊脱机日常 Beta 1.6.24.exe","1496","RegQueryKey","HKCU","SUCCESS","Query: HandleTags, HandleTags: 0x0"
"10:34:34.2143375","雷小伊脱机日常 Beta 1.6.24.exe","1496","RegQueryKey","HKCU","SUCCESS","Query: Name"
"10:34:34.2143565","雷小伊脱机日常 Beta 1.6.24.exe","1496","RegOpenKey","HKCU\Software\Microsoft\Windows\CurrentVersion\Explorer\Advanced","SUCCESS","Desired Access: Read"
"10:34:34.2143800","雷小伊脱机日常 Beta 1.6.24.exe","1496","RegSetInfoKey","HKCU\SOFTWARE\Microsoft\Windows\CurrentVersion\Explorer\Advanced","SUCCESS","KeySetInformationClass: KeySetHandleTagsInformation, Length: 0"
"10:34:34.2143905","雷小伊脱机日常 Beta 1.6.24.exe","1496","RegQueryValue","HKCU\SOFTWARE\Microsoft\Windows\CurrentVersion\Explorer\Advanced\AccListViewV6","NAME NOT FOUND","Length: 16"
"10:34:34.2144197","雷小伊脱机日常 Beta 1.6.24.exe","1496","RegCloseKey","HKCU\SOFTWARE\Microsoft\Windows\CurrentVersion\Explorer\Advanced","SUCCESS",""
"10:34:34.2144309","雷小伊脱机日常 Beta 1.6.24.exe","1496","RegQueryKey","HKCU","SUCCESS","Query: HandleTags, HandleTags: 0x0"
"10:34:34.2144382","雷小伊脱机日常 Beta 1.6.24.exe","1496","RegQueryKey","HKCU","SUCCESS","Query: Name"
"10:34:34.2144486","雷小伊脱机日常 Beta 1.6.24.exe","1496","RegOpenKey","HKCU\Software\Microsoft\Windows\CurrentVersion\Explorer\Advanced","SUCCESS","Desired Access: Read"
"10:34:34.2144847","雷小伊脱机日常 Beta 1.6.24.exe","1496","RegSetInfoKey","HKCU\SOFTWARE\Microsoft\Windows\CurrentVersion\Explorer\Advanced","SUCCESS","KeySetInformationClass: KeySetHandleTagsInformation, Length: 0"
"10:34:34.2144934","雷小伊脱机日常 Beta 1.6.24.exe","1496","RegQueryValue","HKCU\SOFTWARE\Microsoft\Windows\CurrentVersion\Explorer\Advanced\UseDoubleClickTimer","NAME NOT FOUND","Length: 16"
"10:34:34.2145037","雷小伊脱机日常 Beta 1.6.24.exe","1496","RegCloseKey","HKCU\SOFTWARE\Microsoft\Windows\CurrentVersion\Explorer\Advanced","SUCCESS",""
"10:34:34.2157823","雷小伊脱机日常 Beta 1.6.24.exe","1496","RegQueryKey","HKLM","SUCCESS","Query: HandleTags, HandleTags: 0x0"
"10:34:34.2157921","雷小伊脱机日常 Beta 1.6.24.exe","1496","RegQueryKey","HKLM","SUCCESS","Query: Name"
"10:34:34.2158094","雷小伊脱机日常 Beta 1.6.24.exe","1496","RegOpenKey","HKLM\Software\WOW6432Node\Microsoft\Windows NT\CurrentVersion\FontSubstitutes","REPARSE","Desired Access: Read"
"10:34:34.2158317","雷小伊脱机日常 Beta 1.6.24.exe","1496","RegOpenKey","HKLM\SOFTWARE\Microsoft\Windows NT\CurrentVersion\FontSubstitutes","SUCCESS","Desired Access: Read"
"10:34:34.2158451","雷小伊脱机日常 Beta 1.6.24.exe","1496","RegSetInfoKey","HKLM\SOFTWARE\Microsoft\Windows NT\CurrentVersion\FontSubstitutes","SUCCESS","KeySetInformationClass: KeySetHandleTagsInformation, Length: 0"
"10:34:34.2158552","雷小伊脱机日常 Beta 1.6.24.exe","1496","RegQueryValue","HKLM\SOFTWARE\Microsoft\Windows NT\CurrentVersion\FontSubstitutes\Microsoft YaHei UI","NAME NOT FOUND","Length: 76"
"10:34:34.2158691","雷小伊脱机日常 Beta 1.6.24.exe","1496","RegCloseKey","HKLM\SOFTWARE\Microsoft\Windows NT\CurrentVersion\FontSubstitutes","SUCCESS",""
"10:34:34.2168901","雷小伊脱机日常 Beta 1.6.24.exe","1496","RegQueryKey","HKLM","SUCCESS","Query: HandleTags, HandleTags: 0x0"
"10:34:34.2168980","雷小伊脱机日常 Beta 1.6.24.exe","1496","RegQueryKey","HKLM","SUCCESS","Query: Name"
"10:34:34.2169128","雷小伊脱机日常 Beta 1.6.24.exe","1496","RegOpenKey","HKLM\Software\WOW6432Node\Microsoft\Windows NT\CurrentVersion\FontSubstitutes","REPARSE","Desired Access: Read"
"10:34:34.2169269","雷小伊脱机日常 Beta 1.6.24.exe","1496","RegOpenKey","HKLM\SOFTWARE\Microsoft\Windows NT\CurrentVersion\FontSubstitutes","SUCCESS","Desired Access: Read"
"10:34:34.2169375","雷小伊脱机日常 Beta 1.6.24.exe","1496","RegSetInfoKey","HKLM\SOFTWARE\Microsoft\Windows NT\CurrentVersion\FontSubstitutes","SUCCESS","KeySetInformationClass: KeySetHandleTagsInformation, Length: 0"
"10:34:34.2169454","雷小伊脱机日常 Beta 1.6.24.exe","1496","RegQueryValue","HKLM\SOFTWARE\Microsoft\Windows NT\CurrentVersion\FontSubstitutes\Microsoft YaHei UI","NAME NOT FOUND","Length: 76"
"10:34:34.2169569","雷小伊脱机日常 Beta 1.6.24.exe","1496","RegCloseKey","HKLM\SOFTWARE\Microsoft\Windows NT\CurrentVersion\FontSubstitutes","SUCCESS",""
"10:34:34.2171070","雷小伊脱机日常 Beta 1.6.24.exe","1496","RegQueryKey","HKLM","SUCCESS","Query: HandleTags, HandleTags: 0x0"
"10:34:34.2171158","雷小伊脱机日常 Beta 1.6.24.exe","1496","RegQueryKey","HKLM","SUCCESS","Query: Name"
"10:34:34.2171295","雷小伊脱机日常 Beta 1.6.24.exe","1496","RegOpenKey","HKLM\Software\WOW6432Node\Microsoft\Windows NT\CurrentVersion\FontSubstitutes","REPARSE","Desired Access: Read"
"10:34:34.2171411","雷小伊脱机日常 Beta 1.6.24.exe","1496","RegOpenKey","HKLM\SOFTWARE\Microsoft\Windows NT\CurrentVersion\FontSubstitutes","SUCCESS","Desired Access: Read"
"10:34:34.2171515","雷小伊脱机日常 Beta 1.6.24.exe","1496","RegSetInfoKey","HKLM\SOFTWARE\Microsoft\Windows NT\CurrentVersion\FontSubstitutes","SUCCESS","KeySetInformationClass: KeySetHandleTagsInformation, Length: 0"
"10:34:34.2171615","雷小伊脱机日常 Beta 1.6.24.exe","1496","RegQueryValue","HKLM\SOFTWARE\Microsoft\Windows NT\CurrentVersion\FontSubstitutes\Microsoft YaHei UI","NAME NOT FOUND","Length: 76"
"10:34:34.2171758","雷小伊脱机日常 Beta 1.6.24.exe","1496","RegCloseKey","HKLM\SOFTWARE\Microsoft\Windows NT\CurrentVersion\FontSubstitutes","SUCCESS",""
"10:34:34.2178501","雷小伊脱机日常 Beta 1.6.24.exe","1496","RegQueryKey","HKLM","SUCCESS","Query: HandleTags, HandleTags: 0x0"
"10:34:34.2178592","雷小伊脱机日常 Beta 1.6.24.exe","1496","RegQueryKey","HKLM","SUCCESS","Query: Name"
"10:34:34.2178746","雷小伊脱机日常 Beta 1.6.24.exe","1496","RegOpenKey","HKLM\Software\WOW6432Node\Microsoft\Windows NT\CurrentVersion\FontSubstitutes","REPARSE","Desired Access: Read"
"10:34:34.2178874","雷小伊脱机日常 Beta 1.6.24.exe","1496","RegOpenKey","HKLM\SOFTWARE\Microsoft\Windows NT\CurrentVersion\FontSubstitutes","SUCCESS","Desired Access: Read"
"10:34:34.2178986","雷小伊脱机日常 Beta 1.6.24.exe","1496","RegSetInfoKey","HKLM\SOFTWARE\Microsoft\Windows NT\CurrentVersion\FontSubstitutes","SUCCESS","KeySetInformationClass: KeySetHandleTagsInformation, Length: 0"
"10:34:34.2179074","雷小伊脱机日常 Beta 1.6.24.exe","1496","RegQueryValue","HKLM\SOFTWARE\Microsoft\Windows NT\CurrentVersion\FontSubstitutes\微软雅黑","NAME NOT FOUND","Length: 76"
"10:34:34.2179189","雷小伊脱机日常 Beta 1.6.24.exe","1496","RegCloseKey","HKLM\SOFTWARE\Microsoft\Windows NT\CurrentVersion\FontSubstitutes","SUCCESS",""
"10:34:34.2326490","雷小伊脱机日常 Beta 1.6.24.exe","1496","RegQueryKey","HKLM","SUCCESS","Query: HandleTags, HandleTags: 0x0"
"10:34:34.2326575","雷小伊脱机日常 Beta 1.6.24.exe","1496","RegQueryKey","HKLM","SUCCESS","Query: Name"
"10:34:34.2326814","雷小伊脱机日常 Beta 1.6.24.exe","1496","RegOpenKey","HKLM\Software\WOW6432Node\Microsoft\Windows NT\CurrentVersion\FontSubstitutes","REPARSE","Desired Access: Read"
"10:34:34.2326931","雷小伊脱机日常 Beta 1.6.24.exe","1496","RegOpenKey","HKLM\SOFTWARE\Microsoft\Windows NT\CurrentVersion\FontSubstitutes","SUCCESS","Desired Access: Read"
"10:34:34.2327041","雷小伊脱机日常 Beta 1.6.24.exe","1496","RegSetInfoKey","HKLM\SOFTWARE\Microsoft\Windows NT\CurrentVersion\FontSubstitutes","SUCCESS","KeySetInformationClass: KeySetHandleTagsInformation, Length: 0"
"10:34:34.2327130","雷小伊脱机日常 Beta 1.6.24.exe","1496","RegQueryValue","HKLM\SOFTWARE\Microsoft\Windows NT\CurrentVersion\FontSubstitutes\微软雅黑","NAME NOT FOUND","Length: 76"
"10:34:34.2327244","雷小伊脱机日常 Beta 1.6.24.exe","1496","RegCloseKey","HKLM\SOFTWARE\Microsoft\Windows NT\CurrentVersion\FontSubstitutes","SUCCESS",""
"10:34:34.2355786","雷小伊脱机日常 Beta 1.6.24.exe","1496","RegQueryKey","HKLM","SUCCESS","Query: HandleTags, HandleTags: 0x0"
"10:34:34.2355868","雷小伊脱机日常 Beta 1.6.24.exe","1496","RegQueryKey","HKLM","SUCCESS","Query: Name"
"10:34:34.2356002","雷小伊脱机日常 Beta 1.6.24.exe","1496","RegOpenKey","HKLM\Software\WOW6432Node\Microsoft\Windows NT\CurrentVersion\FontSubstitutes","REPARSE","Desired Access: Read"
"10:34:34.2356114","雷小伊脱机日常 Beta 1.6.24.exe","1496","RegOpenKey","HKLM\SOFTWARE\Microsoft\Windows NT\CurrentVersion\FontSubstitutes","SUCCESS","Desired Access: Read"
"10:34:34.2356225","雷小伊脱机日常 Beta 1.6.24.exe","1496","RegSetInfoKey","HKLM\SOFTWARE\Microsoft\Windows NT\CurrentVersion\FontSubstitutes","SUCCESS","KeySetInformationClass: KeySetHandleTagsInformation, Length: 0"
"10:34:34.2356311","雷小伊脱机日常 Beta 1.6.24.exe","1496","RegQueryValue","HKLM\SOFTWARE\Microsoft\Windows NT\CurrentVersion\FontSubstitutes\微软雅黑","NAME NOT FOUND","Length: 76"
"10:34:34.2356418","雷小伊脱机日常 Beta 1.6.24.exe","1496","RegCloseKey","HKLM\SOFTWARE\Microsoft\Windows NT\CurrentVersion\FontSubstitutes","SUCCESS",""
"10:34:34.2387766","雷小伊脱机日常 Beta 1.6.24.exe","1496","RegQueryKey","HKLM","SUCCESS","Query: HandleTags, HandleTags: 0x0"
"10:34:34.2387858","雷小伊脱机日常 Beta 1.6.24.exe","1496","RegOpenKey","HKLM\SOFTWARE\Microsoft\Windows NT\CurrentVersion\LanguagePack\SurrogateFallback","SUCCESS","Desired Access: Query Value, Enumerate Sub Keys"
"10:34:34.2388007","雷小伊脱机日常 Beta 1.6.24.exe","1496","RegSetInfoKey","HKLM\SOFTWARE\Microsoft\Windows NT\CurrentVersion\LanguagePack\SurrogateFallback","SUCCESS","KeySetInformationClass: KeySetHandleTagsInformation, Length: 0"
"10:34:34.2388113","雷小伊脱机日常 Beta 1.6.24.exe","1496","RegQueryKey","HKLM\SOFTWARE\Microsoft\Windows NT\CurrentVersion\LanguagePack\SurrogateFallback","SUCCESS","Query: HandleTags, HandleTags: 0x100"
"10:34:34.2388172","雷小伊脱机日常 Beta 1.6.24.exe","1496","RegOpenKey","HKLM\SOFTWARE\Microsoft\Windows NT\CurrentVersion\LanguagePack\SurrogateFallback\SimSun","SUCCESS","Desired Access: Query Value"
"10:34:34.2388308","雷小伊脱机日常 Beta 1.6.24.exe","1496","RegQueryValue","HKLM\SOFTWARE\Microsoft\Windows NT\CurrentVersion\LanguagePack\SurrogateFallback\SimSun\Plane1","NAME NOT FOUND","Length: 53"
"10:34:34.2388387","雷小伊脱机日常 Beta 1.6.24.exe","1496","RegQueryValue","HKLM\SOFTWARE\Microsoft\Windows NT\CurrentVersion\LanguagePack\SurrogateFallback\SimSun\Plane2","SUCCESS","Type: REG_SZ, Length: 24, Data: SimSun-ExtB"
"10:34:34.2388454","雷小伊脱机日常 Beta 1.6.24.exe","1496","RegQueryValue","HKLM\SOFTWARE\Microsoft\Windows NT\CurrentVersion\LanguagePack\SurrogateFallback\SimSun\Plane2","SUCCESS","Type: REG_SZ, Length: 24, Data: SimSun-ExtB"
"10:34:34.2388523","雷小伊脱机日常 Beta 1.6.24.exe","1496","RegQueryValue","HKLM\SOFTWARE\Microsoft\Windows NT\CurrentVersion\LanguagePack\SurrogateFallback\SimSun\Plane3","NAME NOT FOUND","Length: 53"
"10:34:34.2388586","雷小伊脱机日常 Beta 1.6.24.exe","1496","RegQueryValue","HKLM\SOFTWARE\Microsoft\Windows NT\CurrentVersion\LanguagePack\SurrogateFallback\SimSun\Plane4","NAME NOT FOUND","Length: 53"
"10:34:34.2388648","雷小伊脱机日常 Beta 1.6.24.exe","1496","RegQueryValue","HKLM\SOFTWARE\Microsoft\Windows NT\CurrentVersion\LanguagePack\SurrogateFallback\SimSun\Plane5","NAME NOT FOUND","Length: 53"
"10:34:34.2388710","雷小伊脱机日常 Beta 1.6.24.exe","1496","RegQueryValue","HKLM\SOFTWARE\Microsoft\Windows NT\CurrentVersion\LanguagePack\SurrogateFallback\SimSun\Plane6","NAME NOT FOUND","Length: 53"
"10:34:34.2388772","雷小伊脱机日常 Beta 1.6.24.exe","1496","RegQueryValue","HKLM\SOFTWARE\Microsoft\Windows NT\CurrentVersion\LanguagePack\SurrogateFallback\SimSun\Plane7","NAME NOT FOUND","Length: 53"
"10:34:34.2388834","雷小伊脱机日常 Beta 1.6.24.exe","1496","RegQueryValue","HKLM\SOFTWARE\Microsoft\Windows NT\CurrentVersion\LanguagePack\SurrogateFallback\SimSun\Plane8","NAME NOT FOUND","Length: 53"
"10:34:34.2388898","雷小伊脱机日常 Beta 1.6.24.exe","1496","RegQueryValue","HKLM\SOFTWARE\Microsoft\Windows NT\CurrentVersion\LanguagePack\SurrogateFallback\SimSun\Plane9","NAME NOT FOUND","Length: 53"
"10:34:34.2388960","雷小伊脱机日常 Beta 1.6.24.exe","1496","RegQueryValue","HKLM\SOFTWARE\Microsoft\Windows NT\CurrentVersion\LanguagePack\SurrogateFallback\SimSun\Plane10","NAME NOT FOUND","Length: 53"
"10:34:34.2389058","雷小伊脱机日常 Beta 1.6.24.exe","1496","RegQueryValue","HKLM\SOFTWARE\Microsoft\Windows NT\CurrentVersion\LanguagePack\SurrogateFallback\SimSun\Plane11","NAME NOT FOUND","Length: 53"
"10:34:34.2389122","雷小伊脱机日常 Beta 1.6.24.exe","1496","RegQueryValue","HKLM\SOFTWARE\Microsoft\Windows NT\CurrentVersion\LanguagePack\SurrogateFallback\SimSun\Plane12","NAME NOT FOUND","Length: 53"
"10:34:34.2389185","雷小伊脱机日常 Beta 1.6.24.exe","1496","RegQueryValue","HKLM\SOFTWARE\Microsoft\Windows NT\CurrentVersion\LanguagePack\SurrogateFallback\SimSun\Plane13","NAME NOT FOUND","Length: 53"
"10:34:34.2389246","雷小伊脱机日常 Beta 1.6.24.exe","1496","RegQueryValue","HKLM\SOFTWARE\Microsoft\Windows NT\CurrentVersion\LanguagePack\SurrogateFallback\SimSun\Plane14","NAME NOT FOUND","Length: 53"
"10:34:34.2389309","雷小伊脱机日常 Beta 1.6.24.exe","1496","RegQueryValue","HKLM\SOFTWARE\Microsoft\Windows NT\CurrentVersion\LanguagePack\SurrogateFallback\SimSun\Plane15","NAME NOT FOUND","Length: 53"
"10:34:34.2389370","雷小伊脱机日常 Beta 1.6.24.exe","1496","RegQueryValue","HKLM\SOFTWARE\Microsoft\Windows NT\CurrentVersion\LanguagePack\SurrogateFallback\SimSun\Plane16","NAME NOT FOUND","Length: 53"
"10:34:34.2389450","雷小伊脱机日常 Beta 1.6.24.exe","1496","RegCloseKey","HKLM\SOFTWARE\Microsoft\Windows NT\CurrentVersion\LanguagePack\SurrogateFallback\SimSun","SUCCESS",""
"10:34:34.2389514","雷小伊脱机日常 Beta 1.6.24.exe","1496","RegCloseKey","HKLM\SOFTWARE\Microsoft\Windows NT\CurrentVersion\LanguagePack\SurrogateFallback","SUCCESS",""
"10:34:34.2564427","雷小伊脱机日常 Beta 1.6.24.exe","1496","CreateFile","C:\Users\1\Desktop\Config\Config.ini","NAME NOT FOUND","Desired Access: Generic Read, Disposition: Open, Options: Synchronous IO Non-Alert, Non-Directory File, Attributes: n/a, ShareMode: Read, Write, Delete, AllocationSize: n/a"
"10:34:34.2567562","雷小伊脱机日常 Beta 1.6.24.exe","1496","CreateFile","C:\Users\1\Desktop\account.ini","SUCCESS","Desired Access: Generic Read, Disposition: Open, Options: Synchronous IO Non-Alert, Non-Directory File, Attributes: n/a, ShareMode: Read, Write, Delete, AllocationSize: n/a, OpenResult: Opened"
"10:34:34.2567876","雷小伊脱机日常 Beta 1.6.24.exe","1496","LockFile","C:\Users\1\Desktop\account.ini","SUCCESS","Exclusive: False, Offset: 0, Length: 4,294,967,295, Fail Immediately: False"
"10:34:34.2567953","雷小伊脱机日常 Beta 1.6.24.exe","1496","QueryStandardInformationFile","C:\Users\1\Desktop\account.ini","SUCCESS","AllocationSize: 32, EndOfFile: 31, NumberOfLinks: 1, DeletePending: False, Directory: False"
"10:34:34.2568097","雷小伊脱机日常 Beta 1.6.24.exe","1496","ReadFile","C:\Users\1\Desktop\account.ini","SUCCESS","Offset: 0, Length: 31, Priority: Normal"
"10:34:34.2568435","雷小伊脱机日常 Beta 1.6.24.exe","1496","UnlockFileSingle","C:\Users\1\Desktop\account.ini","SUCCESS","Offset: 0, Length: 4,294,967,295"
"10:34:34.2568502","雷小伊脱机日常 Beta 1.6.24.exe","1496","CloseFile","C:\Users\1\Desktop\account.ini","SUCCESS",""
"10:34:34.2570801","雷小伊脱机日常 Beta 1.6.24.exe","1496","CreateFile","C:\Users\1\Desktop\account.ini","SUCCESS","Desired Access: Generic Read, Disposition: Open, Options: Synchronous IO Non-Alert, Non-Directory File, Attributes: n/a, ShareMode: Read, Write, Delete, AllocationSize: n/a, OpenResult: Opened"
"10:34:34.2571020","雷小伊脱机日常 Beta 1.6.24.exe","1496","LockFile","C:\Users\1\Desktop\account.ini","SUCCESS","Exclusive: False, Offset: 0, Length: 4,294,967,295, Fail Immediately: False"
"10:34:34.2571081","雷小伊脱机日常 Beta 1.6.24.exe","1496","QueryStandardInformationFile","C:\Users\1\Desktop\account.ini","SUCCESS","AllocationSize: 32, EndOfFile: 31, NumberOfLinks: 1, DeletePending: False, Directory: False"
"10:34:34.2571203","雷小伊脱机日常 Beta 1.6.24.exe","1496","ReadFile","C:\Users\1\Desktop\account.ini","SUCCESS","Offset: 0, Length: 31, Priority: Normal"
"10:34:34.2571408","雷小伊脱机日常 Beta 1.6.24.exe","1496","UnlockFileSingle","C:\Users\1\Desktop\account.ini","SUCCESS","Offset: 0, Length: 4,294,967,295"
"10:34:34.2571468","雷小伊脱机日常 Beta 1.6.24.exe","1496","CloseFile","C:\Users\1\Desktop\account.ini","SUCCESS",""
"10:34:34.2572483","雷小伊脱机日常 Beta 1.6.24.exe","1496","CreateFile","C:\Users\1\Desktop\account.ini","SUCCESS","Desired Access: Generic Read, Disposition: Open, Options: Synchronous IO Non-Alert, Non-Directory File, Attributes: n/a, ShareMode: Read, Write, Delete, AllocationSize: n/a, OpenResult: Opened"
"10:34:34.2572626","雷小伊脱机日常 Beta 1.6.24.exe","1496","LockFile","C:\Users\1\Desktop\account.ini","SUCCESS","Exclusive: False, Offset: 0, Length: 4,294,967,295, Fail Immediately: False"
"10:34:34.2572679","雷小伊脱机日常 Beta 1.6.24.exe","1496","QueryStandardInformationFile","C:\Users\1\Desktop\account.ini","SUCCESS","AllocationSize: 32, EndOfFile: 31, NumberOfLinks: 1, DeletePending: False, Directory: False"
"10:34:34.2572775","雷小伊脱机日常 Beta 1.6.24.exe","1496","ReadFile","C:\Users\1\Desktop\account.ini","SUCCESS","Offset: 0, Length: 31, Priority: Normal"
"10:34:34.2572950","雷小伊脱机日常 Beta 1.6.24.exe","1496","UnlockFileSingle","C:\Users\1\Desktop\account.ini","SUCCESS","Offset: 0, Length: 4,294,967,295"
"10:34:34.2573004","雷小伊脱机日常 Beta 1.6.24.exe","1496","CloseFile","C:\Users\1\Desktop\account.ini","SUCCESS",""
"10:34:34.2573911","雷小伊脱机日常 Beta 1.6.24.exe","1496","CreateFile","C:\Users\1\Desktop\account.ini","SUCCESS","Desired Access: Generic Read, Disposition: Open, Options: Synchronous IO Non-Alert, Non-Directory File, Attributes: n/a, ShareMode: Read, Write, Delete, AllocationSize: n/a, OpenResult: Opened"
"10:34:34.2574046","雷小伊脱机日常 Beta 1.6.24.exe","1496","LockFile","C:\Users\1\Desktop\account.ini","SUCCESS","Exclusive: False, Offset: 0, Length: 4,294,967,295, Fail Immediately: False"
"10:34:34.2574095","雷小伊脱机日常 Beta 1.6.24.exe","1496","QueryStandardInformationFile","C:\Users\1\Desktop\account.ini","SUCCESS","AllocationSize: 32, EndOfFile: 31, NumberOfLinks: 1, DeletePending: False, Directory: False"
"10:34:34.2574185","雷小伊脱机日常 Beta 1.6.24.exe","1496","ReadFile","C:\Users\1\Desktop\account.ini","SUCCESS","Offset: 0, Length: 31, Priority: Normal"
"10:34:34.2574337","雷小伊脱机日常 Beta 1.6.24.exe","1496","UnlockFileSingle","C:\Users\1\Desktop\account.ini","SUCCESS","Offset: 0, Length: 4,294,967,295"
"10:34:34.2574393","雷小伊脱机日常 Beta 1.6.24.exe","1496","CloseFile","C:\Users\1\Desktop\account.ini","SUCCESS",""
"10:34:34.3555202","雷小伊脱机日常 Beta 1.6.24.exe","1496","ReadFile","C:\Windows\WinSxS\x86_microsoft.windows.common-controls_6595b64144ccf1df_6.0.19041.3636_none_a863d714867441db\comctl32.dll","SUCCESS","Offset: 1,664,000, Length: 4,096, I/O Flags: Non-cached, Paging I/O, Synchronous Paging I/O, Priority: Normal"
"10:34:35.2814957","雷小伊脱机日常 Beta 1.6.24.exe","1496","RegQueryKey","HKCU","SUCCESS","Query: HandleTags, HandleTags: 0x0"
"10:34:35.2815032","雷小伊脱机日常 Beta 1.6.24.exe","1496","RegQueryKey","HKCU","SUCCESS","Query: Name"
"10:34:35.2815175","雷小伊脱机日常 Beta 1.6.24.exe","1496","RegOpenKey","HKCU\AppEvents\Schemes\Apps\.Default\CCSelect\.current","SUCCESS","Desired Access: Query Value"
"10:34:35.2815348","雷小伊脱机日常 Beta 1.6.24.exe","1496","RegSetInfoKey","HKCU\AppEvents\Schemes\Apps\.Default\CCSelect\.Current","SUCCESS","KeySetInformationClass: KeySetHandleTagsInformation, Length: 0"
"10:34:35.2815438","雷小伊脱机日常 Beta 1.6.24.exe","1496","RegQueryValue","HKCU\AppEvents\Schemes\Apps\.Default\CCSelect\.Current\(Default)","SUCCESS","Type: REG_SZ, Length: 2, Data: "
"10:34:35.2815550","雷小伊脱机日常 Beta 1.6.24.exe","1496","RegCloseKey","HKCU\AppEvents\Schemes\Apps\.Default\CCSelect\.Current","SUCCESS",""
"10:34:37.8144356","雷小伊脱机日常 Beta 1.6.24.exe","1496","CreateFile","C:\Users\1\Desktop\account.ini","SUCCESS","Desired Access: Generic Read, Disposition: Open, Options: Synchronous IO Non-Alert, Non-Directory File, Attributes: n/a, ShareMode: Read, Write, Delete, AllocationSize: n/a, OpenResult: Opened"
"10:34:37.8144724","雷小伊脱机日常 Beta 1.6.24.exe","1496","LockFile","C:\Users\1\Desktop\account.ini","SUCCESS","Exclusive: False, Offset: 0, Length: 4,294,967,295, Fail Immediately: False"
"10:34:37.8144839","雷小伊脱机日常 Beta 1.6.24.exe","1496","QueryStandardInformationFile","C:\Users\1\Desktop\account.ini","SUCCESS","AllocationSize: 32, EndOfFile: 31, NumberOfLinks: 1, DeletePending: False, Directory: False"
"10:34:37.8145054","雷小伊脱机日常 Beta 1.6.24.exe","1496","ReadFile","C:\Users\1\Desktop\account.ini","SUCCESS","Offset: 0, Length: 31, Priority: Normal"
"10:34:37.8145484","雷小伊脱机日常 Beta 1.6.24.exe","1496","UnlockFileSingle","C:\Users\1\Desktop\account.ini","SUCCESS","Offset: 0, Length: 4,294,967,295"
"10:34:37.8145583","雷小伊脱机日常 Beta 1.6.24.exe","1496","CloseFile","C:\Users\1\Desktop\account.ini","SUCCESS",""
"10:34:37.8152953","雷小伊脱机日常 Beta 1.6.24.exe","1496","CreateFile","C:\Users\1\Desktop\account.ini","SUCCESS","Desired Access: Generic Read, Disposition: Open, Options: Synchronous IO Non-Alert, Non-Directory File, Attributes: n/a, ShareMode: Read, Write, Delete, AllocationSize: n/a, OpenResult: Opened"
"10:34:37.8153250","雷小伊脱机日常 Beta 1.6.24.exe","1496","LockFile","C:\Users\1\Desktop\account.ini","SUCCESS","Exclusive: False, Offset: 0, Length: 4,294,967,295, Fail Immediately: False"
"10:34:37.8153346","雷小伊脱机日常 Beta 1.6.24.exe","1496","QueryStandardInformationFile","C:\Users\1\Desktop\account.ini","SUCCESS","AllocationSize: 32, EndOfFile: 31, NumberOfLinks: 1, DeletePending: False, Directory: False"
"10:34:37.8153525","雷小伊脱机日常 Beta 1.6.24.exe","1496","ReadFile","C:\Users\1\Desktop\account.ini","SUCCESS","Offset: 0, Length: 31, Priority: Normal"
"10:34:37.8153795","雷小伊脱机日常 Beta 1.6.24.exe","1496","UnlockFileSingle","C:\Users\1\Desktop\account.ini","SUCCESS","Offset: 0, Length: 4,294,967,295"
"10:34:37.8153887","雷小伊脱机日常 Beta 1.6.24.exe","1496","CloseFile","C:\Users\1\Desktop\account.ini","SUCCESS",""
"10:34:37.8156305","雷小伊脱机日常 Beta 1.6.24.exe","1496","CreateFile","C:\Users\1\Desktop\account.ini","SUCCESS","Desired Access: Generic Read, Disposition: Open, Options: Synchronous IO Non-Alert, Non-Directory File, Attributes: n/a, ShareMode: Read, Write, Delete, AllocationSize: n/a, OpenResult: Opened"
"10:34:37.8156525","雷小伊脱机日常 Beta 1.6.24.exe","1496","LockFile","C:\Users\1\Desktop\account.ini","SUCCESS","Exclusive: False, Offset: 0, Length: 4,294,967,295, Fail Immediately: False"
"10:34:37.8156612","雷小伊脱机日常 Beta 1.6.24.exe","1496","QueryStandardInformationFile","C:\Users\1\Desktop\account.ini","SUCCESS","AllocationSize: 32, EndOfFile: 31, NumberOfLinks: 1, DeletePending: False, Directory: False"
"10:34:37.8156766","雷小伊脱机日常 Beta 1.6.24.exe","1496","ReadFile","C:\Users\1\Desktop\account.ini","SUCCESS","Offset: 0, Length: 31, Priority: Normal"
"10:34:37.8157001","雷小伊脱机日常 Beta 1.6.24.exe","1496","UnlockFileSingle","C:\Users\1\Desktop\account.ini","SUCCESS","Offset: 0, Length: 4,294,967,295"
"10:34:37.8157092","雷小伊脱机日常 Beta 1.6.24.exe","1496","CloseFile","C:\Users\1\Desktop\account.ini","SUCCESS",""
"10:34:37.8159449","雷小伊脱机日常 Beta 1.6.24.exe","1496","CreateFile","C:\Users\1\Desktop\account.ini","SUCCESS","Desired Access: Generic Read, Disposition: Open, Options: Synchronous IO Non-Alert, Non-Directory File, Attributes: n/a, ShareMode: Read, Write, Delete, AllocationSize: n/a, OpenResult: Opened"
"10:34:37.8159647","雷小伊脱机日常 Beta 1.6.24.exe","1496","LockFile","C:\Users\1\Desktop\account.ini","SUCCESS","Exclusive: False, Offset: 0, Length: 4,294,967,295, Fail Immediately: False"
"10:34:37.8159729","雷小伊脱机日常 Beta 1.6.24.exe","1496","QueryStandardInformationFile","C:\Users\1\Desktop\account.ini","SUCCESS","AllocationSize: 32, EndOfFile: 31, NumberOfLinks: 1, DeletePending: False, Directory: False"
"10:34:37.8159870","雷小伊脱机日常 Beta 1.6.24.exe","1496","ReadFile","C:\Users\1\Desktop\account.ini","SUCCESS","Offset: 0, Length: 31, Priority: Normal"
"10:34:37.8160087","雷小伊脱机日常 Beta 1.6.24.exe","1496","UnlockFileSingle","C:\Users\1\Desktop\account.ini","SUCCESS","Offset: 0, Length: 4,294,967,295"
"10:34:37.8160176","雷小伊脱机日常 Beta 1.6.24.exe","1496","CloseFile","C:\Users\1\Desktop\account.ini","SUCCESS",""
"10:34:40.6563489","雷小伊脱机日常 Beta 1.6.24.exe","1496","ReadFile","C:\Windows\WinSxS\x86_microsoft.windows.common-controls_6595b64144ccf1df_6.0.19041.3636_none_a863d714867441db\comctl32.dll","SUCCESS","Offset: 1,772,032, Length: 16,384, I/O Flags: Non-cached, Paging I/O, Synchronous Paging I/O, Priority: Normal"
"10:34:41.8306878","雷小伊脱机日常 Beta 1.6.24.exe","1496","Thread Create","","SUCCESS","Thread ID: 2772"
"10:34:41.8310002","雷小伊脱机日常 Beta 1.6.24.exe","1496","Thread Exit","","SUCCESS","Thread ID: 2772, User Time: 0.0000000, Kernel Time: 0.0000000"
"10:34:43.2383676","雷小伊脱机日常 Beta 1.6.24.exe","1496","RegQueryKey","HKCU","SUCCESS","Query: HandleTags, HandleTags: 0x0"
"10:34:43.2383801","雷小伊脱机日常 Beta 1.6.24.exe","1496","RegQueryKey","HKCU","SUCCESS","Query: Name"
"10:34:43.2383976","雷小伊脱机日常 Beta 1.6.24.exe","1496","RegOpenKey","HKCU\Software\Microsoft\Windows\CurrentVersion\Explorer\Advanced","SUCCESS","Desired Access: Read"
"10:34:43.2384186","雷小伊脱机日常 Beta 1.6.24.exe","1496","RegSetInfoKey","HKCU\SOFTWARE\Microsoft\Windows\CurrentVersion\Explorer\Advanced","SUCCESS","KeySetInformationClass: KeySetHandleTagsInformation, Length: 0"
"10:34:43.2384285","雷小伊脱机日常 Beta 1.6.24.exe","1496","RegQueryValue","HKCU\SOFTWARE\Microsoft\Windows\CurrentVersion\Explorer\Advanced\AccListViewV6","NAME NOT FOUND","Length: 16"
"10:34:43.2384454","雷小伊脱机日常 Beta 1.6.24.exe","1496","RegCloseKey","HKCU\SOFTWARE\Microsoft\Windows\CurrentVersion\Explorer\Advanced","SUCCESS",""
"10:34:43.2384565","雷小伊脱机日常 Beta 1.6.24.exe","1496","RegQueryKey","HKCU","SUCCESS","Query: HandleTags, HandleTags: 0x0"
"10:34:43.2384636","雷小伊脱机日常 Beta 1.6.24.exe","1496","RegQueryKey","HKCU","SUCCESS","Query: Name"
"10:34:43.2384735","雷小伊脱机日常 Beta 1.6.24.exe","1496","RegOpenKey","HKCU\Software\Microsoft\Windows\CurrentVersion\Explorer\Advanced","SUCCESS","Desired Access: Read"
"10:34:43.2384827","雷小伊脱机日常 Beta 1.6.24.exe","1496","RegSetInfoKey","HKCU\SOFTWARE\Microsoft\Windows\CurrentVersion\Explorer\Advanced","SUCCESS","KeySetInformationClass: KeySetHandleTagsInformation, Length: 0"
"10:34:43.2384939","雷小伊脱机日常 Beta 1.6.24.exe","1496","RegQueryValue","HKCU\SOFTWARE\Microsoft\Windows\CurrentVersion\Explorer\Advanced\UseDoubleClickTimer","NAME NOT FOUND","Length: 16"
"10:34:43.2385030","雷小伊脱机日常 Beta 1.6.24.exe","1496","RegCloseKey","HKCU\SOFTWARE\Microsoft\Windows\CurrentVersion\Explorer\Advanced","SUCCESS",""
"10:34:43.2397091","雷小伊脱机日常 Beta 1.6.24.exe","1496","RegQueryKey","HKLM","SUCCESS","Query: HandleTags, HandleTags: 0x0"
"10:34:43.2397183","雷小伊脱机日常 Beta 1.6.24.exe","1496","RegQueryKey","HKLM","SUCCESS","Query: Name"
"10:34:43.2397400","雷小伊脱机日常 Beta 1.6.24.exe","1496","RegOpenKey","HKLM\Software\WOW6432Node\Microsoft\Windows NT\CurrentVersion\FontSubstitutes","REPARSE","Desired Access: Read"
"10:34:43.2397625","雷小伊脱机日常 Beta 1.6.24.exe","1496","RegOpenKey","HKLM\SOFTWARE\Microsoft\Windows NT\CurrentVersion\FontSubstitutes","SUCCESS","Desired Access: Read"
"10:34:43.2397755","雷小伊脱机日常 Beta 1.6.24.exe","1496","RegSetInfoKey","HKLM\SOFTWARE\Microsoft\Windows NT\CurrentVersion\FontSubstitutes","SUCCESS","KeySetInformationClass: KeySetHandleTagsInformation, Length: 0"
"10:34:43.2397856","雷小伊脱机日常 Beta 1.6.24.exe","1496","RegQueryValue","HKLM\SOFTWARE\Microsoft\Windows NT\CurrentVersion\FontSubstitutes\Microsoft YaHei UI","NAME NOT FOUND","Length: 76"
"10:34:43.2397994","雷小伊脱机日常 Beta 1.6.24.exe","1496","RegCloseKey","HKLM\SOFTWARE\Microsoft\Windows NT\CurrentVersion\FontSubstitutes","SUCCESS",""
"10:34:43.2417346","雷小伊脱机日常 Beta 1.6.24.exe","1496","RegQueryKey","HKLM","SUCCESS","Query: HandleTags, HandleTags: 0x0"
"10:34:43.2417450","雷小伊脱机日常 Beta 1.6.24.exe","1496","RegQueryKey","HKLM","SUCCESS","Query: Name"
"10:34:43.2417641","雷小伊脱机日常 Beta 1.6.24.exe","1496","RegOpenKey","HKLM\Software\WOW6432Node\Microsoft\Windows NT\CurrentVersion\FontSubstitutes","REPARSE","Desired Access: Read"
"10:34:43.2417790","雷小伊脱机日常 Beta 1.6.24.exe","1496","RegOpenKey","HKLM\SOFTWARE\Microsoft\Windows NT\CurrentVersion\FontSubstitutes","SUCCESS","Desired Access: Read"
"10:34:43.2417918","雷小伊脱机日常 Beta 1.6.24.exe","1496","RegSetInfoKey","HKLM\SOFTWARE\Microsoft\Windows NT\CurrentVersion\FontSubstitutes","SUCCESS","KeySetInformationClass: KeySetHandleTagsInformation, Length: 0"
"10:34:43.2418024","雷小伊脱机日常 Beta 1.6.24.exe","1496","RegQueryValue","HKLM\SOFTWARE\Microsoft\Windows NT\CurrentVersion\FontSubstitutes\Microsoft YaHei UI","NAME NOT FOUND","Length: 76"
"10:34:43.2418159","雷小伊脱机日常 Beta 1.6.24.exe","1496","RegCloseKey","HKLM\SOFTWARE\Microsoft\Windows NT\CurrentVersion\FontSubstitutes","SUCCESS",""
"10:34:43.2419640","雷小伊脱机日常 Beta 1.6.24.exe","1496","RegQueryKey","HKLM","SUCCESS","Query: HandleTags, HandleTags: 0x0"
"10:34:43.2419726","雷小伊脱机日常 Beta 1.6.24.exe","1496","RegQueryKey","HKLM","SUCCESS","Query: Name"
"10:34:43.2419861","雷小伊脱机日常 Beta 1.6.24.exe","1496","RegOpenKey","HKLM\Software\WOW6432Node\Microsoft\Windows NT\CurrentVersion\FontSubstitutes","REPARSE","Desired Access: Read"
"10:34:43.2419970","雷小伊脱机日常 Beta 1.6.24.exe","1496","RegOpenKey","HKLM\SOFTWARE\Microsoft\Windows NT\CurrentVersion\FontSubstitutes","SUCCESS","Desired Access: Read"
"10:34:43.2420069","雷小伊脱机日常 Beta 1.6.24.exe","1496","RegSetInfoKey","HKLM\SOFTWARE\Microsoft\Windows NT\CurrentVersion\FontSubstitutes","SUCCESS","KeySetInformationClass: KeySetHandleTagsInformation, Length: 0"
"10:34:43.2420157","雷小伊脱机日常 Beta 1.6.24.exe","1496","RegQueryValue","HKLM\SOFTWARE\Microsoft\Windows NT\CurrentVersion\FontSubstitutes\Microsoft YaHei UI","NAME NOT FOUND","Length: 76"
"10:34:43.2420268","雷小伊脱机日常 Beta 1.6.24.exe","1496","RegCloseKey","HKLM\SOFTWARE\Microsoft\Windows NT\CurrentVersion\FontSubstitutes","SUCCESS",""
"10:34:43.2424171","雷小伊脱机日常 Beta 1.6.24.exe","1496","RegQueryKey","HKLM","SUCCESS","Query: HandleTags, HandleTags: 0x0"
"10:34:43.2424240","雷小伊脱机日常 Beta 1.6.24.exe","1496","RegQueryKey","HKLM","SUCCESS","Query: Name"
"10:34:43.2424355","雷小伊脱机日常 Beta 1.6.24.exe","1496","RegOpenKey","HKLM\Software\WOW6432Node\Microsoft\Windows NT\CurrentVersion\FontSubstitutes","REPARSE","Desired Access: Read"
"10:34:43.2424516","雷小伊脱机日常 Beta 1.6.24.exe","1496","RegOpenKey","HKLM\SOFTWARE\Microsoft\Windows NT\CurrentVersion\FontSubstitutes","SUCCESS","Desired Access: Read"
"10:34:43.2424625","雷小伊脱机日常 Beta 1.6.24.exe","1496","RegSetInfoKey","HKLM\SOFTWARE\Microsoft\Windows NT\CurrentVersion\FontSubstitutes","SUCCESS","KeySetInformationClass: KeySetHandleTagsInformation, Length: 0"
"10:34:43.2424698","雷小伊脱机日常 Beta 1.6.24.exe","1496","RegQueryValue","HKLM\SOFTWARE\Microsoft\Windows NT\CurrentVersion\FontSubstitutes\SimSun","NAME NOT FOUND","Length: 76"
"10:34:43.2424791","雷小伊脱机日常 Beta 1.6.24.exe","1496","RegCloseKey","HKLM\SOFTWARE\Microsoft\Windows NT\CurrentVersion\FontSubstitutes","SUCCESS",""
"10:34:43.2431761","雷小伊脱机日常 Beta 1.6.24.exe","1496","RegQueryKey","HKLM","SUCCESS","Query: HandleTags, HandleTags: 0x0"
"10:34:43.2431842","雷小伊脱机日常 Beta 1.6.24.exe","1496","RegQueryKey","HKLM","SUCCESS","Query: Name"
"10:34:43.2431970","雷小伊脱机日常 Beta 1.6.24.exe","1496","RegOpenKey","HKLM\Software\WOW6432Node\Microsoft\Windows NT\CurrentVersion\FontSubstitutes","REPARSE","Desired Access: Read"
"10:34:43.2432082","雷小伊脱机日常 Beta 1.6.24.exe","1496","RegOpenKey","HKLM\SOFTWARE\Microsoft\Windows NT\CurrentVersion\FontSubstitutes","SUCCESS","Desired Access: Read"
"10:34:43.2432181","雷小伊脱机日常 Beta 1.6.24.exe","1496","RegSetInfoKey","HKLM\SOFTWARE\Microsoft\Windows NT\CurrentVersion\FontSubstitutes","SUCCESS","KeySetInformationClass: KeySetHandleTagsInformation, Length: 0"
"10:34:43.2432264","雷小伊脱机日常 Beta 1.6.24.exe","1496","RegQueryValue","HKLM\SOFTWARE\Microsoft\Windows NT\CurrentVersion\FontSubstitutes\SimSun","NAME NOT FOUND","Length: 76"
"10:34:43.2432364","雷小伊脱机日常 Beta 1.6.24.exe","1496","RegCloseKey","HKLM\SOFTWARE\Microsoft\Windows NT\CurrentVersion\FontSubstitutes","SUCCESS",""
"10:34:43.2433017","雷小伊脱机日常 Beta 1.6.24.exe","1496","RegQueryKey","HKLM","SUCCESS","Query: HandleTags, HandleTags: 0x0"
"10:34:43.2433089","雷小伊脱机日常 Beta 1.6.24.exe","1496","RegQueryKey","HKLM","SUCCESS","Query: Name"
"10:34:43.2433200","雷小伊脱机日常 Beta 1.6.24.exe","1496","RegOpenKey","HKLM\Software\WOW6432Node\Microsoft\Windows NT\CurrentVersion\FontSubstitutes","REPARSE","Desired Access: Read"
"10:34:43.2433290","雷小伊脱机日常 Beta 1.6.24.exe","1496","RegOpenKey","HKLM\SOFTWARE\Microsoft\Windows NT\CurrentVersion\FontSubstitutes","SUCCESS","Desired Access: Read"
"10:34:43.2433391","雷小伊脱机日常 Beta 1.6.24.exe","1496","RegSetInfoKey","HKLM\SOFTWARE\Microsoft\Windows NT\CurrentVersion\FontSubstitutes","SUCCESS","KeySetInformationClass: KeySetHandleTagsInformation, Length: 0"
"10:34:43.2433607","雷小伊脱机日常 Beta 1.6.24.exe","1496","RegQueryValue","HKLM\SOFTWARE\Microsoft\Windows NT\CurrentVersion\FontSubstitutes\SimSun","NAME NOT FOUND","Length: 76"
"10:34:43.2433699","雷小伊脱机日常 Beta 1.6.24.exe","1496","RegCloseKey","HKLM\SOFTWARE\Microsoft\Windows NT\CurrentVersion\FontSubstitutes","SUCCESS",""
"10:34:43.2692503","雷小伊脱机日常 Beta 1.6.24.exe","1496","RegQueryKey","HKCU","SUCCESS","Query: HandleTags, HandleTags: 0x0"
"10:34:43.2692623","雷小伊脱机日常 Beta 1.6.24.exe","1496","RegQueryKey","HKCU","SUCCESS","Query: Name"
"10:34:43.2692804","雷小伊脱机日常 Beta 1.6.24.exe","1496","RegOpenKey","HKCU\Software\Microsoft\Windows\CurrentVersion\Explorer\Advanced","SUCCESS","Desired Access: Read"
"10:34:43.2693007","雷小伊脱机日常 Beta 1.6.24.exe","1496","RegSetInfoKey","HKCU\SOFTWARE\Microsoft\Windows\CurrentVersion\Explorer\Advanced","SUCCESS","KeySetInformationClass: KeySetHandleTagsInformation, Length: 0"
"10:34:43.2693111","雷小伊脱机日常 Beta 1.6.24.exe","1496","RegQueryValue","HKCU\SOFTWARE\Microsoft\Windows\CurrentVersion\Explorer\Advanced\AccListViewV6","NAME NOT FOUND","Length: 16"
"10:34:43.2693283","雷小伊脱机日常 Beta 1.6.24.exe","1496","RegCloseKey","HKCU\SOFTWARE\Microsoft\Windows\CurrentVersion\Explorer\Advanced","SUCCESS",""
"10:34:43.2693402","雷小伊脱机日常 Beta 1.6.24.exe","1496","RegQueryKey","HKCU","SUCCESS","Query: HandleTags, HandleTags: 0x0"
"10:34:43.2693477","雷小伊脱机日常 Beta 1.6.24.exe","1496","RegQueryKey","HKCU","SUCCESS","Query: Name"
"10:34:43.2693581","雷小伊脱机日常 Beta 1.6.24.exe","1496","RegOpenKey","HKCU\Software\Microsoft\Windows\CurrentVersion\Explorer\Advanced","SUCCESS","Desired Access: Read"
"10:34:43.2693674","雷小伊脱机日常 Beta 1.6.24.exe","1496","RegSetInfoKey","HKCU\SOFTWARE\Microsoft\Windows\CurrentVersion\Explorer\Advanced","SUCCESS","KeySetInformationClass: KeySetHandleTagsInformation, Length: 0"
"10:34:43.2693756","雷小伊脱机日常 Beta 1.6.24.exe","1496","RegQueryValue","HKCU\SOFTWARE\Microsoft\Windows\CurrentVersion\Explorer\Advanced\UseDoubleClickTimer","NAME NOT FOUND","Length: 16"
"10:34:43.2693855","雷小伊脱机日常 Beta 1.6.24.exe","1496","RegCloseKey","HKCU\SOFTWARE\Microsoft\Windows\CurrentVersion\Explorer\Advanced","SUCCESS",""
"10:34:43.2707683","雷小伊脱机日常 Beta 1.6.24.exe","1496","RegQueryKey","HKLM","SUCCESS","Query: HandleTags, HandleTags: 0x0"
"10:34:43.2707781","雷小伊脱机日常 Beta 1.6.24.exe","1496","RegQueryKey","HKLM","SUCCESS","Query: Name"
"10:34:43.2707953","雷小伊脱机日常 Beta 1.6.24.exe","1496","RegOpenKey","HKLM\Software\WOW6432Node\Microsoft\Windows NT\CurrentVersion\FontSubstitutes","REPARSE","Desired Access: Read"
"10:34:43.2708165","雷小伊脱机日常 Beta 1.6.24.exe","1496","RegOpenKey","HKLM\SOFTWARE\Microsoft\Windows NT\CurrentVersion\FontSubstitutes","SUCCESS","Desired Access: Read"
"10:34:43.2708298","雷小伊脱机日常 Beta 1.6.24.exe","1496","RegSetInfoKey","HKLM\SOFTWARE\Microsoft\Windows NT\CurrentVersion\FontSubstitutes","SUCCESS","KeySetInformationClass: KeySetHandleTagsInformation, Length: 0"
"10:34:43.2708395","雷小伊脱机日常 Beta 1.6.24.exe","1496","RegQueryValue","HKLM\SOFTWARE\Microsoft\Windows NT\CurrentVersion\FontSubstitutes\Microsoft YaHei UI","NAME NOT FOUND","Length: 76"
"10:34:43.2708628","雷小伊脱机日常 Beta 1.6.24.exe","1496","RegCloseKey","HKLM\SOFTWARE\Microsoft\Windows NT\CurrentVersion\FontSubstitutes","SUCCESS",""
"10:34:43.2737832","雷小伊脱机日常 Beta 1.6.24.exe","1496","RegQueryKey","HKLM","SUCCESS","Query: HandleTags, HandleTags: 0x0"
"10:34:43.2737947","雷小伊脱机日常 Beta 1.6.24.exe","1496","RegQueryKey","HKLM","SUCCESS","Query: Name"
"10:34:43.2738158","雷小伊脱机日常 Beta 1.6.24.exe","1496","RegOpenKey","HKLM\Software\WOW6432Node\Microsoft\Windows NT\CurrentVersion\FontSubstitutes","REPARSE","Desired Access: Read"
"10:34:43.2738351","雷小伊脱机日常 Beta 1.6.24.exe","1496","RegOpenKey","HKLM\SOFTWARE\Microsoft\Windows NT\CurrentVersion\FontSubstitutes","SUCCESS","Desired Access: Read"
"10:34:43.2738490","雷小伊脱机日常 Beta 1.6.24.exe","1496","RegSetInfoKey","HKLM\SOFTWARE\Microsoft\Windows NT\CurrentVersion\FontSubstitutes","SUCCESS","KeySetInformationClass: KeySetHandleTagsInformation, Length: 0"
"10:34:43.2738596","雷小伊脱机日常 Beta 1.6.24.exe","1496","RegQueryValue","HKLM\SOFTWARE\Microsoft\Windows NT\CurrentVersion\FontSubstitutes\Microsoft YaHei UI","NAME NOT FOUND","Length: 76"
"10:34:43.2738746","雷小伊脱机日常 Beta 1.6.24.exe","1496","RegCloseKey","HKLM\SOFTWARE\Microsoft\Windows NT\CurrentVersion\FontSubstitutes","SUCCESS",""
"10:34:43.2746596","雷小伊脱机日常 Beta 1.6.24.exe","1496","RegQueryKey","HKLM","SUCCESS","Query: HandleTags, HandleTags: 0x0"
"10:34:43.2746694","雷小伊脱机日常 Beta 1.6.24.exe","1496","RegQueryKey","HKLM","SUCCESS","Query: Name"
"10:34:43.2746842","雷小伊脱机日常 Beta 1.6.24.exe","1496","RegOpenKey","HKLM\Software\WOW6432Node\Microsoft\Windows NT\CurrentVersion\FontSubstitutes","REPARSE","Desired Access: Read"
"10:34:43.2747005","雷小伊脱机日常 Beta 1.6.24.exe","1496","RegOpenKey","HKLM\SOFTWARE\Microsoft\Windows NT\CurrentVersion\FontSubstitutes","SUCCESS","Desired Access: Read"
"10:34:43.2747127","雷小伊脱机日常 Beta 1.6.24.exe","1496","RegSetInfoKey","HKLM\SOFTWARE\Microsoft\Windows NT\CurrentVersion\FontSubstitutes","SUCCESS","KeySetInformationClass: KeySetHandleTagsInformation, Length: 0"
"10:34:43.2747221","雷小伊脱机日常 Beta 1.6.24.exe","1496","RegQueryValue","HKLM\SOFTWARE\Microsoft\Windows NT\CurrentVersion\FontSubstitutes\Microsoft YaHei UI","NAME NOT FOUND","Length: 76"
"10:34:43.2747355","雷小伊脱机日常 Beta 1.6.24.exe","1496","RegCloseKey","HKLM\SOFTWARE\Microsoft\Windows NT\CurrentVersion\FontSubstitutes","SUCCESS",""
"10:34:43.2755271","雷小伊脱机日常 Beta 1.6.24.exe","1496","RegQueryKey","HKLM","SUCCESS","Query: HandleTags, HandleTags: 0x0"
"10:34:43.2755341","雷小伊脱机日常 Beta 1.6.24.exe","1496","RegQueryKey","HKLM","SUCCESS","Query: Name"
"10:34:43.2755463","雷小伊脱机日常 Beta 1.6.24.exe","1496","RegOpenKey","HKLM\Software\WOW6432Node\Microsoft\Windows NT\CurrentVersion\FontSubstitutes","REPARSE","Desired Access: Read"
"10:34:43.2755576","雷小伊脱机日常 Beta 1.6.24.exe","1496","RegOpenKey","HKLM\SOFTWARE\Microsoft\Windows NT\CurrentVersion\FontSubstitutes","SUCCESS","Desired Access: Read"
"10:34:43.2755666","雷小伊脱机日常 Beta 1.6.24.exe","1496","RegSetInfoKey","HKLM\SOFTWARE\Microsoft\Windows NT\CurrentVersion\FontSubstitutes","SUCCESS","KeySetInformationClass: KeySetHandleTagsInformation, Length: 0"
"10:34:43.2755739","雷小伊脱机日常 Beta 1.6.24.exe","1496","RegQueryValue","HKLM\SOFTWARE\Microsoft\Windows NT\CurrentVersion\FontSubstitutes\微软雅黑","NAME NOT FOUND","Length: 76"
"10:34:43.2755843","雷小伊脱机日常 Beta 1.6.24.exe","1496","RegCloseKey","HKLM\SOFTWARE\Microsoft\Windows NT\CurrentVersion\FontSubstitutes","SUCCESS",""
"10:34:43.2765651","雷小伊脱机日常 Beta 1.6.24.exe","1496","RegQueryKey","HKLM","SUCCESS","Query: HandleTags, HandleTags: 0x0"
"10:34:43.2765731","雷小伊脱机日常 Beta 1.6.24.exe","1496","RegQueryKey","HKLM","SUCCESS","Query: Name"
"10:34:43.2765863","雷小伊脱机日常 Beta 1.6.24.exe","1496","RegOpenKey","HKLM\Software\WOW6432Node\Microsoft\Windows NT\CurrentVersion\FontSubstitutes","REPARSE","Desired Access: Read"
"10:34:43.2765983","雷小伊脱机日常 Beta 1.6.24.exe","1496","RegOpenKey","HKLM\SOFTWARE\Microsoft\Windows NT\CurrentVersion\FontSubstitutes","SUCCESS","Desired Access: Read"
"10:34:43.2766125","雷小伊脱机日常 Beta 1.6.24.exe","1496","RegSetInfoKey","HKLM\SOFTWARE\Microsoft\Windows NT\CurrentVersion\FontSubstitutes","SUCCESS","KeySetInformationClass: KeySetHandleTagsInformation, Length: 0"
"10:34:43.2766210","雷小伊脱机日常 Beta 1.6.24.exe","1496","RegQueryValue","HKLM\SOFTWARE\Microsoft\Windows NT\CurrentVersion\FontSubstitutes\微软雅黑","NAME NOT FOUND","Length: 76"
"10:34:43.2766328","雷小伊脱机日常 Beta 1.6.24.exe","1496","RegCloseKey","HKLM\SOFTWARE\Microsoft\Windows NT\CurrentVersion\FontSubstitutes","SUCCESS",""
"10:34:43.2767052","雷小伊脱机日常 Beta 1.6.24.exe","1496","RegQueryKey","HKLM","SUCCESS","Query: HandleTags, HandleTags: 0x0"
"10:34:43.2767129","雷小伊脱机日常 Beta 1.6.24.exe","1496","RegQueryKey","HKLM","SUCCESS","Query: Name"
"10:34:43.2767240","雷小伊脱机日常 Beta 1.6.24.exe","1496","RegOpenKey","HKLM\Software\WOW6432Node\Microsoft\Windows NT\CurrentVersion\FontSubstitutes","REPARSE","Desired Access: Read"
"10:34:43.2767332","雷小伊脱机日常 Beta 1.6.24.exe","1496","RegOpenKey","HKLM\SOFTWARE\Microsoft\Windows NT\CurrentVersion\FontSubstitutes","SUCCESS","Desired Access: Read"
"10:34:43.2767422","雷小伊脱机日常 Beta 1.6.24.exe","1496","RegSetInfoKey","HKLM\SOFTWARE\Microsoft\Windows NT\CurrentVersion\FontSubstitutes","SUCCESS","KeySetInformationClass: KeySetHandleTagsInformation, Length: 0"
"10:34:43.2767501","雷小伊脱机日常 Beta 1.6.24.exe","1496","RegQueryValue","HKLM\SOFTWARE\Microsoft\Windows NT\CurrentVersion\FontSubstitutes\微软雅黑","NAME NOT FOUND","Length: 76"
"10:34:43.2767598","雷小伊脱机日常 Beta 1.6.24.exe","1496","RegCloseKey","HKLM\SOFTWARE\Microsoft\Windows NT\CurrentVersion\FontSubstitutes","SUCCESS",""
"10:34:43.2810196","雷小伊脱机日常 Beta 1.6.24.exe","1496","RegQueryKey","HKCU","SUCCESS","Query: HandleTags, HandleTags: 0x0"
"10:34:43.2810288","雷小伊脱机日常 Beta 1.6.24.exe","1496","RegQueryKey","HKCU","SUCCESS","Query: Name"
"10:34:43.2810435","雷小伊脱机日常 Beta 1.6.24.exe","1496","RegOpenKey","HKCU\Software\Microsoft\Windows\CurrentVersion\Explorer\Advanced","SUCCESS","Desired Access: Read"
"10:34:43.2810590","雷小伊脱机日常 Beta 1.6.24.exe","1496","RegSetInfoKey","HKCU\SOFTWARE\Microsoft\Windows\CurrentVersion\Explorer\Advanced","SUCCESS","KeySetInformationClass: KeySetHandleTagsInformation, Length: 0"
"10:34:43.2810686","雷小伊脱机日常 Beta 1.6.24.exe","1496","RegQueryValue","HKCU\SOFTWARE\Microsoft\Windows\CurrentVersion\Explorer\Advanced\AccListViewV6","NAME NOT FOUND","Length: 16"
"10:34:43.2810829","雷小伊脱机日常 Beta 1.6.24.exe","1496","RegCloseKey","HKCU\SOFTWARE\Microsoft\Windows\CurrentVersion\Explorer\Advanced","SUCCESS",""
"10:34:43.2810970","雷小伊脱机日常 Beta 1.6.24.exe","1496","RegQueryKey","HKCU","SUCCESS","Query: HandleTags, HandleTags: 0x0"
"10:34:43.2811136","雷小伊脱机日常 Beta 1.6.24.exe","1496","RegQueryKey","HKCU","SUCCESS","Query: Name"
"10:34:43.2811459","雷小伊脱机日常 Beta 1.6.24.exe","1496","RegOpenKey","HKCU\Software\Microsoft\Windows\CurrentVersion\Explorer\Advanced","SUCCESS","Desired Access: Read"
"10:34:43.2811570","雷小伊脱机日常 Beta 1.6.24.exe","1496","RegSetInfoKey","HKCU\SOFTWARE\Microsoft\Windows\CurrentVersion\Explorer\Advanced","SUCCESS","KeySetInformationClass: KeySetHandleTagsInformation, Length: 0"
"10:34:43.2811761","雷小伊脱机日常 Beta 1.6.24.exe","1496","RegQueryValue","HKCU\SOFTWARE\Microsoft\Windows\CurrentVersion\Explorer\Advanced\UseDoubleClickTimer","NAME NOT FOUND","Length: 16"
"10:34:43.2811917","雷小伊脱机日常 Beta 1.6.24.exe","1496","RegCloseKey","HKCU\SOFTWARE\Microsoft\Windows\CurrentVersion\Explorer\Advanced","SUCCESS",""
"10:34:43.2826935","雷小伊脱机日常 Beta 1.6.24.exe","1496","RegQueryKey","HKLM","SUCCESS","Query: HandleTags, HandleTags: 0x0"
"10:34:43.2827033","雷小伊脱机日常 Beta 1.6.24.exe","1496","RegQueryKey","HKLM","SUCCESS","Query: Name"
"10:34:43.2827183","雷小伊脱机日常 Beta 1.6.24.exe","1496","RegOpenKey","HKLM\Software\WOW6432Node\Microsoft\Windows NT\CurrentVersion\FontSubstitutes","REPARSE","Desired Access: Read"
"10:34:43.2827316","雷小伊脱机日常 Beta 1.6.24.exe","1496","RegOpenKey","HKLM\SOFTWARE\Microsoft\Windows NT\CurrentVersion\FontSubstitutes","SUCCESS","Desired Access: Read"
"10:34:43.2827433","雷小伊脱机日常 Beta 1.6.24.exe","1496","RegSetInfoKey","HKLM\SOFTWARE\Microsoft\Windows NT\CurrentVersion\FontSubstitutes","SUCCESS","KeySetInformationClass: KeySetHandleTagsInformation, Length: 0"
"10:34:43.2827530","雷小伊脱机日常 Beta 1.6.24.exe","1496","RegQueryValue","HKLM\SOFTWARE\Microsoft\Windows NT\CurrentVersion\FontSubstitutes\Microsoft YaHei UI","NAME NOT FOUND","Length: 76"
"10:34:43.2827660","雷小伊脱机日常 Beta 1.6.24.exe","1496","RegCloseKey","HKLM\SOFTWARE\Microsoft\Windows NT\CurrentVersion\FontSubstitutes","SUCCESS",""
"10:34:43.2838098","雷小伊脱机日常 Beta 1.6.24.exe","1496","RegQueryKey","HKLM","SUCCESS","Query: HandleTags, HandleTags: 0x0"
"10:34:43.2838171","雷小伊脱机日常 Beta 1.6.24.exe","1496","RegQueryKey","HKLM","SUCCESS","Query: Name"
"10:34:43.2838302","雷小伊脱机日常 Beta 1.6.24.exe","1496","RegOpenKey","HKLM\Software\WOW6432Node\Microsoft\Windows NT\CurrentVersion\FontSubstitutes","REPARSE","Desired Access: Read"
"10:34:43.2838410","雷小伊脱机日常 Beta 1.6.24.exe","1496","RegOpenKey","HKLM\SOFTWARE\Microsoft\Windows NT\CurrentVersion\FontSubstitutes","SUCCESS","Desired Access: Read"
"10:34:43.2838502","雷小伊脱机日常 Beta 1.6.24.exe","1496","RegSetInfoKey","HKLM\SOFTWARE\Microsoft\Windows NT\CurrentVersion\FontSubstitutes","SUCCESS","KeySetInformationClass: KeySetHandleTagsInformation, Length: 0"
"10:34:43.2838576","雷小伊脱机日常 Beta 1.6.24.exe","1496","RegQueryValue","HKLM\SOFTWARE\Microsoft\Windows NT\CurrentVersion\FontSubstitutes\Microsoft YaHei UI","NAME NOT FOUND","Length: 76"
"10:34:43.2838681","雷小伊脱机日常 Beta 1.6.24.exe","1496","RegCloseKey","HKLM\SOFTWARE\Microsoft\Windows NT\CurrentVersion\FontSubstitutes","SUCCESS",""
"10:34:43.2840044","雷小伊脱机日常 Beta 1.6.24.exe","1496","RegQueryKey","HKLM","SUCCESS","Query: HandleTags, HandleTags: 0x0"
"10:34:43.2840132","雷小伊脱机日常 Beta 1.6.24.exe","1496","RegQueryKey","HKLM","SUCCESS","Query: Name"
"10:34:43.2840280","雷小伊脱机日常 Beta 1.6.24.exe","1496","RegOpenKey","HKLM\Software\WOW6432Node\Microsoft\Windows NT\CurrentVersion\FontSubstitutes","REPARSE","Desired Access: Read"
"10:34:43.2840392","雷小伊脱机日常 Beta 1.6.24.exe","1496","RegOpenKey","HKLM\SOFTWARE\Microsoft\Windows NT\CurrentVersion\FontSubstitutes","SUCCESS","Desired Access: Read"
"10:34:43.2840498","雷小伊脱机日常 Beta 1.6.24.exe","1496","RegSetInfoKey","HKLM\SOFTWARE\Microsoft\Windows NT\CurrentVersion\FontSubstitutes","SUCCESS","KeySetInformationClass: KeySetHandleTagsInformation, Length: 0"
"10:34:43.2840593","雷小伊脱机日常 Beta 1.6.24.exe","1496","RegQueryValue","HKLM\SOFTWARE\Microsoft\Windows NT\CurrentVersion\FontSubstitutes\Microsoft YaHei UI","NAME NOT FOUND","Length: 76"
"10:34:43.2840704","雷小伊脱机日常 Beta 1.6.24.exe","1496","RegCloseKey","HKLM\SOFTWARE\Microsoft\Windows NT\CurrentVersion\FontSubstitutes","SUCCESS",""
"10:34:43.2843951","雷小伊脱机日常 Beta 1.6.24.exe","1496","RegQueryKey","HKLM","SUCCESS","Query: HandleTags, HandleTags: 0x0"
"10:34:43.2844019","雷小伊脱机日常 Beta 1.6.24.exe","1496","RegQueryKey","HKLM","SUCCESS","Query: Name"
"10:34:43.2844132","雷小伊脱机日常 Beta 1.6.24.exe","1496","RegOpenKey","HKLM\Software\WOW6432Node\Microsoft\Windows NT\CurrentVersion\FontSubstitutes","REPARSE","Desired Access: Read"
"10:34:43.2844233","雷小伊脱机日常 Beta 1.6.24.exe","1496","RegOpenKey","HKLM\SOFTWARE\Microsoft\Windows NT\CurrentVersion\FontSubstitutes","SUCCESS","Desired Access: Read"
"10:34:43.2844317","雷小伊脱机日常 Beta 1.6.24.exe","1496","RegSetInfoKey","HKLM\SOFTWARE\Microsoft\Windows NT\CurrentVersion\FontSubstitutes","SUCCESS","KeySetInformationClass: KeySetHandleTagsInformation, Length: 0"
"10:34:43.2844386","雷小伊脱机日常 Beta 1.6.24.exe","1496","RegQueryValue","HKLM\SOFTWARE\Microsoft\Windows NT\CurrentVersion\FontSubstitutes\微软雅黑","NAME NOT FOUND","Length: 76"
"10:34:43.2844488","雷小伊脱机日常 Beta 1.6.24.exe","1496","RegCloseKey","HKLM\SOFTWARE\Microsoft\Windows NT\CurrentVersion\FontSubstitutes","SUCCESS",""
"10:34:43.2851644","雷小伊脱机日常 Beta 1.6.24.exe","1496","RegQueryKey","HKLM","SUCCESS","Query: HandleTags, HandleTags: 0x0"
"10:34:43.2851730","雷小伊脱机日常 Beta 1.6.24.exe","1496","RegQueryKey","HKLM","SUCCESS","Query: Name"
"10:34:43.2851941","雷小伊脱机日常 Beta 1.6.24.exe","1496","RegOpenKey","HKLM\Software\WOW6432Node\Microsoft\Windows NT\CurrentVersion\FontSubstitutes","REPARSE","Desired Access: Read"
"10:34:43.2852054","雷小伊脱机日常 Beta 1.6.24.exe","1496","RegOpenKey","HKLM\SOFTWARE\Microsoft\Windows NT\CurrentVersion\FontSubstitutes","SUCCESS","Desired Access: Read"
"10:34:43.2852156","雷小伊脱机日常 Beta 1.6.24.exe","1496","RegSetInfoKey","HKLM\SOFTWARE\Microsoft\Windows NT\CurrentVersion\FontSubstitutes","SUCCESS","KeySetInformationClass: KeySetHandleTagsInformation, Length: 0"
"10:34:43.2852240","雷小伊脱机日常 Beta 1.6.24.exe","1496","RegQueryValue","HKLM\SOFTWARE\Microsoft\Windows NT\CurrentVersion\FontSubstitutes\微软雅黑","NAME NOT FOUND","Length: 76"
"10:34:43.2852350","雷小伊脱机日常 Beta 1.6.24.exe","1496","RegCloseKey","HKLM\SOFTWARE\Microsoft\Windows NT\CurrentVersion\FontSubstitutes","SUCCESS",""
"10:34:43.2852975","雷小伊脱机日常 Beta 1.6.24.exe","1496","RegQueryKey","HKLM","SUCCESS","Query: HandleTags, HandleTags: 0x0"
"10:34:43.2853049","雷小伊脱机日常 Beta 1.6.24.exe","1496","RegQueryKey","HKLM","SUCCESS","Query: Name"
"10:34:43.2853158","雷小伊脱机日常 Beta 1.6.24.exe","1496","RegOpenKey","HKLM\Software\WOW6432Node\Microsoft\Windows NT\CurrentVersion\FontSubstitutes","REPARSE","Desired Access: Read"
"10:34:43.2853254","雷小伊脱机日常 Beta 1.6.24.exe","1496","RegOpenKey","HKLM\SOFTWARE\Microsoft\Windows NT\CurrentVersion\FontSubstitutes","SUCCESS","Desired Access: Read"
"10:34:43.2853366","雷小伊脱机日常 Beta 1.6.24.exe","1496","RegSetInfoKey","HKLM\SOFTWARE\Microsoft\Windows NT\CurrentVersion\FontSubstitutes","SUCCESS","KeySetInformationClass: KeySetHandleTagsInformation, Length: 0"
"10:34:43.2853446","雷小伊脱机日常 Beta 1.6.24.exe","1496","RegQueryValue","HKLM\SOFTWARE\Microsoft\Windows NT\CurrentVersion\FontSubstitutes\微软雅黑","NAME NOT FOUND","Length: 76"
"10:34:43.2853542","雷小伊脱机日常 Beta 1.6.24.exe","1496","RegCloseKey","HKLM\SOFTWARE\Microsoft\Windows NT\CurrentVersion\FontSubstitutes","SUCCESS",""
"10:34:43.3237567","雷小伊脱机日常 Beta 1.6.24.exe","1496","RegQueryKey","HKCU","SUCCESS","Query: HandleTags, HandleTags: 0x0"
"10:34:43.3237690","雷小伊脱机日常 Beta 1.6.24.exe","1496","RegQueryKey","HKCU","SUCCESS","Query: Name"
"10:34:43.3237894","雷小伊脱机日常 Beta 1.6.24.exe","1496","RegOpenKey","HKCU\Software\Microsoft\Windows\CurrentVersion\Explorer\Advanced","SUCCESS","Desired Access: Read"
"10:34:43.3238102","雷小伊脱机日常 Beta 1.6.24.exe","1496","RegSetInfoKey","HKCU\SOFTWARE\Microsoft\Windows\CurrentVersion\Explorer\Advanced","SUCCESS","KeySetInformationClass: KeySetHandleTagsInformation, Length: 0"
"10:34:43.3238207","雷小伊脱机日常 Beta 1.6.24.exe","1496","RegQueryValue","HKCU\SOFTWARE\Microsoft\Windows\CurrentVersion\Explorer\Advanced\AccListViewV6","NAME NOT FOUND","Length: 16"
"10:34:43.3238384","雷小伊脱机日常 Beta 1.6.24.exe","1496","RegCloseKey","HKCU\SOFTWARE\Microsoft\Windows\CurrentVersion\Explorer\Advanced","SUCCESS",""
"10:34:43.3238538","雷小伊脱机日常 Beta 1.6.24.exe","1496","RegQueryKey","HKCU","SUCCESS","Query: HandleTags, HandleTags: 0x0"
"10:34:43.3238610","雷小伊脱机日常 Beta 1.6.24.exe","1496","RegQueryKey","HKCU","SUCCESS","Query: Name"
"10:34:43.3238710","雷小伊脱机日常 Beta 1.6.24.exe","1496","RegOpenKey","HKCU\Software\Microsoft\Windows\CurrentVersion\Explorer\Advanced","SUCCESS","Desired Access: Read"
"10:34:43.3238803","雷小伊脱机日常 Beta 1.6.24.exe","1496","RegSetInfoKey","HKCU\SOFTWARE\Microsoft\Windows\CurrentVersion\Explorer\Advanced","SUCCESS","KeySetInformationClass: KeySetHandleTagsInformation, Length: 0"
"10:34:43.3238887","雷小伊脱机日常 Beta 1.6.24.exe","1496","RegQueryValue","HKCU\SOFTWARE\Microsoft\Windows\CurrentVersion\Explorer\Advanced\UseDoubleClickTimer","NAME NOT FOUND","Length: 16"
"10:34:43.3238981","雷小伊脱机日常 Beta 1.6.24.exe","1496","RegCloseKey","HKCU\SOFTWARE\Microsoft\Windows\CurrentVersion\Explorer\Advanced","SUCCESS",""
"10:34:43.3251124","雷小伊脱机日常 Beta 1.6.24.exe","1496","RegQueryKey","HKLM","SUCCESS","Query: HandleTags, HandleTags: 0x0"
"10:34:43.3251228","雷小伊脱机日常 Beta 1.6.24.exe","1496","RegQueryKey","HKLM","SUCCESS","Query: Name"
"10:34:43.3251418","雷小伊脱机日常 Beta 1.6.24.exe","1496","RegOpenKey","HKLM\Software\WOW6432Node\Microsoft\Windows NT\CurrentVersion\FontSubstitutes","REPARSE","Desired Access: Read"
"10:34:43.3251609","雷小伊脱机日常 Beta 1.6.24.exe","1496","RegOpenKey","HKLM\SOFTWARE\Microsoft\Windows NT\CurrentVersion\FontSubstitutes","SUCCESS","Desired Access: Read"
"10:34:43.3251741","雷小伊脱机日常 Beta 1.6.24.exe","1496","RegSetInfoKey","HKLM\SOFTWARE\Microsoft\Windows NT\CurrentVersion\FontSubstitutes","SUCCESS","KeySetInformationClass: KeySetHandleTagsInformation, Length: 0"
"10:34:43.3251836","雷小伊脱机日常 Beta 1.6.24.exe","1496","RegQueryValue","HKLM\SOFTWARE\Microsoft\Windows NT\CurrentVersion\FontSubstitutes\Microsoft YaHei UI","NAME NOT FOUND","Length: 76"
"10:34:43.3251969","雷小伊脱机日常 Beta 1.6.24.exe","1496","RegCloseKey","HKLM\SOFTWARE\Microsoft\Windows NT\CurrentVersion\FontSubstitutes","SUCCESS",""
"10:34:43.3265826","雷小伊脱机日常 Beta 1.6.24.exe","1496","RegQueryKey","HKLM","SUCCESS","Query: HandleTags, HandleTags: 0x0"
"10:34:43.3265921","雷小伊脱机日常 Beta 1.6.24.exe","1496","RegQueryKey","HKLM","SUCCESS","Query: Name"
"10:34:43.3266100","雷小伊脱机日常 Beta 1.6.24.exe","1496","RegOpenKey","HKLM\Software\WOW6432Node\Microsoft\Windows NT\CurrentVersion\FontSubstitutes","REPARSE","Desired Access: Read"
"10:34:43.3266265","雷小伊脱机日常 Beta 1.6.24.exe","1496","RegOpenKey","HKLM\SOFTWARE\Microsoft\Windows NT\CurrentVersion\FontSubstitutes","SUCCESS","Desired Access: Read"
"10:34:43.3266392","雷小伊脱机日常 Beta 1.6.24.exe","1496","RegSetInfoKey","HKLM\SOFTWARE\Microsoft\Windows NT\CurrentVersion\FontSubstitutes","SUCCESS","KeySetInformationClass: KeySetHandleTagsInformation, Length: 0"
"10:34:43.3266470","雷小伊脱机日常 Beta 1.6.24.exe","1496","RegQueryValue","HKLM\SOFTWARE\Microsoft\Windows NT\CurrentVersion\FontSubstitutes\Microsoft YaHei UI","NAME NOT FOUND","Length: 76"
"10:34:43.3266588","雷小伊脱机日常 Beta 1.6.24.exe","1496","RegCloseKey","HKLM\SOFTWARE\Microsoft\Windows NT\CurrentVersion\FontSubstitutes","SUCCESS",""
"10:34:43.3268272","雷小伊脱机日常 Beta 1.6.24.exe","1496","RegQueryKey","HKLM","SUCCESS","Query: HandleTags, HandleTags: 0x0"
"10:34:43.3268363","雷小伊脱机日常 Beta 1.6.24.exe","1496","RegQueryKey","HKLM","SUCCESS","Query: Name"
"10:34:43.3268508","雷小伊脱机日常 Beta 1.6.24.exe","1496","RegOpenKey","HKLM\Software\WOW6432Node\Microsoft\Windows NT\CurrentVersion\FontSubstitutes","REPARSE","Desired Access: Read"
"10:34:43.3268627","雷小伊脱机日常 Beta 1.6.24.exe","1496","RegOpenKey","HKLM\SOFTWARE\Microsoft\Windows NT\CurrentVersion\FontSubstitutes","SUCCESS","Desired Access: Read"
"10:34:43.3268736","雷小伊脱机日常 Beta 1.6.24.exe","1496","RegSetInfoKey","HKLM\SOFTWARE\Microsoft\Windows NT\CurrentVersion\FontSubstitutes","SUCCESS","KeySetInformationClass: KeySetHandleTagsInformation, Length: 0"
"10:34:43.3268933","雷小伊脱机日常 Beta 1.6.24.exe","1496","RegQueryValue","HKLM\SOFTWARE\Microsoft\Windows NT\CurrentVersion\FontSubstitutes\Microsoft YaHei UI","NAME NOT FOUND","Length: 76"
"10:34:43.3269231","雷小伊脱机日常 Beta 1.6.24.exe","1496","RegCloseKey","HKLM\SOFTWARE\Microsoft\Windows NT\CurrentVersion\FontSubstitutes","SUCCESS",""
"10:34:43.3273111","雷小伊脱机日常 Beta 1.6.24.exe","1496","RegQueryKey","HKLM","SUCCESS","Query: HandleTags, HandleTags: 0x0"
"10:34:43.3273186","雷小伊脱机日常 Beta 1.6.24.exe","1496","RegQueryKey","HKLM","SUCCESS","Query: Name"
"10:34:43.3273306","雷小伊脱机日常 Beta 1.6.24.exe","1496","RegOpenKey","HKLM\Software\WOW6432Node\Microsoft\Windows NT\CurrentVersion\FontSubstitutes","REPARSE","Desired Access: Read"
"10:34:43.3273410","雷小伊脱机日常 Beta 1.6.24.exe","1496","RegOpenKey","HKLM\SOFTWARE\Microsoft\Windows NT\CurrentVersion\FontSubstitutes","SUCCESS","Desired Access: Read"
"10:34:43.3273497","雷小伊脱机日常 Beta 1.6.24.exe","1496","RegSetInfoKey","HKLM\SOFTWARE\Microsoft\Windows NT\CurrentVersion\FontSubstitutes","SUCCESS","KeySetInformationClass: KeySetHandleTagsInformation, Length: 0"
"10:34:43.3273571","雷小伊脱机日常 Beta 1.6.24.exe","1496","RegQueryValue","HKLM\SOFTWARE\Microsoft\Windows NT\CurrentVersion\FontSubstitutes\微软雅黑","NAME NOT FOUND","Length: 76"
"10:34:43.3273667","雷小伊脱机日常 Beta 1.6.24.exe","1496","RegCloseKey","HKLM\SOFTWARE\Microsoft\Windows NT\CurrentVersion\FontSubstitutes","SUCCESS",""
"10:34:43.3280411","雷小伊脱机日常 Beta 1.6.24.exe","1496","RegQueryKey","HKLM","SUCCESS","Query: HandleTags, HandleTags: 0x0"
"10:34:43.3280489","雷小伊脱机日常 Beta 1.6.24.exe","1496","RegQueryKey","HKLM","SUCCESS","Query: Name"
"10:34:43.3280616","雷小伊脱机日常 Beta 1.6.24.exe","1496","RegOpenKey","HKLM\Software\WOW6432Node\Microsoft\Windows NT\CurrentVersion\FontSubstitutes","REPARSE","Desired Access: Read"
"10:34:43.3280729","雷小伊脱机日常 Beta 1.6.24.exe","1496","RegOpenKey","HKLM\SOFTWARE\Microsoft\Windows NT\CurrentVersion\FontSubstitutes","SUCCESS","Desired Access: Read"
"10:34:43.3280913","雷小伊脱机日常 Beta 1.6.24.exe","1496","RegSetInfoKey","HKLM\SOFTWARE\Microsoft\Windows NT\CurrentVersion\FontSubstitutes","SUCCESS","KeySetInformationClass: KeySetHandleTagsInformation, Length: 0"
"10:34:43.3281001","雷小伊脱机日常 Beta 1.6.24.exe","1496","RegQueryValue","HKLM\SOFTWARE\Microsoft\Windows NT\CurrentVersion\FontSubstitutes\微软雅黑","NAME NOT FOUND","Length: 76"
"10:34:43.3281106","雷小伊脱机日常 Beta 1.6.24.exe","1496","RegCloseKey","HKLM\SOFTWARE\Microsoft\Windows NT\CurrentVersion\FontSubstitutes","SUCCESS",""
"10:34:43.3281730","雷小伊脱机日常 Beta 1.6.24.exe","1496","RegQueryKey","HKLM","SUCCESS","Query: HandleTags, HandleTags: 0x0"
"10:34:43.3281801","雷小伊脱机日常 Beta 1.6.24.exe","1496","RegQueryKey","HKLM","SUCCESS","Query: Name"
"10:34:43.3281909","雷小伊脱机日常 Beta 1.6.24.exe","1496","RegOpenKey","HKLM\Software\WOW6432Node\Microsoft\Windows NT\CurrentVersion\FontSubstitutes","REPARSE","Desired Access: Read"
"10:34:43.3282001","雷小伊脱机日常 Beta 1.6.24.exe","1496","RegOpenKey","HKLM\SOFTWARE\Microsoft\Windows NT\CurrentVersion\FontSubstitutes","SUCCESS","Desired Access: Read"
"10:34:43.3282086","雷小伊脱机日常 Beta 1.6.24.exe","1496","RegSetInfoKey","HKLM\SOFTWARE\Microsoft\Windows NT\CurrentVersion\FontSubstitutes","SUCCESS","KeySetInformationClass: KeySetHandleTagsInformation, Length: 0"
"10:34:43.3282160","雷小伊脱机日常 Beta 1.6.24.exe","1496","RegQueryValue","HKLM\SOFTWARE\Microsoft\Windows NT\CurrentVersion\FontSubstitutes\微软雅黑","NAME NOT FOUND","Length: 76"
"10:34:43.3282250","雷小伊脱机日常 Beta 1.6.24.exe","1496","RegCloseKey","HKLM\SOFTWARE\Microsoft\Windows NT\CurrentVersion\FontSubstitutes","SUCCESS",""
"10:34:43.4068364","雷小伊脱机日常 Beta 1.6.24.exe","1496","CreateFile","C:\Users\1\Desktop\AutoFight","SUCCESS","Desired Access: Read Data/List Directory, Synchronize, Disposition: Open, Options: Directory, Synchronous IO Non-Alert, Attributes: n/a, ShareMode: Read, Write, Delete, AllocationSize: n/a, OpenResult: Opened"
"10:34:43.4068729","雷小伊脱机日常 Beta 1.6.24.exe","1496","QueryDirectory","C:\Users\1\Desktop\AutoFight\*","SUCCESS","FileInformationClass: FileBothDirectoryInformation, Filter: *, 2: ."
"10:34:43.4069019","雷小伊脱机日常 Beta 1.6.24.exe","1496","QueryDirectory","C:\Users\1\Desktop\AutoFight","SUCCESS","FileInformationClass: FileBothDirectoryInformation, 1: .."
"10:34:43.4069341","雷小伊脱机日常 Beta 1.6.24.exe","1496","QueryDirectory","C:\Users\1\Desktop\AutoFight","NO MORE FILES","FileInformationClass: FileBothDirectoryInformation"
"10:34:43.4069457","雷小伊脱机日常 Beta 1.6.24.exe","1496","CloseFile","C:\Users\1\Desktop\AutoFight","SUCCESS",""
"10:34:43.4070081","雷小伊脱机日常 Beta 1.6.24.exe","1496","CreateFile","C:\Users\1\Desktop\AutoFight","SUCCESS","Desired Access: Read Data/List Directory, Synchronize, Disposition: Open, Options: Directory, Synchronous IO Non-Alert, Attributes: n/a, ShareMode: Read, Write, Delete, AllocationSize: n/a, OpenResult: Opened"
"10:34:43.4070228","雷小伊脱机日常 Beta 1.6.24.exe","1496","QueryDirectory","C:\Users\1\Desktop\AutoFight\*.afc","NO SUCH FILE","FileInformationClass: FileBothDirectoryInformation, Filter: *.afc"
"10:34:43.4070367","雷小伊脱机日常 Beta 1.6.24.exe","1496","CloseFile","C:\Users\1\Desktop\AutoFight","SUCCESS",""
"10:34:43.4077459","雷小伊脱机日常 Beta 1.6.24.exe","1496","LockFile","C:\Users\1\Desktop\data\Achievement.db","SUCCESS","Exclusive: True, Offset: 1,073,741,824, Length: 1, Fail Immediately: True"
"10:34:43.4077554","雷小伊脱机日常 Beta 1.6.24.exe","1496","LockFile","C:\Users\1\Desktop\data\Achievement.db","SUCCESS","Exclusive: False, Offset: 1,073,741,826, Length: 510, Fail Immediately: True"
"10:34:43.4077624","雷小伊脱机日常 Beta 1.6.24.exe","1496","UnlockFileSingle","C:\Users\1\Desktop\data\Achievement.db","SUCCESS","Offset: 1,073,741,824, Length: 1"
"10:34:43.4078687","雷小伊脱机日常 Beta 1.6.24.exe","1496","CreateFile","C:\Users\1\Desktop\data\Achievement.db-journal","NAME NOT FOUND","Desired Access: Read Attributes, Disposition: Open, Options: Open Reparse Point, Attributes: n/a, ShareMode: Read, Write, Delete, AllocationSize: n/a"
"10:34:43.4078917","雷小伊脱机日常 Beta 1.6.24.exe","1496","QueryStandardInformationFile","C:\Users\1\Desktop\data\Achievement.db","SUCCESS","AllocationSize: 131,072, EndOfFile: 107,520, NumberOfLinks: 1, DeletePending: False, Directory: False"
"10:34:43.4079008","雷小伊脱机日常 Beta 1.6.24.exe","1496","ReadFile","C:\Users\1\Desktop\data\Achievement.db","SUCCESS","Offset: 24, Length: 16"
"10:34:43.4079123","雷小伊脱机日常 Beta 1.6.24.exe","1496","QueryStandardInformationFile","C:\Users\1\Desktop\data\Achievement.db","SUCCESS","AllocationSize: 131,072, EndOfFile: 107,520, NumberOfLinks: 1, DeletePending: False, Directory: False"
"10:34:43.4079777","雷小伊脱机日常 Beta 1.6.24.exe","1496","CreateFile","C:\Users\1\Desktop\data\Achievement.db-wal","NAME NOT FOUND","Desired Access: Read Attributes, Disposition: Open, Options: Open Reparse Point, Attributes: n/a, ShareMode: Read, Write, Delete, AllocationSize: n/a"
"10:34:43.4079914","雷小伊脱机日常 Beta 1.6.24.exe","1496","QueryStandardInformationFile","C:\Users\1\Desktop\data\Achievement.db","SUCCESS","AllocationSize: 131,072, EndOfFile: 107,520, NumberOfLinks: 1, DeletePending: False, Directory: False"
"10:34:43.4081528","雷小伊脱机日常 Beta 1.6.24.exe","1496","UnlockFileSingle","C:\Users\1\Desktop\data\Achievement.db","SUCCESS","Offset: 1,073,741,826, Length: 510"
"10:34:43.4081604","雷小伊脱机日常 Beta 1.6.24.exe","1496","LockFile","C:\Users\1\Desktop\data\Achievement.db","SUCCESS","Exclusive: True, Offset: 1,073,741,824, Length: 1, Fail Immediately: True"
"10:34:43.4081655","雷小伊脱机日常 Beta 1.6.24.exe","1496","LockFile","C:\Users\1\Desktop\data\Achievement.db","SUCCESS","Exclusive: False, Offset: 1,073,741,826, Length: 510, Fail Immediately: True"
"10:34:43.4081703","雷小伊脱机日常 Beta 1.6.24.exe","1496","UnlockFileSingle","C:\Users\1\Desktop\data\Achievement.db","SUCCESS","Offset: 1,073,741,824, Length: 1"
"10:34:43.4082334","雷小伊脱机日常 Beta 1.6.24.exe","1496","CreateFile","C:\Users\1\Desktop\data\Achievement.db-journal","NAME NOT FOUND","Desired Access: Read Attributes, Disposition: Open, Options: Open Reparse Point, Attributes: n/a, ShareMode: Read, Write, Delete, AllocationSize: n/a"
"10:34:43.4082465","雷小伊脱机日常 Beta 1.6.24.exe","1496","QueryStandardInformationFile","C:\Users\1\Desktop\data\Achievement.db","SUCCESS","AllocationSize: 131,072, EndOfFile: 107,520, NumberOfLinks: 1, DeletePending: False, Directory: False"
"10:34:43.4082531","雷小伊脱机日常 Beta 1.6.24.exe","1496","ReadFile","C:\Users\1\Desktop\data\Achievement.db","SUCCESS","Offset: 24, Length: 16"
"10:34:43.4082598","雷小伊脱机日常 Beta 1.6.24.exe","1496","QueryStandardInformationFile","C:\Users\1\Desktop\data\Achievement.db","SUCCESS","AllocationSize: 131,072, EndOfFile: 107,520, NumberOfLinks: 1, DeletePending: False, Directory: False"
"10:34:43.4083188","雷小伊脱机日常 Beta 1.6.24.exe","1496","CreateFile","C:\Users\1\Desktop\data\Achievement.db-wal","NAME NOT FOUND","Desired Access: Read Attributes, Disposition: Open, Options: Open Reparse Point, Attributes: n/a, ShareMode: Read, Write, Delete, AllocationSize: n/a"
"10:34:43.4083321","雷小伊脱机日常 Beta 1.6.24.exe","1496","QueryStandardInformationFile","C:\Users\1\Desktop\data\Achievement.db","SUCCESS","AllocationSize: 131,072, EndOfFile: 107,520, NumberOfLinks: 1, DeletePending: False, Directory: False"
"10:34:43.4121025","雷小伊脱机日常 Beta 1.6.24.exe","1496","UnlockFileSingle","C:\Users\1\Desktop\data\Achievement.db","SUCCESS","Offset: 1,073,741,826, Length: 510"
"10:34:43.4122158","雷小伊脱机日常 Beta 1.6.24.exe","1496","LockFile","C:\Users\1\Desktop\data\Cloths.db","SUCCESS","Exclusive: True, Offset: 1,073,741,824, Length: 1, Fail Immediately: True"
"10:34:43.4122222","雷小伊脱机日常 Beta 1.6.24.exe","1496","LockFile","C:\Users\1\Desktop\data\Cloths.db","SUCCESS","Exclusive: False, Offset: 1,073,741,826, Length: 510, Fail Immediately: True"
"10:34:43.4122272","雷小伊脱机日常 Beta 1.6.24.exe","1496","UnlockFileSingle","C:\Users\1\Desktop\data\Cloths.db","SUCCESS","Offset: 1,073,741,824, Length: 1"
"10:34:43.4123283","雷小伊脱机日常 Beta 1.6.24.exe","1496","CreateFile","C:\Users\1\Desktop\data\Cloths.db-journal","NAME NOT FOUND","Desired Access: Read Attributes, Disposition: Open, Options: Open Reparse Point, Attributes: n/a, ShareMode: Read, Write, Delete, AllocationSize: n/a"
"10:34:43.4123475","雷小伊脱机日常 Beta 1.6.24.exe","1496","QueryStandardInformationFile","C:\Users\1\Desktop\data\Cloths.db","SUCCESS","AllocationSize: 196,608, EndOfFile: 142,336, NumberOfLinks: 1, DeletePending: False, Directory: False"
"10:34:43.4123552","雷小伊脱机日常 Beta 1.6.24.exe","1496","ReadFile","C:\Users\1\Desktop\data\Cloths.db","SUCCESS","Offset: 24, Length: 16"
"10:34:43.4123641","雷小伊脱机日常 Beta 1.6.24.exe","1496","QueryStandardInformationFile","C:\Users\1\Desktop\data\Cloths.db","SUCCESS","AllocationSize: 196,608, EndOfFile: 142,336, NumberOfLinks: 1, DeletePending: False, Directory: False"
"10:34:43.4124231","雷小伊脱机日常 Beta 1.6.24.exe","1496","CreateFile","C:\Users\1\Desktop\data\Cloths.db-wal","NAME NOT FOUND","Desired Access: Read Attributes, Disposition: Open, Options: Open Reparse Point, Attributes: n/a, ShareMode: Read, Write, Delete, AllocationSize: n/a"
"10:34:43.4124377","雷小伊脱机日常 Beta 1.6.24.exe","1496","QueryStandardInformationFile","C:\Users\1\Desktop\data\Cloths.db","SUCCESS","AllocationSize: 196,608, EndOfFile: 142,336, NumberOfLinks: 1, DeletePending: False, Directory: False"
"10:34:43.4125307","雷小伊脱机日常 Beta 1.6.24.exe","1496","UnlockFileSingle","C:\Users\1\Desktop\data\Cloths.db","SUCCESS","Offset: 1,073,741,826, Length: 510"
"10:34:43.4125547","雷小伊脱机日常 Beta 1.6.24.exe","1496","LockFile","C:\Users\1\Desktop\data\Cloths.db","SUCCESS","Exclusive: True, Offset: 1,073,741,824, Length: 1, Fail Immediately: True"
"10:34:43.4125600","雷小伊脱机日常 Beta 1.6.24.exe","1496","LockFile","C:\Users\1\Desktop\data\Cloths.db","SUCCESS","Exclusive: False, Offset: 1,073,741,826, Length: 510, Fail Immediately: True"
"10:34:43.4125649","雷小伊脱机日常 Beta 1.6.24.exe","1496","UnlockFileSingle","C:\Users\1\Desktop\data\Cloths.db","SUCCESS","Offset: 1,073,741,824, Length: 1"
"10:34:43.4126491","雷小伊脱机日常 Beta 1.6.24.exe","1496","CreateFile","C:\Users\1\Desktop\data\Cloths.db-journal","NAME NOT FOUND","Desired Access: Read Attributes, Disposition: Open, Options: Open Reparse Point, Attributes: n/a, ShareMode: Read, Write, Delete, AllocationSize: n/a"
"10:34:43.4126628","雷小伊脱机日常 Beta 1.6.24.exe","1496","QueryStandardInformationFile","C:\Users\1\Desktop\data\Cloths.db","SUCCESS","AllocationSize: 196,608, EndOfFile: 142,336, NumberOfLinks: 1, DeletePending: False, Directory: False"
"10:34:43.4126686","雷小伊脱机日常 Beta 1.6.24.exe","1496","ReadFile","C:\Users\1\Desktop\data\Cloths.db","SUCCESS","Offset: 24, Length: 16"
"10:34:43.4126760","雷小伊脱机日常 Beta 1.6.24.exe","1496","QueryStandardInformationFile","C:\Users\1\Desktop\data\Cloths.db","SUCCESS","AllocationSize: 196,608, EndOfFile: 142,336, NumberOfLinks: 1, DeletePending: False, Directory: False"
"10:34:43.4127329","雷小伊脱机日常 Beta 1.6.24.exe","1496","CreateFile","C:\Users\1\Desktop\data\Cloths.db-wal","NAME NOT FOUND","Desired Access: Read Attributes, Disposition: Open, Options: Open Reparse Point, Attributes: n/a, ShareMode: Read, Write, Delete, AllocationSize: n/a"
"10:34:43.4127448","雷小伊脱机日常 Beta 1.6.24.exe","1496","QueryStandardInformationFile","C:\Users\1\Desktop\data\Cloths.db","SUCCESS","AllocationSize: 196,608, EndOfFile: 142,336, NumberOfLinks: 1, DeletePending: False, Directory: False"
"10:34:43.4158183","雷小伊脱机日常 Beta 1.6.24.exe","1496","UnlockFileSingle","C:\Users\1\Desktop\data\Cloths.db","SUCCESS","Offset: 1,073,741,826, Length: 510"
"10:34:43.4159257","雷小伊脱机日常 Beta 1.6.24.exe","1496","LockFile","C:\Users\1\Desktop\data\Cloths.db","SUCCESS","Exclusive: True, Offset: 1,073,741,824, Length: 1, Fail Immediately: True"
"10:34:43.4159319","雷小伊脱机日常 Beta 1.6.24.exe","1496","LockFile","C:\Users\1\Desktop\data\Cloths.db","SUCCESS","Exclusive: False, Offset: 1,073,741,826, Length: 510, Fail Immediately: True"
"10:34:43.4159369","雷小伊脱机日常 Beta 1.6.24.exe","1496","UnlockFileSingle","C:\Users\1\Desktop\data\Cloths.db","SUCCESS","Offset: 1,073,741,824, Length: 1"
"10:34:43.4160245","雷小伊脱机日常 Beta 1.6.24.exe","1496","CreateFile","C:\Users\1\Desktop\data\Cloths.db-journal","NAME NOT FOUND","Desired Access: Read Attributes, Disposition: Open, Options: Open Reparse Point, Attributes: n/a, ShareMode: Read, Write, Delete, AllocationSize: n/a"
"10:34:43.4160405","雷小伊脱机日常 Beta 1.6.24.exe","1496","QueryStandardInformationFile","C:\Users\1\Desktop\data\Cloths.db","SUCCESS","AllocationSize: 196,608, EndOfFile: 142,336, NumberOfLinks: 1, DeletePending: False, Directory: False"
"10:34:43.4160473","雷小伊脱机日常 Beta 1.6.24.exe","1496","ReadFile","C:\Users\1\Desktop\data\Cloths.db","SUCCESS","Offset: 24, Length: 16"
"10:34:43.4160552","雷小伊脱机日常 Beta 1.6.24.exe","1496","QueryStandardInformationFile","C:\Users\1\Desktop\data\Cloths.db","SUCCESS","AllocationSize: 196,608, EndOfFile: 142,336, NumberOfLinks: 1, DeletePending: False, Directory: False"
"10:34:43.4161138","雷小伊脱机日常 Beta 1.6.24.exe","1496","CreateFile","C:\Users\1\Desktop\data\Cloths.db-wal","NAME NOT FOUND","Desired Access: Read Attributes, Disposition: Open, Options: Open Reparse Point, Attributes: n/a, ShareMode: Read, Write, Delete, AllocationSize: n/a"
"10:34:43.4161263","雷小伊脱机日常 Beta 1.6.24.exe","1496","QueryStandardInformationFile","C:\Users\1\Desktop\data\Cloths.db","SUCCESS","AllocationSize: 196,608, EndOfFile: 142,336, NumberOfLinks: 1, DeletePending: False, Directory: False"
"10:34:43.4161846","雷小伊脱机日常 Beta 1.6.24.exe","1496","UnlockFileSingle","C:\Users\1\Desktop\data\Cloths.db","SUCCESS","Offset: 1,073,741,826, Length: 510"
"10:34:43.4161904","雷小伊脱机日常 Beta 1.6.24.exe","1496","LockFile","C:\Users\1\Desktop\data\Cloths.db","SUCCESS","Exclusive: True, Offset: 1,073,741,824, Length: 1, Fail Immediately: True"
"10:34:43.4161954","雷小伊脱机日常 Beta 1.6.24.exe","1496","LockFile","C:\Users\1\Desktop\data\Cloths.db","SUCCESS","Exclusive: False, Offset: 1,073,741,826, Length: 510, Fail Immediately: True"
"10:34:43.4162006","雷小伊脱机日常 Beta 1.6.24.exe","1496","UnlockFileSingle","C:\Users\1\Desktop\data\Cloths.db","SUCCESS","Offset: 1,073,741,824, Length: 1"
"10:34:43.4162576","雷小伊脱机日常 Beta 1.6.24.exe","1496","CreateFile","C:\Users\1\Desktop\data\Cloths.db-journal","NAME NOT FOUND","Desired Access: Read Attributes, Disposition: Open, Options: Open Reparse Point, Attributes: n/a, ShareMode: Read, Write, Delete, AllocationSize: n/a"
"10:34:43.4162691","雷小伊脱机日常 Beta 1.6.24.exe","1496","QueryStandardInformationFile","C:\Users\1\Desktop\data\Cloths.db","SUCCESS","AllocationSize: 196,608, EndOfFile: 142,336, NumberOfLinks: 1, DeletePending: False, Directory: False"
"10:34:43.4162746","雷小伊脱机日常 Beta 1.6.24.exe","1496","ReadFile","C:\Users\1\Desktop\data\Cloths.db","SUCCESS","Offset: 24, Length: 16"
"10:34:43.4162805","雷小伊脱机日常 Beta 1.6.24.exe","1496","QueryStandardInformationFile","C:\Users\1\Desktop\data\Cloths.db","SUCCESS","AllocationSize: 196,608, EndOfFile: 142,336, NumberOfLinks: 1, DeletePending: False, Directory: False"
"10:34:43.4163358","雷小伊脱机日常 Beta 1.6.24.exe","1496","CreateFile","C:\Users\1\Desktop\data\Cloths.db-wal","NAME NOT FOUND","Desired Access: Read Attributes, Disposition: Open, Options: Open Reparse Point, Attributes: n/a, ShareMode: Read, Write, Delete, AllocationSize: n/a"
"10:34:43.4163469","雷小伊脱机日常 Beta 1.6.24.exe","1496","QueryStandardInformationFile","C:\Users\1\Desktop\data\Cloths.db","SUCCESS","AllocationSize: 196,608, EndOfFile: 142,336, NumberOfLinks: 1, DeletePending: False, Directory: False"
"10:34:43.4179641","雷小伊脱机日常 Beta 1.6.24.exe","1496","UnlockFileSingle","C:\Users\1\Desktop\data\Cloths.db","SUCCESS","Offset: 1,073,741,826, Length: 510"
"10:34:45.0401958","雷小伊脱机日常 Beta 1.6.24.exe","1496","CreateFile","C:\Users\1\Desktop\AutoFight","SUCCESS","Desired Access: Read Data/List Directory, Synchronize, Disposition: Open, Options: Directory, Synchronous IO Non-Alert, Attributes: n/a, ShareMode: Read, Write, Delete, AllocationSize: n/a, OpenResult: Opened"
"10:34:45.0402291","雷小伊脱机日常 Beta 1.6.24.exe","1496","QueryDirectory","C:\Users\1\Desktop\AutoFight\*.afc","NO SUCH FILE","FileInformationClass: FileBothDirectoryInformation, Filter: *.afc"
"10:34:45.0402465","雷小伊脱机日常 Beta 1.6.24.exe","1496","CloseFile","C:\Users\1\Desktop\AutoFight","SUCCESS",""
"10:34:46.0411094","雷小伊脱机日常 Beta 1.6.24.exe","1496","ReadFile","C:\Windows\SysWOW64\shell32.dll","SUCCESS","Offset: 2,339,840, Length: 32,768, I/O Flags: Non-cached, Paging I/O, Synchronous Paging I/O, Priority: Normal"
"10:34:46.0462538","雷小伊脱机日常 Beta 1.6.24.exe","1496","ReadFile","C:\Windows\SysWOW64\shell32.dll","SUCCESS","Offset: 2,307,072, Length: 32,768, I/O Flags: Non-cached, Paging I/O, Synchronous Paging I/O, Priority: Normal"
"10:34:46.0470601","雷小伊脱机日常 Beta 1.6.24.exe","1496","RegQueryKey","HKLM","SUCCESS","Query: HandleTags, HandleTags: 0x0"
"10:34:46.0470699","雷小伊脱机日常 Beta 1.6.24.exe","1496","RegQueryKey","HKLM","SUCCESS","Query: Name"
"10:34:46.0470895","雷小伊脱机日常 Beta 1.6.24.exe","1496","RegOpenKey","HKLM\Software\WOW6432Node\Microsoft\Windows\CurrentVersion\Policies\Explorer","REPARSE","Desired Access: Query Value"
"10:34:46.0471088","雷小伊脱机日常 Beta 1.6.24.exe","1496","RegOpenKey","HKLM\SOFTWARE\Microsoft\Windows\CurrentVersion\Policies\Explorer","SUCCESS","Desired Access: Query Value"
"10:34:46.0471230","雷小伊脱机日常 Beta 1.6.24.exe","1496","RegSetInfoKey","HKLM\SOFTWARE\Microsoft\Windows\CurrentVersion\Policies\Explorer","SUCCESS","KeySetInformationClass: KeySetHandleTagsInformation, Length: 0"
"10:34:46.0471305","雷小伊脱机日常 Beta 1.6.24.exe","1496","RegQueryValue","HKLM\SOFTWARE\Microsoft\Windows\CurrentVersion\Policies\Explorer\EnableShellExecuteHooks","NAME NOT FOUND","Length: 16"
"10:34:46.0471429","雷小伊脱机日常 Beta 1.6.24.exe","1496","RegCloseKey","HKLM\SOFTWARE\Microsoft\Windows\CurrentVersion\Policies\Explorer","SUCCESS",""
"10:34:46.0471539","雷小伊脱机日常 Beta 1.6.24.exe","1496","RegQueryKey","HKCU","SUCCESS","Query: HandleTags, HandleTags: 0x0"
"10:34:46.0471596","雷小伊脱机日常 Beta 1.6.24.exe","1496","RegQueryKey","HKCU","SUCCESS","Query: Name"
"10:34:46.0471690","雷小伊脱机日常 Beta 1.6.24.exe","1496","RegOpenKey","HKCU\Software\Microsoft\Windows\CurrentVersion\Policies\Explorer","NAME NOT FOUND","Desired Access: Query Value"
"10:34:46.0475352","雷小伊脱机日常 Beta 1.6.24.exe","1496","CreateFile","C:\Users\1\Desktop","SUCCESS","Desired Access: Read Attributes, Disposition: Open, Options: Open Reparse Point, Attributes: n/a, ShareMode: Read, Write, Delete, AllocationSize: n/a, OpenResult: Opened"
"10:34:46.0475554","雷小伊脱机日常 Beta 1.6.24.exe","1496","QueryBasicInformationFile","C:\Users\1\Desktop","SUCCESS","CreationTime: 2025/12/22 14:50:41, LastAccessTime: 2025/12/31 10:34:45, LastWriteTime: 2025/12/31 10:34:28, ChangeTime: 2025/12/31 10:34:28, FileAttributes: RD"
"10:34:46.0475630","雷小伊脱机日常 Beta 1.6.24.exe","1496","CloseFile","C:\Users\1\Desktop","SUCCESS",""
"10:34:46.0479157","雷小伊脱机日常 Beta 1.6.24.exe","1496","Thread Create","","SUCCESS","Thread ID: 5596"
"10:34:46.0488809","雷小伊脱机日常 Beta 1.6.24.exe","1496","RegQueryKey","HKLM","SUCCESS","Query: HandleTags, HandleTags: 0x0"
"10:34:46.0488870","雷小伊脱机日常 Beta 1.6.24.exe","1496","RegQueryKey","HKLM","SUCCESS","Query: Name"
"10:34:46.0489021","雷小伊脱机日常 Beta 1.6.24.exe","1496","RegOpenKey","HKLM\Software\WOW6432Node\Policies\Microsoft\Windows\Explorer","REPARSE","Desired Access: Query Value"
"10:34:46.0489120","雷小伊脱机日常 Beta 1.6.24.exe","1496","RegOpenKey","HKLM\SOFTWARE\Policies\Microsoft\Windows\Explorer","NAME NOT FOUND","Desired Access: Query Value"
"10:34:46.0489252","雷小伊脱机日常 Beta 1.6.24.exe","1496","RegQueryKey","HKCU","SUCCESS","Query: HandleTags, HandleTags: 0x0"
"10:34:46.0489289","雷小伊脱机日常 Beta 1.6.24.exe","1496","RegQueryKey","HKCU","SUCCESS","Query: Name"
"10:34:46.0489358","雷小伊脱机日常 Beta 1.6.24.exe","1496","RegOpenKey","HKCU\Software\Policies\Microsoft\Windows\Explorer","NAME NOT FOUND","Desired Access: Query Value"
"10:34:46.0490067","雷小伊脱机日常 Beta 1.6.24.exe","1496","CreateFile","C:\Users\1\Desktop\AutoFight","SUCCESS","Desired Access: Read Data/List Directory, Read Attributes, Synchronize, Disposition: Open, Options: Synchronous IO Non-Alert, Attributes: n/a, ShareMode: Read, Write, Delete, AllocationSize: n/a, OpenResult: Opened"
"10:34:46.0490299","雷小伊脱机日常 Beta 1.6.24.exe","1496","QueryRemoteProtocolInformation","C:\Users\1\Desktop\AutoFight","INVALID PARAMETER",""
"10:34:46.0490456","雷小伊脱机日常 Beta 1.6.24.exe","1496","QueryDirectory","C:\Users\1\Desktop\AutoFight\AutoFight\","NAME INVALID","FileInformationClass: FileIdBothDirectoryInformation, Filter: AutoFight\"
"10:34:46.0490672","雷小伊脱机日常 Beta 1.6.24.exe","1496","ReadFile","C:\Windows\SysWOW64\windows.storage.dll","SUCCESS","Offset: 4,543,488, Length: 32,768, I/O Flags: Non-cached, Paging I/O, Synchronous Paging I/O, Priority: Normal"
"10:34:46.0496283","雷小伊脱机日常 Beta 1.6.24.exe","1496","CloseFile","C:\Users\1\Desktop\AutoFight","SUCCESS",""
"10:34:46.0496512","雷小伊脱机日常 Beta 1.6.24.exe","1496","ReadFile","C:\Windows\SysWOW64\shell32.dll","SUCCESS","Offset: 87,040, Length: 32,768, I/O Flags: Non-cached, Paging I/O, Synchronous Paging I/O, Priority: Normal"
"10:34:46.0500805","雷小伊脱机日常 Beta 1.6.24.exe","1496","ReadFile","C:\Windows\SysWOW64\shell32.dll","SUCCESS","Offset: 5,469,184, Length: 16,384, I/O Flags: Non-cached, Paging I/O, Synchronous Paging I/O, Priority: Normal"
"10:34:46.0512890","雷小伊脱机日常 Beta 1.6.24.exe","1496","RegQueryKey","HKLM","SUCCESS","Query: HandleTags, HandleTags: 0x0"
"10:34:46.0512945","雷小伊脱机日常 Beta 1.6.24.exe","1496","RegQueryKey","HKLM","SUCCESS","Query: Name"
"10:34:46.0513068","雷小伊脱机日常 Beta 1.6.24.exe","1496","RegOpenKey","HKLM\Software\WOW6432Node\Microsoft\Windows\CurrentVersion\Explorer\Desktop\NameSpace","SUCCESS","Desired Access: Query Value"
"10:34:46.0513253","雷小伊脱机日常 Beta 1.6.24.exe","1496","RegSetInfoKey","HKLM\SOFTWARE\WOW6432Node\Microsoft\Windows\CurrentVersion\Explorer\Desktop\NameSpace","SUCCESS","KeySetInformationClass: KeySetHandleTagsInformation, Length: 0"
"10:34:46.0513316","雷小伊脱机日常 Beta 1.6.24.exe","1496","RegQueryValue","HKLM\SOFTWARE\WOW6432Node\Microsoft\Windows\CurrentVersion\Explorer\Desktop\NameSpace\ValidateRegItems","NAME NOT FOUND","Length: 16"
"10:34:46.0513398","雷小伊脱机日常 Beta 1.6.24.exe","1496","RegCloseKey","HKLM\SOFTWARE\WOW6432Node\Microsoft\Windows\CurrentVersion\Explorer\Desktop\NameSpace","SUCCESS",""
"10:34:46.0513467","雷小伊脱机日常 Beta 1.6.24.exe","1496","RegQueryKey","HKLM","SUCCESS","Query: HandleTags, HandleTags: 0x0"
"10:34:46.0513504","雷小伊脱机日常 Beta 1.6.24.exe","1496","RegQueryKey","HKLM","SUCCESS","Query: Name"
"10:34:46.0513578","雷小伊脱机日常 Beta 1.6.24.exe","1496","RegOpenKey","HKLM\Software\WOW6432Node\Microsoft\Windows\CurrentVersion\Explorer\Desktop\NameSpace","SUCCESS","Desired Access: Query Value"
"10:34:46.0513637","雷小伊脱机日常 Beta 1.6.24.exe","1496","RegSetInfoKey","HKLM\SOFTWARE\WOW6432Node\Microsoft\Windows\CurrentVersion\Explorer\Desktop\NameSpace","SUCCESS","KeySetInformationClass: KeySetHandleTagsInformation, Length: 0"
"10:34:46.0513685","雷小伊脱机日常 Beta 1.6.24.exe","1496","RegQueryValue","HKLM\SOFTWARE\WOW6432Node\Microsoft\Windows\CurrentVersion\Explorer\Desktop\NameSpace\MonitorRegistry","SUCCESS","Type: REG_DWORD, Length: 4, Data: 1"
"10:34:46.0513742","雷小伊脱机日常 Beta 1.6.24.exe","1496","RegCloseKey","HKLM\SOFTWARE\WOW6432Node\Microsoft\Windows\CurrentVersion\Explorer\Desktop\NameSpace","SUCCESS",""
"10:34:46.0520541","雷小伊脱机日常 Beta 1.6.24.exe","1496","RegQueryKey","HKCU\Software\Classes","SUCCESS","Query: Name"
"10:34:46.0520654","雷小伊脱机日常 Beta 1.6.24.exe","1496","RegQueryKey","HKCU\Software\Classes","SUCCESS","Query: HandleTags, HandleTags: 0x1"
"10:34:46.0520718","雷小伊脱机日常 Beta 1.6.24.exe","1496","RegQueryKey","HKCU\Software\Classes","SUCCESS","Query: HandleTags, HandleTags: 0x1"
"10:34:46.0520756","雷小伊脱机日常 Beta 1.6.24.exe","1496","RegQueryKey","HKCU\Software\Classes","SUCCESS","Query: Name"
"10:34:46.0520875","雷小伊脱机日常 Beta 1.6.24.exe","1496","RegOpenKey","HKCU\Software\Classes\WOW6432Node\CLSID\{20D04FE0-3AEA-1069-A2D8-08002B30309D}\ShellFolder","NAME NOT FOUND","Desired Access: Query Value"
"10:34:46.0521057","雷小伊脱机日常 Beta 1.6.24.exe","1496","RegOpenKey","HKCR\WOW6432Node\CLSID\{20D04FE0-3AEA-1069-A2D8-08002B30309D}\ShellFolder","SUCCESS","Desired Access: Query Value"
"10:34:46.0521426","雷小伊脱机日常 Beta 1.6.24.exe","1496","RegSetInfoKey","HKCR\WOW6432Node\CLSID\{20D04FE0-3AEA-1069-A2D8-08002B30309D}\ShellFolder","SUCCESS","KeySetInformationClass: KeySetHandleTagsInformation, Length: 0"
"10:34:46.0521480","雷小伊脱机日常 Beta 1.6.24.exe","1496","RegQueryKey","HKCR\WOW6432Node\CLSID\{20D04FE0-3AEA-1069-A2D8-08002B30309D}\ShellFolder","SUCCESS","Query: Name"
"10:34:46.0521638","雷小伊脱机日常 Beta 1.6.24.exe","1496","RegQueryKey","HKCR\WOW6432Node\CLSID\{20D04FE0-3AEA-1069-A2D8-08002B30309D}\ShellFolder","SUCCESS","Query: HandleTags, HandleTags: 0x401"
"10:34:46.0521751","雷小伊脱机日常 Beta 1.6.24.exe","1496","RegOpenKey","HKCU\Software\Classes\WOW6432Node\CLSID\{20D04FE0-3AEA-1069-A2D8-08002B30309D}\ShellFolder","NAME NOT FOUND","Desired Access: Maximum Allowed"
"10:34:46.0521817","雷小伊脱机日常 Beta 1.6.24.exe","1496","RegQueryValue","HKCR\WOW6432Node\CLSID\{20D04FE0-3AEA-1069-A2D8-08002B30309D}\ShellFolder\Attributes","NAME NOT FOUND","Length: 16"
"10:34:46.0521872","雷小伊脱机日常 Beta 1.6.24.exe","1496","RegQueryKey","HKCR\WOW6432Node\CLSID\{20D04FE0-3AEA-1069-A2D8-08002B30309D}\ShellFolder","SUCCESS","Query: Name"
"10:34:46.0521924","雷小伊脱机日常 Beta 1.6.24.exe","1496","RegQueryKey","HKCR\WOW6432Node\CLSID\{20D04FE0-3AEA-1069-A2D8-08002B30309D}\ShellFolder","SUCCESS","Query: HandleTags, HandleTags: 0x401"
"10:34:46.0521992","雷小伊脱机日常 Beta 1.6.24.exe","1496","RegOpenKey","HKCU\Software\Classes\WOW6432Node\CLSID\{20D04FE0-3AEA-1069-A2D8-08002B30309D}\ShellFolder","NAME NOT FOUND","Desired Access: Maximum Allowed"
"10:34:46.0522067","雷小伊脱机日常 Beta 1.6.24.exe","1496","RegQueryValue","HKCR\WOW6432Node\CLSID\{20D04FE0-3AEA-1069-A2D8-08002B30309D}\ShellFolder\CallForAttributes","NAME NOT FOUND","Length: 16"
"10:34:46.0522113","雷小伊脱机日常 Beta 1.6.24.exe","1496","RegQueryKey","HKCR\WOW6432Node\CLSID\{20D04FE0-3AEA-1069-A2D8-08002B30309D}\ShellFolder","SUCCESS","Query: Name"
"10:34:46.0522165","雷小伊脱机日常 Beta 1.6.24.exe","1496","RegQueryKey","HKCR\WOW6432Node\CLSID\{20D04FE0-3AEA-1069-A2D8-08002B30309D}\ShellFolder","SUCCESS","Query: HandleTags, HandleTags: 0x401"
"10:34:46.0522235","雷小伊脱机日常 Beta 1.6.24.exe","1496","RegOpenKey","HKCU\Software\Classes\WOW6432Node\CLSID\{20D04FE0-3AEA-1069-A2D8-08002B30309D}\ShellFolder","NAME NOT FOUND","Desired Access: Maximum Allowed"
"10:34:46.0522293","雷小伊脱机日常 Beta 1.6.24.exe","1496","RegQueryValue","HKCR\WOW6432Node\CLSID\{20D04FE0-3AEA-1069-A2D8-08002B30309D}\ShellFolder\RestrictedAttributes","NAME NOT FOUND","Length: 16"
"10:34:46.0522338","雷小伊脱机日常 Beta 1.6.24.exe","1496","RegQueryKey","HKCR\WOW6432Node\CLSID\{20D04FE0-3AEA-1069-A2D8-08002B30309D}\ShellFolder","SUCCESS","Query: Name"
"10:34:46.0522388","雷小伊脱机日常 Beta 1.6.24.exe","1496","RegQueryKey","HKCR\WOW6432Node\CLSID\{20D04FE0-3AEA-1069-A2D8-08002B30309D}\ShellFolder","SUCCESS","Query: HandleTags, HandleTags: 0x401"
"10:34:46.0522455","雷小伊脱机日常 Beta 1.6.24.exe","1496","RegOpenKey","HKCU\Software\Classes\WOW6432Node\CLSID\{20D04FE0-3AEA-1069-A2D8-08002B30309D}\ShellFolder","NAME NOT FOUND","Desired Access: Maximum Allowed"
"10:34:46.0522513","雷小伊脱机日常 Beta 1.6.24.exe","1496","RegQueryValue","HKCR\WOW6432Node\CLSID\{20D04FE0-3AEA-1069-A2D8-08002B30309D}\ShellFolder\FolderValueFlags","SUCCESS","Type: REG_DWORD, Length: 4, Data: 1581568"
"10:34:46.0522771","雷小伊脱机日常 Beta 1.6.24.exe","1496","RegCloseKey","HKCR\WOW6432Node\CLSID\{20D04FE0-3AEA-1069-A2D8-08002B30309D}\ShellFolder","SUCCESS",""
"10:34:46.0523019","雷小伊脱机日常 Beta 1.6.24.exe","1496","RegQueryKey","HKCU","SUCCESS","Query: HandleTags, HandleTags: 0x0"
"10:34:46.0523056","雷小伊脱机日常 Beta 1.6.24.exe","1496","RegQueryKey","HKCU","SUCCESS","Query: Name"
"10:34:46.0523131","雷小伊脱机日常 Beta 1.6.24.exe","1496","RegOpenKey","HKCU\Software\Microsoft\Windows\CurrentVersion\Explorer\CLSID\{20D04FE0-3AEA-1069-A2D8-08002B30309D}\ShellFolder","NAME NOT FOUND","Desired Access: Query Value"
"10:34:46.0523244","雷小伊脱机日常 Beta 1.6.24.exe","1496","RegQueryKey","HKLM","SUCCESS","Query: HandleTags, HandleTags: 0x0"
"10:34:46.0523283","雷小伊脱机日常 Beta 1.6.24.exe","1496","RegQueryKey","HKLM","SUCCESS","Query: Name"
"10:34:46.0523374","雷小伊脱机日常 Beta 1.6.24.exe","1496","RegOpenKey","HKLM\Software\WOW6432Node\Microsoft\Windows\CurrentVersion\Explorer\CLSID\{20D04FE0-3AEA-1069-A2D8-08002B30309D}\ShellFolder","NAME NOT FOUND","Desired Access: Query Value"
"10:34:46.0523494","雷小伊脱机日常 Beta 1.6.24.exe","1496","RegQueryKey","HKCU","SUCCESS","Query: HandleTags, HandleTags: 0x0"
"10:34:46.0523992","雷小伊脱机日常 Beta 1.6.24.exe","1496","RegQueryKey","HKCU","SUCCESS","Query: Name"
"10:34:46.0524088","雷小伊脱机日常 Beta 1.6.24.exe","1496","RegOpenKey","HKCU\Software\Microsoft\Windows\CurrentVersion\Policies\NonEnum","NAME NOT FOUND","Desired Access: Query Value"
"10:34:46.0524175","雷小伊脱机日常 Beta 1.6.24.exe","1496","RegQueryKey","HKLM","SUCCESS","Query: HandleTags, HandleTags: 0x0"
"10:34:46.0524211","雷小伊脱机日常 Beta 1.6.24.exe","1496","RegQueryKey","HKLM","SUCCESS","Query: Name"
"10:34:46.0524280","雷小伊脱机日常 Beta 1.6.24.exe","1496","RegOpenKey","HKLM\Software\WOW6432Node\Microsoft\Windows\CurrentVersion\Policies\NonEnum","REPARSE","Desired Access: Query Value"
"10:34:46.0524348","雷小伊脱机日常 Beta 1.6.24.exe","1496","RegOpenKey","HKLM\SOFTWARE\Microsoft\Windows\CurrentVersion\Policies\NonEnum","SUCCESS","Desired Access: Query Value"
"10:34:46.0524523","雷小伊脱机日常 Beta 1.6.24.exe","1496","RegSetInfoKey","HKLM\SOFTWARE\Microsoft\Windows\CurrentVersion\Policies\NonEnum","SUCCESS","KeySetInformationClass: KeySetHandleTagsInformation, Length: 0"
"10:34:46.0524576","雷小伊脱机日常 Beta 1.6.24.exe","1496","RegQueryValue","HKLM\SOFTWARE\Microsoft\Windows\CurrentVersion\Policies\NonEnum\{20D04FE0-3AEA-1069-A2D8-08002B30309D}","NAME NOT FOUND","Length: 16"
"10:34:46.0524650","雷小伊脱机日常 Beta 1.6.24.exe","1496","RegCloseKey","HKLM\SOFTWARE\Microsoft\Windows\CurrentVersion\Policies\NonEnum","SUCCESS",""
"10:34:46.0524826","雷小伊脱机日常 Beta 1.6.24.exe","1496","RegQueryKey","HKLM","SUCCESS","Query: HandleTags, HandleTags: 0x0"
"10:34:46.0524863","雷小伊脱机日常 Beta 1.6.24.exe","1496","RegQueryKey","HKLM","SUCCESS","Query: Name"
"10:34:46.0524936","雷小伊脱机日常 Beta 1.6.24.exe","1496","RegOpenKey","HKCR\WOW6432Node\CLSID\{20D04FE0-3AEA-1069-A2D8-08002B30309D}\InProcServer32","SUCCESS","Desired Access: Query Value"
"10:34:46.0525030","雷小伊脱机日常 Beta 1.6.24.exe","1496","RegSetInfoKey","HKCR\WOW6432Node\CLSID\{20D04FE0-3AEA-1069-A2D8-08002B30309D}\InProcServer32","SUCCESS","KeySetInformationClass: KeySetHandleTagsInformation, Length: 0"
"10:34:46.0525079","雷小伊脱机日常 Beta 1.6.24.exe","1496","RegQueryValue","HKCR\WOW6432Node\CLSID\{20D04FE0-3AEA-1069-A2D8-08002B30309D}\InProcServer32\(Default)","SUCCESS","Type: REG_EXPAND_SZ, Length: 84, Data: %SystemRoot%\system32\windows.storage.dll"
"10:34:46.0525156","雷小伊脱机日常 Beta 1.6.24.exe","1496","RegCloseKey","HKCR\WOW6432Node\CLSID\{20D04FE0-3AEA-1069-A2D8-08002B30309D}\InProcServer32","SUCCESS",""
"10:34:46.0525419","雷小伊脱机日常 Beta 1.6.24.exe","1496","RegQueryKey","HKLM","SUCCESS","Query: HandleTags, HandleTags: 0x0"
"10:34:46.0525456","雷小伊脱机日常 Beta 1.6.24.exe","1496","RegQueryKey","HKLM","SUCCESS","Query: Name"
"10:34:46.0525546","雷小伊脱机日常 Beta 1.6.24.exe","1496","RegOpenKey","HKLM\Software\WOW6432Node\Microsoft\Windows\CurrentVersion\Explorer\MyComputer\NameSpace","SUCCESS","Desired Access: Query Value"
"10:34:46.0525715","雷小伊脱机日常 Beta 1.6.24.exe","1496","RegSetInfoKey","HKLM\SOFTWARE\WOW6432Node\Microsoft\Windows\CurrentVersion\Explorer\MyComputer\NameSpace","SUCCESS","KeySetInformationClass: KeySetHandleTagsInformation, Length: 0"
"10:34:46.0525760","雷小伊脱机日常 Beta 1.6.24.exe","1496","RegQueryValue","HKLM\SOFTWARE\WOW6432Node\Microsoft\Windows\CurrentVersion\Explorer\MyComputer\NameSpace\ValidateRegItems","NAME NOT FOUND","Length: 16"
"10:34:46.0525809","雷小伊脱机日常 Beta 1.6.24.exe","1496","RegCloseKey","HKLM\SOFTWARE\WOW6432Node\Microsoft\Windows\CurrentVersion\Explorer\MyComputer\NameSpace","SUCCESS",""
"10:34:46.0526081","雷小伊脱机日常 Beta 1.6.24.exe","1496","RegQueryKey","HKLM","SUCCESS","Query: HandleTags, HandleTags: 0x0"
"10:34:46.0526119","雷小伊脱机日常 Beta 1.6.24.exe","1496","RegQueryKey","HKLM","SUCCESS","Query: Name"
"10:34:46.0526191","雷小伊脱机日常 Beta 1.6.24.exe","1496","RegOpenKey","HKLM\Software\WOW6432Node\Microsoft\Windows\CurrentVersion\Explorer\MyComputer\NameSpace","SUCCESS","Desired Access: Query Value"
"10:34:46.0526254","雷小伊脱机日常 Beta 1.6.24.exe","1496","RegSetInfoKey","HKLM\SOFTWARE\WOW6432Node\Microsoft\Windows\CurrentVersion\Explorer\MyComputer\NameSpace","SUCCESS","KeySetInformationClass: KeySetHandleTagsInformation, Length: 0"
"10:34:46.0526294","雷小伊脱机日常 Beta 1.6.24.exe","1496","RegQueryValue","HKLM\SOFTWARE\WOW6432Node\Microsoft\Windows\CurrentVersion\Explorer\MyComputer\NameSpace\MonitorRegistry","NAME NOT FOUND","Length: 16"
"10:34:46.0526341","雷小伊脱机日常 Beta 1.6.24.exe","1496","RegCloseKey","HKLM\SOFTWARE\WOW6432Node\Microsoft\Windows\CurrentVersion\Explorer\MyComputer\NameSpace","SUCCESS",""
"10:34:46.0529139","雷小伊脱机日常 Beta 1.6.24.exe","1496","RegQueryKey","HKCU","SUCCESS","Query: HandleTags, HandleTags: 0x0"
"10:34:46.0529182","雷小伊脱机日常 Beta 1.6.24.exe","1496","RegQueryKey","HKCU","SUCCESS","Query: Name"
"10:34:46.0529260","雷小伊脱机日常 Beta 1.6.24.exe","1496","RegOpenKey","HKCU\Software\Microsoft\Windows\CurrentVersion\Explorer\MountPoints2\CPC\Volume","SUCCESS","Desired Access: Read"
"10:34:46.0529368","雷小伊脱机日常 Beta 1.6.24.exe","1496","RegSetInfoKey","HKCU\SOFTWARE\Microsoft\Windows\CurrentVersion\Explorer\MountPoints2\CPC\Volume","SUCCESS","KeySetInformationClass: KeySetHandleTagsInformation, Length: 0"
"10:34:46.0529442","雷小伊脱机日常 Beta 1.6.24.exe","1496","RegQueryKey","HKCU\SOFTWARE\Microsoft\Windows\CurrentVersion\Explorer\MountPoints2\CPC\Volume","SUCCESS","Query: HandleTags, HandleTags: 0x400"
"10:34:46.0529484","雷小伊脱机日常 Beta 1.6.24.exe","1496","RegOpenKey","HKCU\SOFTWARE\Microsoft\Windows\CurrentVersion\Explorer\MountPoints2\CPC\Volume\{15c8ad86-cc2e-49e4-9700-5dc43b21d066}\","SUCCESS","Desired Access: Read"
"10:34:46.0529569","雷小伊脱机日常 Beta 1.6.24.exe","1496","RegCloseKey","HKCU\SOFTWARE\Microsoft\Windows\CurrentVersion\Explorer\MountPoints2\CPC\Volume","SUCCESS",""
"10:34:46.0529625","雷小伊脱机日常 Beta 1.6.24.exe","1496","RegQueryValue","HKCU\SOFTWARE\Microsoft\Windows\CurrentVersion\Explorer\MountPoints2\CPC\Volume\{15c8ad86-cc2e-49e4-9700-5dc43b21d066}\Data","BUFFER OVERFLOW","Length: 144"
"10:34:46.0529702","雷小伊脱机日常 Beta 1.6.24.exe","1496","RegQueryValue","HKCU\SOFTWARE\Microsoft\Windows\CurrentVersion\Explorer\MountPoints2\CPC\Volume\{15c8ad86-cc2e-49e4-9700-5dc43b21d066}\Data","SUCCESS","Type: REG_BINARY, Length: 1,370, Data: D6 0D 00 00 0D F0 AD BA 41 00 00 00 08 00 00 00"
"10:34:46.0529784","雷小伊脱机日常 Beta 1.6.24.exe","1496","RegCloseKey","HKCU\SOFTWARE\Microsoft\Windows\CurrentVersion\Explorer\MountPoints2\CPC\Volume\{15c8ad86-cc2e-49e4-9700-5dc43b21d066}","SUCCESS",""
"10:34:46.0529846","雷小伊脱机日常 Beta 1.6.24.exe","1496","RegQueryKey","HKCU","SUCCESS","Query: HandleTags, HandleTags: 0x0"
"10:34:46.0529882","雷小伊脱机日常 Beta 1.6.24.exe","1496","RegQueryKey","HKCU","SUCCESS","Query: Name"
"10:34:46.0529942","雷小伊脱机日常 Beta 1.6.24.exe","1496","RegOpenKey","HKCU\Software\Microsoft\Windows\CurrentVersion\Explorer\MountPoints2\CPC\Volume","SUCCESS","Desired Access: Read"
"10:34:46.0529995","雷小伊脱机日常 Beta 1.6.24.exe","1496","RegSetInfoKey","HKCU\SOFTWARE\Microsoft\Windows\CurrentVersion\Explorer\MountPoints2\CPC\Volume","SUCCESS","KeySetInformationClass: KeySetHandleTagsInformation, Length: 0"
"10:34:46.0530053","雷小伊脱机日常 Beta 1.6.24.exe","1496","RegQueryKey","HKCU\SOFTWARE\Microsoft\Windows\CurrentVersion\Explorer\MountPoints2\CPC\Volume","SUCCESS","Query: HandleTags, HandleTags: 0x400"
"10:34:46.0530094","雷小伊脱机日常 Beta 1.6.24.exe","1496","RegOpenKey","HKCU\SOFTWARE\Microsoft\Windows\CurrentVersion\Explorer\MountPoints2\CPC\Volume\{15c8ad86-cc2e-49e4-9700-5dc43b21d066}\","SUCCESS","Desired Access: Read"
"10:34:46.0530151","雷小伊脱机日常 Beta 1.6.24.exe","1496","RegCloseKey","HKCU\SOFTWARE\Microsoft\Windows\CurrentVersion\Explorer\MountPoints2\CPC\Volume","SUCCESS",""
"10:34:46.0530196","雷小伊脱机日常 Beta 1.6.24.exe","1496","RegQueryValue","HKCU\SOFTWARE\Microsoft\Windows\CurrentVersion\Explorer\MountPoints2\CPC\Volume\{15c8ad86-cc2e-49e4-9700-5dc43b21d066}\Generation","SUCCESS","Type: REG_DWORD, Length: 4, Data: 1"
"10:34:46.0530246","雷小伊脱机日常 Beta 1.6.24.exe","1496","RegCloseKey","HKCU\SOFTWARE\Microsoft\Windows\CurrentVersion\Explorer\MountPoints2\CPC\Volume\{15c8ad86-cc2e-49e4-9700-5dc43b21d066}","SUCCESS",""
"10:34:46.0530647","雷小伊脱机日常 Beta 1.6.24.exe","1496","RegQueryKey","HKCU","SUCCESS","Query: HandleTags, HandleTags: 0x0"
"10:34:46.0530685","雷小伊脱机日常 Beta 1.6.24.exe","1496","RegQueryKey","HKCU","SUCCESS","Query: Name"
"10:34:46.0530765","雷小伊脱机日常 Beta 1.6.24.exe","1496","RegOpenKey","HKCU\Software\Microsoft\Windows\CurrentVersion\Explorer\MountPoints2\CPC\Volume","SUCCESS","Desired Access: Read"
"10:34:46.0530828","雷小伊脱机日常 Beta 1.6.24.exe","1496","RegSetInfoKey","HKCU\SOFTWARE\Microsoft\Windows\CurrentVersion\Explorer\MountPoints2\CPC\Volume","SUCCESS","KeySetInformationClass: KeySetHandleTagsInformation, Length: 0"
"10:34:46.0530896","雷小伊脱机日常 Beta 1.6.24.exe","1496","RegQueryKey","HKCU\SOFTWARE\Microsoft\Windows\CurrentVersion\Explorer\MountPoints2\CPC\Volume","SUCCESS","Query: HandleTags, HandleTags: 0x400"
"10:34:46.0530936","雷小伊脱机日常 Beta 1.6.24.exe","1496","RegOpenKey","HKCU\SOFTWARE\Microsoft\Windows\CurrentVersion\Explorer\MountPoints2\CPC\Volume\{15c8ad86-cc2e-49e4-9700-5dc43b21d066}\","SUCCESS","Desired Access: Read"
"10:34:46.0530993","雷小伊脱机日常 Beta 1.6.24.exe","1496","RegCloseKey","HKCU\SOFTWARE\Microsoft\Windows\CurrentVersion\Explorer\MountPoints2\CPC\Volume","SUCCESS",""
"10:34:46.0531040","雷小伊脱机日常 Beta 1.6.24.exe","1496","RegQueryValue","HKCU\SOFTWARE\Microsoft\Windows\CurrentVersion\Explorer\MountPoints2\CPC\Volume\{15c8ad86-cc2e-49e4-9700-5dc43b21d066}\Generation","SUCCESS","Type: REG_DWORD, Length: 4, Data: 1"
"10:34:46.0531094","雷小伊脱机日常 Beta 1.6.24.exe","1496","RegCloseKey","HKCU\SOFTWARE\Microsoft\Windows\CurrentVersion\Explorer\MountPoints2\CPC\Volume\{15c8ad86-cc2e-49e4-9700-5dc43b21d066}","SUCCESS",""
"10:34:46.0531146","雷小伊脱机日常 Beta 1.6.24.exe","1496","RegQueryKey","HKCU\Software\Classes","SUCCESS","Query: Name"
"10:34:46.0531203","雷小伊脱机日常 Beta 1.6.24.exe","1496","RegQueryKey","HKCU\Software\Classes","SUCCESS","Query: HandleTags, HandleTags: 0x1"
"10:34:46.0531256","雷小伊脱机日常 Beta 1.6.24.exe","1496","RegQueryKey","HKCU\Software\Classes","SUCCESS","Query: HandleTags, HandleTags: 0x1"
"10:34:46.0531291","雷小伊脱机日常 Beta 1.6.24.exe","1496","RegQueryKey","HKCU\Software\Classes","SUCCESS","Query: Name"
"10:34:46.0531356","雷小伊脱机日常 Beta 1.6.24.exe","1496","RegOpenKey","HKCU\Software\Classes\Drive\shellex\FolderExtensions","NAME NOT FOUND","Desired Access: Enumerate Sub Keys"
"10:34:46.0531452","雷小伊脱机日常 Beta 1.6.24.exe","1496","RegOpenKey","HKCR\Drive\shellex\FolderExtensions","SUCCESS","Desired Access: Enumerate Sub Keys"
"10:34:46.0531548","雷小伊脱机日常 Beta 1.6.24.exe","1496","RegSetInfoKey","HKCR\Drive\shellex\FolderExtensions","SUCCESS","KeySetInformationClass: KeySetHandleTagsInformation, Length: 0"
"10:34:46.0531604","雷小伊脱机日常 Beta 1.6.24.exe","1496","RegQueryKey","HKCR\Drive\shellex\FolderExtensions","SUCCESS","Query: Name"
"10:34:46.0531677","雷小伊脱机日常 Beta 1.6.24.exe","1496","RegQueryKey","HKCR\Drive\shellex\FolderExtensions","SUCCESS","Query: HandleTags, HandleTags: 0x401"
"10:34:46.0531754","雷小伊脱机日常 Beta 1.6.24.exe","1496","RegOpenKey","HKCU\Software\Classes\Drive\shellex\FolderExtensions","NAME NOT FOUND","Desired Access: Maximum Allowed"
"10:34:46.0531816","雷小伊脱机日常 Beta 1.6.24.exe","1496","RegEnumKey","HKCR\Drive\shellex\FolderExtensions","SUCCESS","Index: 0, Name: {fbeb8a05-beee-4442-804e-409d6c4515e9}"
"10:34:46.0531885","雷小伊脱机日常 Beta 1.6.24.exe","1496","RegQueryKey","HKCU\Software\Classes","SUCCESS","Query: Name"
"10:34:46.0531940","雷小伊脱机日常 Beta 1.6.24.exe","1496","RegQueryKey","HKCU\Software\Classes","SUCCESS","Query: HandleTags, HandleTags: 0x1"
"10:34:46.0531992","雷小伊脱机日常 Beta 1.6.24.exe","1496","RegQueryKey","HKCU\Software\Classes","SUCCESS","Query: HandleTags, HandleTags: 0x1"
"10:34:46.0532028","雷小伊脱机日常 Beta 1.6.24.exe","1496","RegQueryKey","HKCU\Software\Classes","SUCCESS","Query: Name"
"10:34:46.0532091","雷小伊脱机日常 Beta 1.6.24.exe","1496","RegOpenKey","HKCU\Software\Classes\Drive\shellex\FolderExtensions\{fbeb8a05-beee-4442-804e-409d6c4515e9}","NAME NOT FOUND","Desired Access: Query Value"
"10:34:46.0532164","雷小伊脱机日常 Beta 1.6.24.exe","1496","RegOpenKey","HKCR\Drive\shellex\FolderExtensions\{fbeb8a05-beee-4442-804e-409d6c4515e9}","SUCCESS","Desired Access: Query Value"
"10:34:46.0532237","雷小伊脱机日常 Beta 1.6.24.exe","1496","RegSetInfoKey","HKCR\Drive\shellex\FolderExtensions\{fbeb8a05-beee-4442-804e-409d6c4515e9}","SUCCESS","KeySetInformationClass: KeySetHandleTagsInformation, Length: 0"
"10:34:46.0532282","雷小伊脱机日常 Beta 1.6.24.exe","1496","RegQueryKey","HKCR\Drive\shellex\FolderExtensions\{fbeb8a05-beee-4442-804e-409d6c4515e9}","SUCCESS","Query: Name"
"10:34:46.0532336","雷小伊脱机日常 Beta 1.6.24.exe","1496","RegQueryKey","HKCR\Drive\shellex\FolderExtensions\{fbeb8a05-beee-4442-804e-409d6c4515e9}","SUCCESS","Query: HandleTags, HandleTags: 0x401"
"10:34:46.0532405","雷小伊脱机日常 Beta 1.6.24.exe","1496","RegOpenKey","HKCU\Software\Classes\Drive\shellex\FolderExtensions\{fbeb8a05-beee-4442-804e-409d6c4515e9}","NAME NOT FOUND","Desired Access: Maximum Allowed"
"10:34:46.0532465","雷小伊脱机日常 Beta 1.6.24.exe","1496","RegQueryValue","HKCR\Drive\shellex\FolderExtensions\{fbeb8a05-beee-4442-804e-409d6c4515e9}\DriveMask","SUCCESS","Type: REG_DWORD, Length: 4, Data: 32"
"10:34:46.0532521","雷小伊脱机日常 Beta 1.6.24.exe","1496","RegCloseKey","HKCR\Drive\shellex\FolderExtensions\{fbeb8a05-beee-4442-804e-409d6c4515e9}","SUCCESS",""
"10:34:46.0532577","雷小伊脱机日常 Beta 1.6.24.exe","1496","RegEnumKey","HKCR\Drive\shellex\FolderExtensions","NO MORE ENTRIES","Index: 1, Length: 288"
"10:34:46.0532634","雷小伊脱机日常 Beta 1.6.24.exe","1496","RegCloseKey","HKCR\Drive\shellex\FolderExtensions","SUCCESS",""
"10:34:46.0533557","雷小伊脱机日常 Beta 1.6.24.exe","1496","RegOpenKey","HKLM\System\CurrentControlSet\Control\DeviceClasses\{53f5630d-b6bf-11d0-94f2-00a0c91efb8b}","SUCCESS","Desired Access: All Access"
"10:34:46.0533752","雷小伊脱机日常 Beta 1.6.24.exe","1496","RegOpenKey","HKLM\System\CurrentControlSet\Control\DeviceClasses\{53f5630d-b6bf-11d0-94f2-00a0c91efb8b}\Properties","NAME NOT FOUND","Desired Access: Query Value"
"10:34:46.0534201","雷小伊脱机日常 Beta 1.6.24.exe","1496","RegCloseKey","HKLM\System\CurrentControlSet\Control\DeviceClasses\{53f5630d-b6bf-11d0-94f2-00a0c91efb8b}","SUCCESS",""
"10:34:46.0534366","雷小伊脱机日常 Beta 1.6.24.exe","1496","RegOpenKey","HKLM\System\CurrentControlSet\Control\DeviceClasses\{53f5630d-b6bf-11d0-94f2-00a0c91efb8b}","SUCCESS","Desired Access: All Access"
"10:34:46.0534452","雷小伊脱机日常 Beta 1.6.24.exe","1496","RegOpenKey","HKLM\System\CurrentControlSet\Control\DeviceClasses\{53f5630d-b6bf-11d0-94f2-00a0c91efb8b}\Properties","NAME NOT FOUND","Desired Access: Query Value"
"10:34:46.0535435","雷小伊脱机日常 Beta 1.6.24.exe","1496","RegCloseKey","HKLM\System\CurrentControlSet\Control\DeviceClasses\{53f5630d-b6bf-11d0-94f2-00a0c91efb8b}","SUCCESS",""
"10:34:46.0536018","雷小伊脱机日常 Beta 1.6.24.exe","1496","CreateFile","C:\","SUCCESS","Desired Access: Read Data/List Directory, Read Attributes, Synchronize, Disposition: Open, Options: Synchronous IO Non-Alert, Attributes: n/a, ShareMode: Read, Write, Delete, AllocationSize: n/a, OpenResult: Opened"
"10:34:46.0536231","雷小伊脱机日常 Beta 1.6.24.exe","1496","QueryRemoteProtocolInformation","C:\","INVALID PARAMETER",""
"10:34:46.0536381","雷小伊脱机日常 Beta 1.6.24.exe","1496","QueryDirectory","C:\Users","SUCCESS","FileInformationClass: FileIdBothDirectoryInformation, Filter: Users, 2: Users"
"10:34:46.0536597","雷小伊脱机日常 Beta 1.6.24.exe","1496","CloseFile","C:\","SUCCESS",""
"10:34:46.0537633","雷小伊脱机日常 Beta 1.6.24.exe","1496","RegQueryKey","HKCU","SUCCESS","Query: HandleTags, HandleTags: 0x0"
"10:34:46.0537691","雷小伊脱机日常 Beta 1.6.24.exe","1496","RegQueryKey","HKCU","SUCCESS","Query: Name"
"10:34:46.0537787","雷小伊脱机日常 Beta 1.6.24.exe","1496","RegOpenKey","HKCU\Software\Microsoft\Windows\CurrentVersion\Explorer\MountPoints2\CPC\Volume","SUCCESS","Desired Access: Read"
"10:34:46.0537891","雷小伊脱机日常 Beta 1.6.24.exe","1496","RegSetInfoKey","HKCU\SOFTWARE\Microsoft\Windows\CurrentVersion\Explorer\MountPoints2\CPC\Volume","SUCCESS","KeySetInformationClass: KeySetHandleTagsInformation, Length: 0"
"10:34:46.0538027","雷小伊脱机日常 Beta 1.6.24.exe","1496","RegQueryKey","HKCU\SOFTWARE\Microsoft\Windows\CurrentVersion\Explorer\MountPoints2\CPC\Volume","SUCCESS","Query: HandleTags, HandleTags: 0x400"
"10:34:46.0538070","雷小伊脱机日常 Beta 1.6.24.exe","1496","RegOpenKey","HKCU\SOFTWARE\Microsoft\Windows\CurrentVersion\Explorer\MountPoints2\CPC\Volume\{229eeffc-4776-48a0-8308-839091a02507}\","SUCCESS","Desired Access: Read"
"10:34:46.0538148","雷小伊脱机日常 Beta 1.6.24.exe","1496","RegCloseKey","HKCU\SOFTWARE\Microsoft\Windows\CurrentVersion\Explorer\MountPoints2\CPC\Volume","SUCCESS",""
"10:34:46.0538204","雷小伊脱机日常 Beta 1.6.24.exe","1496","RegQueryValue","HKCU\SOFTWARE\Microsoft\Windows\CurrentVersion\Explorer\MountPoints2\CPC\Volume\{229eeffc-4776-48a0-8308-839091a02507}\Data","BUFFER OVERFLOW","Length: 144"
"10:34:46.0538289","雷小伊脱机日常 Beta 1.6.24.exe","1496","RegQueryValue","HKCU\SOFTWARE\Microsoft\Windows\CurrentVersion\Explorer\MountPoints2\CPC\Volume\{229eeffc-4776-48a0-8308-839091a02507}\Data","SUCCESS","Type: REG_BINARY, Length: 1,370, Data: D6 0D 00 00 0D F0 AD BA 01 00 00 00 08 00 00 00"
"10:34:46.0538348","雷小伊脱机日常 Beta 1.6.24.exe","1496","RegCloseKey","HKCU\SOFTWARE\Microsoft\Windows\CurrentVersion\Explorer\MountPoints2\CPC\Volume\{229eeffc-4776-48a0-8308-839091a02507}","SUCCESS",""
"10:34:46.0538413","雷小伊脱机日常 Beta 1.6.24.exe","1496","RegQueryKey","HKCU","SUCCESS","Query: HandleTags, HandleTags: 0x0"
"10:34:46.0538450","雷小伊脱机日常 Beta 1.6.24.exe","1496","RegQueryKey","HKCU","SUCCESS","Query: Name"
"10:34:46.0538513","雷小伊脱机日常 Beta 1.6.24.exe","1496","RegOpenKey","HKCU\Software\Microsoft\Windows\CurrentVersion\Explorer\MountPoints2\CPC\Volume","SUCCESS","Desired Access: Read"
"10:34:46.0538569","雷小伊脱机日常 Beta 1.6.24.exe","1496","RegSetInfoKey","HKCU\SOFTWARE\Microsoft\Windows\CurrentVersion\Explorer\MountPoints2\CPC\Volume","SUCCESS","KeySetInformationClass: KeySetHandleTagsInformation, Length: 0"
"10:34:46.0538631","雷小伊脱机日常 Beta 1.6.24.exe","1496","RegQueryKey","HKCU\SOFTWARE\Microsoft\Windows\CurrentVersion\Explorer\MountPoints2\CPC\Volume","SUCCESS","Query: HandleTags, HandleTags: 0x400"
"10:34:46.0538671","雷小伊脱机日常 Beta 1.6.24.exe","1496","RegOpenKey","HKCU\SOFTWARE\Microsoft\Windows\CurrentVersion\Explorer\MountPoints2\CPC\Volume\{229eeffc-4776-48a0-8308-839091a02507}\","SUCCESS","Desired Access: Read"
"10:34:46.0538728","雷小伊脱机日常 Beta 1.6.24.exe","1496","RegCloseKey","HKCU\SOFTWARE\Microsoft\Windows\CurrentVersion\Explorer\MountPoints2\CPC\Volume","SUCCESS",""
"10:34:46.0538775","雷小伊脱机日常 Beta 1.6.24.exe","1496","RegQueryValue","HKCU\SOFTWARE\Microsoft\Windows\CurrentVersion\Explorer\MountPoints2\CPC\Volume\{229eeffc-4776-48a0-8308-839091a02507}\Generation","SUCCESS","Type: REG_DWORD, Length: 4, Data: 1"
"10:34:46.0538827","雷小伊脱机日常 Beta 1.6.24.exe","1496","RegCloseKey","HKCU\SOFTWARE\Microsoft\Windows\CurrentVersion\Explorer\MountPoints2\CPC\Volume\{229eeffc-4776-48a0-8308-839091a02507}","SUCCESS",""
"10:34:46.0539713","雷小伊脱机日常 Beta 1.6.24.exe","1496","RegQueryKey","HKLM","SUCCESS","Query: HandleTags, HandleTags: 0x0"
"10:34:46.0539896","雷小伊脱机日常 Beta 1.6.24.exe","1496","RegQueryKey","HKLM","SUCCESS","Query: Name"
"10:34:46.0540012","雷小伊脱机日常 Beta 1.6.24.exe","1496","RegOpenKey","HKCR\WOW6432Node\CLSID\{75847177-F077-4171-BD2C-A6BB2164FBD0}\InProcServer32","SUCCESS","Desired Access: Query Value"
"10:34:46.0540211","雷小伊脱机日常 Beta 1.6.24.exe","1496","RegSetInfoKey","HKCR\WOW6432Node\CLSID\{75847177-f077-4171-bd2c-a6bb2164fbd0}\InProcServer32","SUCCESS","KeySetInformationClass: KeySetHandleTagsInformation, Length: 0"
"10:34:46.0540267","雷小伊脱机日常 Beta 1.6.24.exe","1496","RegQueryValue","HKCR\WOW6432Node\CLSID\{75847177-f077-4171-bd2c-a6bb2164fbd0}\InProcServer32\(Default)","SUCCESS","Type: REG_EXPAND_SZ, Length: 84, Data: %SystemRoot%\system32\windows.storage.dll"
"10:34:46.0540363","雷小伊脱机日常 Beta 1.6.24.exe","1496","RegCloseKey","HKCR\WOW6432Node\CLSID\{75847177-f077-4171-bd2c-a6bb2164fbd0}\InProcServer32","SUCCESS",""
"10:34:46.0540465","雷小伊脱机日常 Beta 1.6.24.exe","1496","RegQueryKey","HKCU","SUCCESS","Query: HandleTags, HandleTags: 0x0"
"10:34:46.0540507","雷小伊脱机日常 Beta 1.6.24.exe","1496","RegQueryKey","HKCU","SUCCESS","Query: Name"
"10:34:46.0540578","雷小伊脱机日常 Beta 1.6.24.exe","1496","RegOpenKey","HKCU\Software\Microsoft\Windows\CurrentVersion\Explorer\MountPoints2\CPC\Volume","SUCCESS","Desired Access: Read"
"10:34:46.0540667","雷小伊脱机日常 Beta 1.6.24.exe","1496","RegSetInfoKey","HKCU\SOFTWARE\Microsoft\Windows\CurrentVersion\Explorer\MountPoints2\CPC\Volume","SUCCESS","KeySetInformationClass: KeySetHandleTagsInformation, Length: 0"
"10:34:46.0540730","雷小伊脱机日常 Beta 1.6.24.exe","1496","RegQueryKey","HKCU\SOFTWARE\Microsoft\Windows\CurrentVersion\Explorer\MountPoints2\CPC\Volume","SUCCESS","Query: HandleTags, HandleTags: 0x400"
"10:34:46.0540770","雷小伊脱机日常 Beta 1.6.24.exe","1496","RegOpenKey","HKCU\SOFTWARE\Microsoft\Windows\CurrentVersion\Explorer\MountPoints2\CPC\Volume\{215cfb34-0965-4d6f-a30f-85c14fa223de}\","SUCCESS","Desired Access: Read"
"10:34:46.0540836","雷小伊脱机日常 Beta 1.6.24.exe","1496","RegCloseKey","HKCU\SOFTWARE\Microsoft\Windows\CurrentVersion\Explorer\MountPoints2\CPC\Volume","SUCCESS",""
"10:34:46.0540880","雷小伊脱机日常 Beta 1.6.24.exe","1496","RegQueryValue","HKCU\SOFTWARE\Microsoft\Windows\CurrentVersion\Explorer\MountPoints2\CPC\Volume\{215cfb34-0965-4d6f-a30f-85c14fa223de}\Data","BUFFER OVERFLOW","Length: 144"
"10:34:46.0540928","雷小伊脱机日常 Beta 1.6.24.exe","1496","RegQueryValue","HKCU\SOFTWARE\Microsoft\Windows\CurrentVersion\Explorer\MountPoints2\CPC\Volume\{215cfb34-0965-4d6f-a30f-85c14fa223de}\Data","SUCCESS","Type: REG_BINARY, Length: 1,370, Data: D6 0D 00 00 0D F0 AD BA 01 00 00 00 08 00 00 00"
"10:34:46.0540986","雷小伊脱机日常 Beta 1.6.24.exe","1496","RegQueryKey","HKCR","SUCCESS","Query: HandleTags, HandleTags: 0x1"
"10:34:46.0541053","雷小伊脱机日常 Beta 1.6.24.exe","1496","RegCloseKey","HKCU\SOFTWARE\Microsoft\Windows\CurrentVersion\Explorer\MountPoints2\CPC\Volume\{215cfb34-0965-4d6f-a30f-85c14fa223de}","SUCCESS",""
"10:34:46.0541114","雷小伊脱机日常 Beta 1.6.24.exe","1496","RegQueryKey","HKCR","SUCCESS","Query: Name"
"10:34:46.0541134","雷小伊脱机日常 Beta 1.6.24.exe","1496","RegQueryKey","HKCU","SUCCESS","Query: HandleTags, HandleTags: 0x0"
"10:34:46.0541232","雷小伊脱机日常 Beta 1.6.24.exe","1496","RegQueryKey","HKCU","SUCCESS","Query: Name"
"10:34:46.0541255","雷小伊脱机日常 Beta 1.6.24.exe","1496","RegOpenKey","HKCR\WOW6432Node\CLSID\{1F486A52-3CB1-48FD-8F50-B8DC300D9F9D}","SUCCESS","Desired Access: Read"
"10:34:46.0541307","雷小伊脱机日常 Beta 1.6.24.exe","1496","RegOpenKey","HKCU\Software\Microsoft\Windows\CurrentVersion\Explorer\MountPoints2\CPC\Volume","SUCCESS","Desired Access: Read"
"10:34:46.0541576","雷小伊脱机日常 Beta 1.6.24.exe","1496","RegSetInfoKey","HKCU\SOFTWARE\Microsoft\Windows\CurrentVersion\Explorer\MountPoints2\CPC\Volume","SUCCESS","KeySetInformationClass: KeySetHandleTagsInformation, Length: 0"
"10:34:46.0541598","雷小伊脱机日常 Beta 1.6.24.exe","1496","RegSetInfoKey","HKCR\WOW6432Node\CLSID\{1f486a52-3cb1-48fd-8f50-b8dc300d9f9d}","SUCCESS","KeySetInformationClass: KeySetHandleTagsInformation, Length: 0"
"10:34:46.0541667","雷小伊脱机日常 Beta 1.6.24.exe","1496","RegQueryKey","HKCU\SOFTWARE\Microsoft\Windows\CurrentVersion\Explorer\MountPoints2\CPC\Volume","SUCCESS","Query: HandleTags, HandleTags: 0x400"
"10:34:46.0541686","雷小伊脱机日常 Beta 1.6.24.exe","1496","RegQueryKey","HKCR\WOW6432Node\CLSID\{1f486a52-3cb1-48fd-8f50-b8dc300d9f9d}","SUCCESS","Query: HandleTags, HandleTags: 0x401"
"10:34:46.0541718","雷小伊脱机日常 Beta 1.6.24.exe","1496","RegOpenKey","HKCU\SOFTWARE\Microsoft\Windows\CurrentVersion\Explorer\MountPoints2\CPC\Volume\{215cfb34-0965-4d6f-a30f-85c14fa223de}\","SUCCESS","Desired Access: Read"
"10:34:46.0541742","雷小伊脱机日常 Beta 1.6.24.exe","1496","RegOpenKey","HKCR\WOW6432Node\CLSID\{1f486a52-3cb1-48fd-8f50-b8dc300d9f9d}\TreatAs","NAME NOT FOUND","Desired Access: Query Value"
"10:34:46.0541797","雷小伊脱机日常 Beta 1.6.24.exe","1496","RegCloseKey","HKCU\SOFTWARE\Microsoft\Windows\CurrentVersion\Explorer\MountPoints2\CPC\Volume","SUCCESS",""
"10:34:46.0541828","雷小伊脱机日常 Beta 1.6.24.exe","1496","RegQueryKey","HKCR\WOW6432Node\CLSID\{1f486a52-3cb1-48fd-8f50-b8dc300d9f9d}","SUCCESS","Query: Name"
"10:34:46.0541847","雷小伊脱机日常 Beta 1.6.24.exe","1496","RegQueryValue","HKCU\SOFTWARE\Microsoft\Windows\CurrentVersion\Explorer\MountPoints2\CPC\Volume\{215cfb34-0965-4d6f-a30f-85c14fa223de}\Generation","SUCCESS","Type: REG_DWORD, Length: 4, Data: 1"
"10:34:46.0541909","雷小伊脱机日常 Beta 1.6.24.exe","1496","RegCloseKey","HKCU\SOFTWARE\Microsoft\Windows\CurrentVersion\Explorer\MountPoints2\CPC\Volume\{215cfb34-0965-4d6f-a30f-85c14fa223de}","SUCCESS",""
"10:34:46.0541933","雷小伊脱机日常 Beta 1.6.24.exe","1496","RegQueryValue","HKCR\WOW6432Node\CLSID\{1f486a52-3cb1-48fd-8f50-b8dc300d9f9d}\ActivateOnHostFlags","NAME NOT FOUND","Length: 16"
"10:34:46.0541988","雷小伊脱机日常 Beta 1.6.24.exe","1496","RegQueryValue","HKCR\WOW6432Node\CLSID\{1f486a52-3cb1-48fd-8f50-b8dc300d9f9d}\(Default)","BUFFER OVERFLOW","Length: 12"
"10:34:46.0542038","雷小伊脱机日常 Beta 1.6.24.exe","1496","RegQueryValue","HKCR\WOW6432Node\CLSID\{1f486a52-3cb1-48fd-8f50-b8dc300d9f9d}\(Default)","SUCCESS","Type: REG_SZ, Length: 48, Data: Memory Mapped Cache Mgr"
"10:34:46.0542111","雷小伊脱机日常 Beta 1.6.24.exe","1496","RegQueryKey","HKCR\WOW6432Node\CLSID\{1f486a52-3cb1-48fd-8f50-b8dc300d9f9d}","SUCCESS","Query: HandleTags, HandleTags: 0x401"
"10:34:46.0542154","雷小伊脱机日常 Beta 1.6.24.exe","1496","RegOpenKey","HKCR\WOW6432Node\CLSID\{1f486a52-3cb1-48fd-8f50-b8dc300d9f9d}\InprocServer32","SUCCESS","Desired Access: Read"
"10:34:46.0542420","雷小伊脱机日常 Beta 1.6.24.exe","1496","RegQueryValue","HKCR\WOW6432Node\CLSID\{1f486a52-3cb1-48fd-8f50-b8dc300d9f9d}\InProcServer32\InprocServer32","NAME NOT FOUND","Length: 12"
"10:34:46.0542468","雷小伊脱机日常 Beta 1.6.24.exe","1496","RegQueryValue","HKCR\WOW6432Node\CLSID\{1f486a52-3cb1-48fd-8f50-b8dc300d9f9d}\InProcServer32\(Default)","BUFFER OVERFLOW","Length: 12"
"10:34:46.0542514","雷小伊脱机日常 Beta 1.6.24.exe","1496","RegQueryValue","HKCR\WOW6432Node\CLSID\{1f486a52-3cb1-48fd-8f50-b8dc300d9f9d}\InProcServer32\(Default)","SUCCESS","Type: REG_EXPAND_SZ, Length: 68, Data: %SystemRoot%\system32\propsys.dll"
"10:34:46.0542571","雷小伊脱机日常 Beta 1.6.24.exe","1496","RegQueryValue","HKCR\WOW6432Node\CLSID\{1f486a52-3cb1-48fd-8f50-b8dc300d9f9d}\InProcServer32\(Default)","SUCCESS","Type: REG_EXPAND_SZ, Length: 68, Data: %SystemRoot%\system32\propsys.dll"
"10:34:46.0542625","雷小伊脱机日常 Beta 1.6.24.exe","1496","RegQueryValue","HKCR\WOW6432Node\CLSID\{1f486a52-3cb1-48fd-8f50-b8dc300d9f9d}\InProcServer32\ThreadingModel","SUCCESS","Type: REG_SZ, Length: 10, Data: Both"
"10:34:46.0542697","雷小伊脱机日常 Beta 1.6.24.exe","1496","RegCloseKey","HKCR\WOW6432Node\CLSID\{1f486a52-3cb1-48fd-8f50-b8dc300d9f9d}\InProcServer32","SUCCESS",""
"10:34:46.0542876","雷小伊脱机日常 Beta 1.6.24.exe","1496","RegQueryKey","HKCR\WOW6432Node\CLSID\{1f486a52-3cb1-48fd-8f50-b8dc300d9f9d}","SUCCESS","Query: HandleTags, HandleTags: 0x401"
"10:34:46.0542923","雷小伊脱机日常 Beta 1.6.24.exe","1496","RegOpenKey","HKCR\WOW6432Node\CLSID\{1f486a52-3cb1-48fd-8f50-b8dc300d9f9d}\InprocHandler32","NAME NOT FOUND","Desired Access: Query Value"
"10:34:46.0542996","雷小伊脱机日常 Beta 1.6.24.exe","1496","RegQueryKey","HKCR\WOW6432Node\CLSID\{1f486a52-3cb1-48fd-8f50-b8dc300d9f9d}","SUCCESS","Query: HandleTags, HandleTags: 0x401"
"10:34:46.0543044","雷小伊脱机日常 Beta 1.6.24.exe","1496","RegOpenKey","HKCR\WOW6432Node\CLSID\{1f486a52-3cb1-48fd-8f50-b8dc300d9f9d}\InprocHandler","NAME NOT FOUND","Desired Access: Query Value"
"10:34:46.0543132","雷小伊脱机日常 Beta 1.6.24.exe","1496","RegCloseKey","HKCR\WOW6432Node\CLSID\{1f486a52-3cb1-48fd-8f50-b8dc300d9f9d}","SUCCESS",""
"10:34:46.0543407","雷小伊脱机日常 Beta 1.6.24.exe","1496","RegQueryKey","HKCR","SUCCESS","Query: HandleTags, HandleTags: 0x1"
"10:34:46.0543446","雷小伊脱机日常 Beta 1.6.24.exe","1496","RegQueryKey","HKCR","SUCCESS","Query: Name"
"10:34:46.0543527","雷小伊脱机日常 Beta 1.6.24.exe","1496","RegOpenKey","HKCR\WOW6432Node\CLSID\{1F486A52-3CB1-48FD-8F50-B8DC300D9F9D}","SUCCESS","Desired Access: Read"
"10:34:46.0543581","雷小伊脱机日常 Beta 1.6.24.exe","1496","RegQueryKey","HKCU","SUCCESS","Query: HandleTags, HandleTags: 0x0"
"10:34:46.0543605","雷小伊脱机日常 Beta 1.6.24.exe","1496","RegSetInfoKey","HKCR\WOW6432Node\CLSID\{1f486a52-3cb1-48fd-8f50-b8dc300d9f9d}","SUCCESS","KeySetInformationClass: KeySetHandleTagsInformation, Length: 0"
"10:34:46.0543632","雷小伊脱机日常 Beta 1.6.24.exe","1496","RegQueryKey","HKCU","SUCCESS","Query: Name"
"10:34:46.0543678","雷小伊脱机日常 Beta 1.6.24.exe","1496","RegQueryKey","HKCR\WOW6432Node\CLSID\{1f486a52-3cb1-48fd-8f50-b8dc300d9f9d}","SUCCESS","Query: HandleTags, HandleTags: 0x401"
"10:34:46.0543712","雷小伊脱机日常 Beta 1.6.24.exe","1496","RegOpenKey","HKCU\Software\Microsoft\Windows\CurrentVersion\Explorer\MountPoints2\CPC\Volume","SUCCESS","Desired Access: Read"
"10:34:46.0543730","雷小伊脱机日常 Beta 1.6.24.exe","1496","RegOpenKey","HKCR\WOW6432Node\CLSID\{1f486a52-3cb1-48fd-8f50-b8dc300d9f9d}\TreatAs","NAME NOT FOUND","Desired Access: Query Value"
"10:34:46.0543802","雷小伊脱机日常 Beta 1.6.24.exe","1496","RegQueryKey","HKCR\WOW6432Node\CLSID\{1f486a52-3cb1-48fd-8f50-b8dc300d9f9d}","SUCCESS","Query: Name"
"10:34:46.0543806","雷小伊脱机日常 Beta 1.6.24.exe","1496","RegSetInfoKey","HKCU\SOFTWARE\Microsoft\Windows\CurrentVersion\Explorer\MountPoints2\CPC\Volume","SUCCESS","KeySetInformationClass: KeySetHandleTagsInformation, Length: 0"
"10:34:46.0543915","雷小伊脱机日常 Beta 1.6.24.exe","1496","RegQueryValue","HKCR\WOW6432Node\CLSID\{1f486a52-3cb1-48fd-8f50-b8dc300d9f9d}\ActivateOnHostFlags","NAME NOT FOUND","Length: 16"
"10:34:46.0543918","雷小伊脱机日常 Beta 1.6.24.exe","1496","RegQueryKey","HKCU\SOFTWARE\Microsoft\Windows\CurrentVersion\Explorer\MountPoints2\CPC\Volume","SUCCESS","Query: HandleTags, HandleTags: 0x400"
"10:34:46.0543992","雷小伊脱机日常 Beta 1.6.24.exe","1496","RegQueryValue","HKCR\WOW6432Node\CLSID\{1f486a52-3cb1-48fd-8f50-b8dc300d9f9d}\(Default)","BUFFER OVERFLOW","Length: 12"
"10:34:46.0544006","雷小伊脱机日常 Beta 1.6.24.exe","1496","RegOpenKey","HKCU\SOFTWARE\Microsoft\Windows\CurrentVersion\Explorer\MountPoints2\CPC\Volume\{d2eabc20-df01-11f0-9462-806e6f6e6963}\","SUCCESS","Desired Access: Read"
"10:34:46.0544065","雷小伊脱机日常 Beta 1.6.24.exe","1496","RegQueryValue","HKCR\WOW6432Node\CLSID\{1f486a52-3cb1-48fd-8f50-b8dc300d9f9d}\(Default)","SUCCESS","Type: REG_SZ, Length: 48, Data: Memory Mapped Cache Mgr"
"10:34:46.0544091","雷小伊脱机日常 Beta 1.6.24.exe","1496","RegCloseKey","HKCU\SOFTWARE\Microsoft\Windows\CurrentVersion\Explorer\MountPoints2\CPC\Volume","SUCCESS",""
"10:34:46.0544155","雷小伊脱机日常 Beta 1.6.24.exe","1496","RegQueryKey","HKCR\WOW6432Node\CLSID\{1f486a52-3cb1-48fd-8f50-b8dc300d9f9d}","SUCCESS","Query: HandleTags, HandleTags: 0x401"
"10:34:46.0544310","雷小伊脱机日常 Beta 1.6.24.exe","1496","RegOpenKey","HKCR\WOW6432Node\CLSID\{1f486a52-3cb1-48fd-8f50-b8dc300d9f9d}\InprocServer32","SUCCESS","Desired Access: Read"
"10:34:46.0544380","雷小伊脱机日常 Beta 1.6.24.exe","1496","RegQueryValue","HKCR\WOW6432Node\CLSID\{1f486a52-3cb1-48fd-8f50-b8dc300d9f9d}\InProcServer32\InprocServer32","NAME NOT FOUND","Length: 12"
"10:34:46.0544602","雷小伊脱机日常 Beta 1.6.24.exe","1496","RegQueryValue","HKCR\WOW6432Node\CLSID\{1f486a52-3cb1-48fd-8f50-b8dc300d9f9d}\InProcServer32\(Default)","BUFFER OVERFLOW","Length: 12"
"10:34:46.0544672","雷小伊脱机日常 Beta 1.6.24.exe","1496","RegQueryValue","HKCR\WOW6432Node\CLSID\{1f486a52-3cb1-48fd-8f50-b8dc300d9f9d}\InProcServer32\(Default)","SUCCESS","Type: REG_EXPAND_SZ, Length: 68, Data: %SystemRoot%\system32\propsys.dll"
"10:34:46.0544728","雷小伊脱机日常 Beta 1.6.24.exe","1496","RegQueryValue","HKCR\WOW6432Node\CLSID\{1f486a52-3cb1-48fd-8f50-b8dc300d9f9d}\InProcServer32\(Default)","SUCCESS","Type: REG_EXPAND_SZ, Length: 68, Data: %SystemRoot%\system32\propsys.dll"
"10:34:46.0544782","雷小伊脱机日常 Beta 1.6.24.exe","1496","RegQueryValue","HKCR\WOW6432Node\CLSID\{1f486a52-3cb1-48fd-8f50-b8dc300d9f9d}\InProcServer32\ThreadingModel","SUCCESS","Type: REG_SZ, Length: 10, Data: Both"
"10:34:46.0544790","雷小伊脱机日常 Beta 1.6.24.exe","1496","RegQueryValue","HKCU\SOFTWARE\Microsoft\Windows\CurrentVersion\Explorer\MountPoints2\CPC\Volume\{d2eabc20-df01-11f0-9462-806e6f6e6963}\Data","BUFFER OVERFLOW","Length: 144"
"10:34:46.0544892","雷小伊脱机日常 Beta 1.6.24.exe","1496","RegCloseKey","HKCR\WOW6432Node\CLSID\{1f486a52-3cb1-48fd-8f50-b8dc300d9f9d}\InProcServer32","SUCCESS",""
"10:34:46.0544971","雷小伊脱机日常 Beta 1.6.24.exe","1496","RegQueryKey","HKCR\WOW6432Node\CLSID\{1f486a52-3cb1-48fd-8f50-b8dc300d9f9d}","SUCCESS","Query: HandleTags, HandleTags: 0x401"
"10:34:46.0544982","雷小伊脱机日常 Beta 1.6.24.exe","1496","RegQueryValue","HKCU\SOFTWARE\Microsoft\Windows\CurrentVersion\Explorer\MountPoints2\CPC\Volume\{d2eabc20-df01-11f0-9462-806e6f6e6963}\Data","SUCCESS","Type: REG_BINARY, Length: 1,394, Data: D6 0D 00 00 0D F0 AD BA 01 00 00 00 10 00 00 00"
"10:34:46.0545016","雷小伊脱机日常 Beta 1.6.24.exe","1496","RegOpenKey","HKCR\WOW6432Node\CLSID\{1f486a52-3cb1-48fd-8f50-b8dc300d9f9d}\InprocHandler32","NAME NOT FOUND","Desired Access: Query Value"
"10:34:46.0545102","雷小伊脱机日常 Beta 1.6.24.exe","1496","RegQueryKey","HKCR\WOW6432Node\CLSID\{1f486a52-3cb1-48fd-8f50-b8dc300d9f9d}","SUCCESS","Query: HandleTags, HandleTags: 0x401"
"10:34:46.0545114","雷小伊脱机日常 Beta 1.6.24.exe","1496","RegCloseKey","HKCU\SOFTWARE\Microsoft\Windows\CurrentVersion\Explorer\MountPoints2\CPC\Volume\{d2eabc20-df01-11f0-9462-806e6f6e6963}","SUCCESS",""
"10:34:46.0545148","雷小伊脱机日常 Beta 1.6.24.exe","1496","RegOpenKey","HKCR\WOW6432Node\CLSID\{1f486a52-3cb1-48fd-8f50-b8dc300d9f9d}\InprocHandler","NAME NOT FOUND","Desired Access: Query Value"
"10:34:46.0545239","雷小伊脱机日常 Beta 1.6.24.exe","1496","RegQueryKey","HKCR\WOW6432Node\CLSID\{1f486a52-3cb1-48fd-8f50-b8dc300d9f9d}","SUCCESS","Query: HandleTags, HandleTags: 0x401"
"10:34:46.0545257","雷小伊脱机日常 Beta 1.6.24.exe","1496","RegQueryKey","HKCU","SUCCESS","Query: HandleTags, HandleTags: 0x0"
"10:34:46.0545285","雷小伊脱机日常 Beta 1.6.24.exe","1496","RegOpenKey","HKCR\WOW6432Node\CLSID\{1f486a52-3cb1-48fd-8f50-b8dc300d9f9d}\LocalServer32","NAME NOT FOUND","Desired Access: Read"
"10:34:46.0545315","雷小伊脱机日常 Beta 1.6.24.exe","1496","RegQueryKey","HKCU","SUCCESS","Query: Name"
"10:34:46.0545353","雷小伊脱机日常 Beta 1.6.24.exe","1496","RegQueryValue","HKCR\WOW6432Node\CLSID\{1f486a52-3cb1-48fd-8f50-b8dc300d9f9d}\AppID","NAME NOT FOUND","Length: 112"
"10:34:46.0545426","雷小伊脱机日常 Beta 1.6.24.exe","1496","RegQueryKey","HKCR\WOW6432Node\CLSID\{1f486a52-3cb1-48fd-8f50-b8dc300d9f9d}","SUCCESS","Query: HandleTags, HandleTags: 0x401"
"10:34:46.0545436","雷小伊脱机日常 Beta 1.6.24.exe","1496","RegOpenKey","HKCU\Software\Microsoft\Windows\CurrentVersion\Explorer\MountPoints2\CPC\Volume","SUCCESS","Desired Access: Read"
"10:34:46.0545488","雷小伊脱机日常 Beta 1.6.24.exe","1496","RegOpenKey","HKCR\WOW6432Node\CLSID\{1f486a52-3cb1-48fd-8f50-b8dc300d9f9d}\LocalServer","NAME NOT FOUND","Desired Access: Query Value"
"10:34:46.0545699","雷小伊脱机日常 Beta 1.6.24.exe","1496","RegSetInfoKey","HKCU\SOFTWARE\Microsoft\Windows\CurrentVersion\Explorer\MountPoints2\CPC\Volume","SUCCESS","KeySetInformationClass: KeySetHandleTagsInformation, Length: 0"
"10:34:46.0545841","雷小伊脱机日常 Beta 1.6.24.exe","1496","RegQueryKey","HKCU\SOFTWARE\Microsoft\Windows\CurrentVersion\Explorer\MountPoints2\CPC\Volume","SUCCESS","Query: HandleTags, HandleTags: 0x400"
"10:34:46.0545894","雷小伊脱机日常 Beta 1.6.24.exe","1496","RegOpenKey","HKCU\SOFTWARE\Microsoft\Windows\CurrentVersion\Explorer\MountPoints2\CPC\Volume\{d2eabc20-df01-11f0-9462-806e6f6e6963}\","SUCCESS","Desired Access: Read"
"10:34:46.0545975","雷小伊脱机日常 Beta 1.6.24.exe","1496","RegCloseKey","HKCU\SOFTWARE\Microsoft\Windows\CurrentVersion\Explorer\MountPoints2\CPC\Volume","SUCCESS",""
"10:34:46.0546013","雷小伊脱机日常 Beta 1.6.24.exe","1496","RegQueryKey","HKCR","SUCCESS","Query: HandleTags, HandleTags: 0x1"
"10:34:46.0546029","雷小伊脱机日常 Beta 1.6.24.exe","1496","RegQueryValue","HKCU\SOFTWARE\Microsoft\Windows\CurrentVersion\Explorer\MountPoints2\CPC\Volume\{d2eabc20-df01-11f0-9462-806e6f6e6963}\Generation","SUCCESS","Type: REG_DWORD, Length: 4, Data: 1"
"10:34:46.0546101","雷小伊脱机日常 Beta 1.6.24.exe","1496","RegCloseKey","HKCU\SOFTWARE\Microsoft\Windows\CurrentVersion\Explorer\MountPoints2\CPC\Volume\{d2eabc20-df01-11f0-9462-806e6f6e6963}","SUCCESS",""
"10:34:46.0546137","雷小伊脱机日常 Beta 1.6.24.exe","1496","RegQueryKey","HKCR","SUCCESS","Query: Name"
"10:34:46.0546411","雷小伊脱机日常 Beta 1.6.24.exe","1496","RegOpenKey","HKCR\WOW6432Node\CLSID\{1F486A52-3CB1-48FD-8F50-B8DC300D9F9D}","SUCCESS","Desired Access: Read"
"10:34:46.0546631","雷小伊脱机日常 Beta 1.6.24.exe","1496","RegSetInfoKey","HKCR\WOW6432Node\CLSID\{1f486a52-3cb1-48fd-8f50-b8dc300d9f9d}","SUCCESS","KeySetInformationClass: KeySetHandleTagsInformation, Length: 0"
"10:34:46.0546739","雷小伊脱机日常 Beta 1.6.24.exe","1496","RegQueryKey","HKCR\WOW6432Node\CLSID\{1f486a52-3cb1-48fd-8f50-b8dc300d9f9d}","SUCCESS","Query: HandleTags, HandleTags: 0x401"
"10:34:46.0546793","雷小伊脱机日常 Beta 1.6.24.exe","1496","RegOpenKey","HKCR\WOW6432Node\CLSID\{1f486a52-3cb1-48fd-8f50-b8dc300d9f9d}\Elevation","NAME NOT FOUND","Desired Access: Read"
"10:34:46.0546913","雷小伊脱机日常 Beta 1.6.24.exe","1496","RegCloseKey","HKCR\WOW6432Node\CLSID\{1f486a52-3cb1-48fd-8f50-b8dc300d9f9d}","SUCCESS",""
"10:34:46.0547080","雷小伊脱机日常 Beta 1.6.24.exe","1496","RegCloseKey","HKCR\WOW6432Node\CLSID\{1f486a52-3cb1-48fd-8f50-b8dc300d9f9d}","SUCCESS",""
"10:34:46.0547196","雷小伊脱机日常 Beta 1.6.24.exe","1496","RegQueryKey","HKCR","SUCCESS","Query: HandleTags, HandleTags: 0x1"
"10:34:46.0547235","雷小伊脱机日常 Beta 1.6.24.exe","1496","RegQueryKey","HKCR","SUCCESS","Query: Name"
"10:34:46.0547318","雷小伊脱机日常 Beta 1.6.24.exe","1496","RegOpenKey","HKCR\WOW6432Node\CLSID\{1F486A52-3CB1-48FD-8F50-B8DC300D9F9D}","SUCCESS","Desired Access: Read"
"10:34:46.0547384","雷小伊脱机日常 Beta 1.6.24.exe","1496","RegSetInfoKey","HKCR\WOW6432Node\CLSID\{1f486a52-3cb1-48fd-8f50-b8dc300d9f9d}","SUCCESS","KeySetInformationClass: KeySetHandleTagsInformation, Length: 0"
"10:34:46.0547452","雷小伊脱机日常 Beta 1.6.24.exe","1496","RegQueryKey","HKCR\WOW6432Node\CLSID\{1f486a52-3cb1-48fd-8f50-b8dc300d9f9d}","SUCCESS","Query: HandleTags, HandleTags: 0x401"
"10:34:46.0547555","雷小伊脱机日常 Beta 1.6.24.exe","1496","RegOpenKey","HKCR\WOW6432Node\CLSID\{1f486a52-3cb1-48fd-8f50-b8dc300d9f9d}\TreatAs","NAME NOT FOUND","Desired Access: Read"
"10:34:46.0547725","雷小伊脱机日常 Beta 1.6.24.exe","1496","RegCloseKey","HKCR\WOW6432Node\CLSID\{1f486a52-3cb1-48fd-8f50-b8dc300d9f9d}","SUCCESS",""
"10:34:46.0548071","雷小伊脱机日常 Beta 1.6.24.exe","1496","RegQueryKey","HKCU","SUCCESS","Query: HandleTags, HandleTags: 0x0"
"10:34:46.0548135","雷小伊脱机日常 Beta 1.6.24.exe","1496","RegQueryKey","HKCU","SUCCESS","Query: Name"
"10:34:46.0548246","雷小伊脱机日常 Beta 1.6.24.exe","1496","RegOpenKey","HKCU\Software\Microsoft\Windows\CurrentVersion\Explorer\MountPoints2\CPC\Volume","SUCCESS","Desired Access: Read"
"10:34:46.0548352","雷小伊脱机日常 Beta 1.6.24.exe","1496","RegSetInfoKey","HKCU\SOFTWARE\Microsoft\Windows\CurrentVersion\Explorer\MountPoints2\CPC\Volume","SUCCESS","KeySetInformationClass: KeySetHandleTagsInformation, Length: 0"
"10:34:46.0548429","雷小伊脱机日常 Beta 1.6.24.exe","1496","RegQueryKey","HKCU\SOFTWARE\Microsoft\Windows\CurrentVersion\Explorer\MountPoints2\CPC\Volume","SUCCESS","Query: HandleTags, HandleTags: 0x400"
"10:34:46.0548478","雷小伊脱机日常 Beta 1.6.24.exe","1496","RegOpenKey","HKCU\SOFTWARE\Microsoft\Windows\CurrentVersion\Explorer\MountPoints2\CPC\Volume\{15c8ad86-cc2e-49e4-9700-5dc43b21d066}\","SUCCESS","Desired Access: Read"
"10:34:46.0548564","雷小伊脱机日常 Beta 1.6.24.exe","1496","RegCloseKey","HKCU\SOFTWARE\Microsoft\Windows\CurrentVersion\Explorer\MountPoints2\CPC\Volume","SUCCESS",""
"10:34:46.0548645","雷小伊脱机日常 Beta 1.6.24.exe","1496","RegQueryValue","HKCU\SOFTWARE\Microsoft\Windows\CurrentVersion\Explorer\MountPoints2\CPC\Volume\{15c8ad86-cc2e-49e4-9700-5dc43b21d066}\Data","BUFFER OVERFLOW","Length: 144"
"10:34:46.0548703","雷小伊脱机日常 Beta 1.6.24.exe","1496","RegQueryValue","HKCU\SOFTWARE\Microsoft\Windows\CurrentVersion\Explorer\MountPoints2\CPC\Volume\{15c8ad86-cc2e-49e4-9700-5dc43b21d066}\Data","SUCCESS","Type: REG_BINARY, Length: 1,370, Data: D6 0D 00 00 0D F0 AD BA 41 00 00 00 08 00 00 00"
"10:34:46.0548765","雷小伊脱机日常 Beta 1.6.24.exe","1496","RegCloseKey","HKCU\SOFTWARE\Microsoft\Windows\CurrentVersion\Explorer\MountPoints2\CPC\Volume\{15c8ad86-cc2e-49e4-9700-5dc43b21d066}","SUCCESS",""
"10:34:46.0548835","雷小伊脱机日常 Beta 1.6.24.exe","1496","RegQueryKey","HKCU","SUCCESS","Query: HandleTags, HandleTags: 0x0"
"10:34:46.0548876","雷小伊脱机日常 Beta 1.6.24.exe","1496","RegQueryKey","HKCU","SUCCESS","Query: Name"
"10:34:46.0548912","雷小伊脱机日常 Beta 1.6.24.exe","1496","CreateFile","C:\Users\1\AppData\Local\Microsoft\Windows\Caches","NAME COLLISION","Desired Access: Read Data/List Directory, Synchronize, Disposition: Create, Options: Directory, Synchronous IO Non-Alert, Open Reparse Point, Attributes: N, ShareMode: Read, Write, AllocationSize: 0"
"10:34:46.0548950","雷小伊脱机日常 Beta 1.6.24.exe","1496","RegOpenKey","HKCU\Software\Microsoft\Windows\CurrentVersion\Explorer\MountPoints2\CPC\Volume","SUCCESS","Desired Access: Read"
"10:34:46.0549010","雷小伊脱机日常 Beta 1.6.24.exe","1496","RegSetInfoKey","HKCU\SOFTWARE\Microsoft\Windows\CurrentVersion\Explorer\MountPoints2\CPC\Volume","SUCCESS","KeySetInformationClass: KeySetHandleTagsInformation, Length: 0"
"10:34:46.0549071","雷小伊脱机日常 Beta 1.6.24.exe","1496","RegQueryKey","HKCU\SOFTWARE\Microsoft\Windows\CurrentVersion\Explorer\MountPoints2\CPC\Volume","SUCCESS","Query: HandleTags, HandleTags: 0x400"
"10:34:46.0549113","雷小伊脱机日常 Beta 1.6.24.exe","1496","RegOpenKey","HKCU\SOFTWARE\Microsoft\Windows\CurrentVersion\Explorer\MountPoints2\CPC\Volume\{15c8ad86-cc2e-49e4-9700-5dc43b21d066}\","SUCCESS","Desired Access: Read"
"10:34:46.0549180","雷小伊脱机日常 Beta 1.6.24.exe","1496","RegCloseKey","HKCU\SOFTWARE\Microsoft\Windows\CurrentVersion\Explorer\MountPoints2\CPC\Volume","SUCCESS",""
"10:34:46.0549224","雷小伊脱机日常 Beta 1.6.24.exe","1496","RegQueryValue","HKCU\SOFTWARE\Microsoft\Windows\CurrentVersion\Explorer\MountPoints2\CPC\Volume\{15c8ad86-cc2e-49e4-9700-5dc43b21d066}\Generation","SUCCESS","Type: REG_DWORD, Length: 4, Data: 1"
"10:34:46.0549294","雷小伊脱机日常 Beta 1.6.24.exe","1496","RegCloseKey","HKCU\SOFTWARE\Microsoft\Windows\CurrentVersion\Explorer\MountPoints2\CPC\Volume\{15c8ad86-cc2e-49e4-9700-5dc43b21d066}","SUCCESS",""
"10:34:46.0552171","雷小伊脱机日常 Beta 1.6.24.exe","1496","CreateFile","C:\Users\1\AppData\Local\Microsoft\Windows\Caches","SUCCESS","Desired Access: Read Control, Disposition: Open, Options: Open Reparse Point, Attributes: n/a, ShareMode: Read, Write, Delete, AllocationSize: n/a, OpenResult: Opened"
"10:34:46.0552338","雷小伊脱机日常 Beta 1.6.24.exe","1496","QuerySecurityFile","C:\Users\1\AppData\Local\Microsoft\Windows\Caches","BUFFER OVERFLOW","Information: DACL"
"10:34:46.0552428","雷小伊脱机日常 Beta 1.6.24.exe","1496","CloseFile","C:\Users\1\AppData\Local\Microsoft\Windows\Caches","SUCCESS",""
"10:34:46.0552817","雷小伊脱机日常 Beta 1.6.24.exe","1496","CreateFile","C:\Users\1\AppData\Local\Microsoft\Windows\Caches","SUCCESS","Desired Access: Read Control, Disposition: Open, Options: Open Reparse Point, Attributes: n/a, ShareMode: Read, Write, Delete, AllocationSize: n/a, OpenResult: Opened"
"10:34:46.0552905","雷小伊脱机日常 Beta 1.6.24.exe","1496","QuerySecurityFile","C:\Users\1\AppData\Local\Microsoft\Windows\Caches","SUCCESS","Information: DACL"
"10:34:46.0552952","雷小伊脱机日常 Beta 1.6.24.exe","1496","CloseFile","C:\Users\1\AppData\Local\Microsoft\Windows\Caches","SUCCESS",""
"10:34:46.0553524","雷小伊脱机日常 Beta 1.6.24.exe","1496","CreateFile","C:\Users\1\AppData\Local\Microsoft\Windows\Caches\cversions.1.db","SUCCESS","Desired Access: Generic Read, Disposition: Open, Options: Synchronous IO Non-Alert, Non-Directory File, Attributes: n/a, ShareMode: Read, Write, AllocationSize: n/a, OpenResult: Opened"
"10:34:46.0553884","雷小伊脱机日常 Beta 1.6.24.exe","1496","CreateFileMapping","C:\Users\1\AppData\Local\Microsoft\Windows\Caches\cversions.1.db","FILE LOCKED WITH ONLY READERS","SyncType: SyncTypeCreateSection, PageProtection: PAGE_EXECUTE_READWRITE|PAGE_NOCACHE"
"10:34:46.0553971","雷小伊脱机日常 Beta 1.6.24.exe","1496","QueryStandardInformationFile","C:\Users\1\AppData\Local\Microsoft\Windows\Caches\cversions.1.db","SUCCESS","AllocationSize: 16,384, EndOfFile: 16,384, NumberOfLinks: 1, DeletePending: False, Directory: False"
"10:34:46.0554079","雷小伊脱机日常 Beta 1.6.24.exe","1496","CreateFileMapping","C:\Users\1\AppData\Local\Microsoft\Windows\Caches\cversions.1.db","SUCCESS","SyncType: SyncTypeOther"
"10:34:46.0554292","雷小伊脱机日常 Beta 1.6.24.exe","1496","CloseFile","C:\Users\1\AppData\Local\Microsoft\Windows\Caches\cversions.1.db","SUCCESS",""
"10:34:46.0554601","雷小伊脱机日常 Beta 1.6.24.exe","1496","ReadFile","C:\Windows\SysWOW64\propsys.dll","SUCCESS","Offset: 349,184, Length: 32,768, I/O Flags: Non-cached, Paging I/O, Synchronous Paging I/O, Priority: Normal"
"10:34:46.0557280","雷小伊脱机日常 Beta 1.6.24.exe","1496","CreateFile","C:\Users\1\AppData\Local\Microsoft\Windows\Caches\{AFBF9F1A-8EE8-4C77-AF34-C647E37CA0D9}.1.ver0x0000000000000009.db","SUCCESS","Desired Access: Generic Read, Disposition: Open, Options: Synchronous IO Non-Alert, Non-Directory File, Attributes: n/a, ShareMode: Read, AllocationSize: n/a, OpenResult: Opened"
"10:34:46.0557506","雷小伊脱机日常 Beta 1.6.24.exe","1496","QueryStandardInformationFile","C:\Users\1\AppData\Local\Microsoft\Windows\Caches\{AFBF9F1A-8EE8-4C77-AF34-C647E37CA0D9}.1.ver0x0000000000000009.db","SUCCESS","AllocationSize: 131,072, EndOfFile: 130,672, NumberOfLinks: 1, DeletePending: False, Directory: False"
"10:34:46.0557674","雷小伊脱机日常 Beta 1.6.24.exe","1496","CreateFileMapping","C:\Users\1\AppData\Local\Microsoft\Windows\Caches\{AFBF9F1A-8EE8-4C77-AF34-C647E37CA0D9}.1.ver0x0000000000000009.db","FILE LOCKED WITH ONLY READERS","SyncType: SyncTypeCreateSection, PageProtection: PAGE_EXECUTE_READWRITE|PAGE_NOCACHE"
"10:34:46.0557758","雷小伊脱机日常 Beta 1.6.24.exe","1496","QueryStandardInformationFile","C:\Users\1\AppData\Local\Microsoft\Windows\Caches\{AFBF9F1A-8EE8-4C77-AF34-C647E37CA0D9}.1.ver0x0000000000000009.db","SUCCESS","AllocationSize: 131,072, EndOfFile: 130,672, NumberOfLinks: 1, DeletePending: False, Directory: False"
"10:34:46.0557861","雷小伊脱机日常 Beta 1.6.24.exe","1496","CreateFileMapping","C:\Users\1\AppData\Local\Microsoft\Windows\Caches\{AFBF9F1A-8EE8-4C77-AF34-C647E37CA0D9}.1.ver0x0000000000000009.db","SUCCESS","SyncType: SyncTypeOther"
"10:34:46.0558034","雷小伊脱机日常 Beta 1.6.24.exe","1496","CloseFile","C:\Users\1\AppData\Local\Microsoft\Windows\Caches\{AFBF9F1A-8EE8-4C77-AF34-C647E37CA0D9}.1.ver0x0000000000000009.db","SUCCESS",""
"10:34:46.0559179","雷小伊脱机日常 Beta 1.6.24.exe","1496","CreateFile","C:\Users\desktop.ini","SUCCESS","Desired Access: Generic Read, Disposition: Open, Options: Sequential Access, Synchronous IO Non-Alert, Non-Directory File, Attributes: n/a, ShareMode: Read, Write, Delete, AllocationSize: n/a, OpenResult: Opened"
"10:34:46.0559367","雷小伊脱机日常 Beta 1.6.24.exe","1496","QueryStandardInformationFile","C:\Users\desktop.ini","SUCCESS","AllocationSize: 176, EndOfFile: 174, NumberOfLinks: 1, DeletePending: False, Directory: False"
"10:34:46.0559443","雷小伊脱机日常 Beta 1.6.24.exe","1496","ReadFile","C:\Users\desktop.ini","SUCCESS","Offset: 0, Length: 174, Priority: Normal"
"10:34:46.0559660","雷小伊脱机日常 Beta 1.6.24.exe","1496","QueryBasicInformationFile","C:\Users\desktop.ini","SUCCESS","CreationTime: 2019/12/7 17:14:54, LastAccessTime: 2025/12/31 10:34:46, LastWriteTime: 2019/12/7 17:12:42, ChangeTime: 2025/12/22 14:44:17, FileAttributes: HSA"
"10:34:46.0559710","雷小伊脱机日常 Beta 1.6.24.exe","1496","CloseFile","C:\Users\desktop.ini","SUCCESS",""
"10:34:46.0560258","雷小伊脱机日常 Beta 1.6.24.exe","1496","RegQueryKey","HKLM","SUCCESS","Query: HandleTags, HandleTags: 0x0"
"10:34:46.0560314","雷小伊脱机日常 Beta 1.6.24.exe","1496","RegQueryKey","HKLM","SUCCESS","Query: Name"
"10:34:46.0560410","雷小伊脱机日常 Beta 1.6.24.exe","1496","RegOpenKey","HKCR\WOW6432Node\CLSID\{75847177-F077-4171-BD2C-A6BB2164FBD0}\InProcServer32","SUCCESS","Desired Access: Query Value"
"10:34:46.0560504","雷小伊脱机日常 Beta 1.6.24.exe","1496","RegSetInfoKey","HKCR\WOW6432Node\CLSID\{75847177-f077-4171-bd2c-a6bb2164fbd0}\InProcServer32","SUCCESS","KeySetInformationClass: KeySetHandleTagsInformation, Length: 0"
"10:34:46.0560553","雷小伊脱机日常 Beta 1.6.24.exe","1496","RegQueryValue","HKCR\WOW6432Node\CLSID\{75847177-f077-4171-bd2c-a6bb2164fbd0}\InProcServer32\(Default)","SUCCESS","Type: REG_EXPAND_SZ, Length: 84, Data: %SystemRoot%\system32\windows.storage.dll"
"10:34:46.0560632","雷小伊脱机日常 Beta 1.6.24.exe","1496","RegCloseKey","HKCR\WOW6432Node\CLSID\{75847177-f077-4171-bd2c-a6bb2164fbd0}\InProcServer32","SUCCESS",""
"10:34:46.0560864","雷小伊脱机日常 Beta 1.6.24.exe","1496","RegQueryKey","HKLM","SUCCESS","Query: HandleTags, HandleTags: 0x0"
"10:34:46.0560907","雷小伊脱机日常 Beta 1.6.24.exe","1496","RegQueryKey","HKLM","SUCCESS","Query: Name"
"10:34:46.0560985","雷小伊脱机日常 Beta 1.6.24.exe","1496","RegOpenKey","HKLM\Software\WOW6432Node\Microsoft\Windows\CurrentVersion\Policies\Explorer","REPARSE","Desired Access: Query Value"
"10:34:46.0561075","雷小伊脱机日常 Beta 1.6.24.exe","1496","RegOpenKey","HKLM\SOFTWARE\Microsoft\Windows\CurrentVersion\Policies\Explorer","SUCCESS","Desired Access: Query Value"
"10:34:46.0561139","雷小伊脱机日常 Beta 1.6.24.exe","1496","RegSetInfoKey","HKLM\SOFTWARE\Microsoft\Windows\CurrentVersion\Policies\Explorer","SUCCESS","KeySetInformationClass: KeySetHandleTagsInformation, Length: 0"
"10:34:46.0561202","雷小伊脱机日常 Beta 1.6.24.exe","1496","RegQueryValue","HKLM\SOFTWARE\Microsoft\Windows\CurrentVersion\Policies\Explorer\DontShowSuperHidden","NAME NOT FOUND","Length: 16"
"10:34:46.0561262","雷小伊脱机日常 Beta 1.6.24.exe","1496","RegCloseKey","HKLM\SOFTWARE\Microsoft\Windows\CurrentVersion\Policies\Explorer","SUCCESS",""
"10:34:46.0561329","雷小伊脱机日常 Beta 1.6.24.exe","1496","RegQueryKey","HKCU","SUCCESS","Query: HandleTags, HandleTags: 0x0"
"10:34:46.0561383","雷小伊脱机日常 Beta 1.6.24.exe","1496","RegQueryKey","HKCU","SUCCESS","Query: Name"
"10:34:46.0561452","雷小伊脱机日常 Beta 1.6.24.exe","1496","RegOpenKey","HKCU\Software\Microsoft\Windows\CurrentVersion\Policies\Explorer","NAME NOT FOUND","Desired Access: Query Value"
"10:34:46.0561574","雷小伊脱机日常 Beta 1.6.24.exe","1496","RegQueryKey","HKCU\SOFTWARE\Microsoft\Windows\CurrentVersion\Explorer","SUCCESS","Query: HandleTags, HandleTags: 0x400"
"10:34:46.0561616","雷小伊脱机日常 Beta 1.6.24.exe","1496","RegOpenKey","HKCU\SOFTWARE\Microsoft\Windows\CurrentVersion\Explorer","SUCCESS","Desired Access: Query Value"
"10:34:46.0561683","雷小伊脱机日常 Beta 1.6.24.exe","1496","RegQueryValue","HKCU\SOFTWARE\Microsoft\Windows\CurrentVersion\Explorer\ShellState","BUFFER OVERFLOW","Length: 12"
"10:34:46.0561755","雷小伊脱机日常 Beta 1.6.24.exe","1496","RegQueryValue","HKCU\SOFTWARE\Microsoft\Windows\CurrentVersion\Explorer\ShellState","SUCCESS","Type: REG_BINARY, Length: 36, Data: 24 00 00 00 3F 28 00 00 00 00 00 00 00 00 00 00"
"10:34:46.0561811","雷小伊脱机日常 Beta 1.6.24.exe","1496","RegCloseKey","HKCU\SOFTWARE\Microsoft\Windows\CurrentVersion\Explorer","SUCCESS",""
"10:34:46.0561881","雷小伊脱机日常 Beta 1.6.24.exe","1496","RegQueryKey","HKLM","SUCCESS","Query: HandleTags, HandleTags: 0x0"
"10:34:46.0561918","雷小伊脱机日常 Beta 1.6.24.exe","1496","RegQueryKey","HKLM","SUCCESS","Query: Name"
"10:34:46.0561988","雷小伊脱机日常 Beta 1.6.24.exe","1496","RegOpenKey","HKLM\Software\WOW6432Node\Microsoft\Windows\CurrentVersion\Policies\Explorer","REPARSE","Desired Access: Query Value"
"10:34:46.0562043","雷小伊脱机日常 Beta 1.6.24.exe","1496","RegOpenKey","HKLM\SOFTWARE\Microsoft\Windows\CurrentVersion\Policies\Explorer","SUCCESS","Desired Access: Query Value"
"10:34:46.0562095","雷小伊脱机日常 Beta 1.6.24.exe","1496","RegSetInfoKey","HKLM\SOFTWARE\Microsoft\Windows\CurrentVersion\Policies\Explorer","SUCCESS","KeySetInformationClass: KeySetHandleTagsInformation, Length: 0"
"10:34:46.0562155","雷小伊脱机日常 Beta 1.6.24.exe","1496","RegQueryValue","HKLM\SOFTWARE\Microsoft\Windows\CurrentVersion\Policies\Explorer\NoWebView","NAME NOT FOUND","Length: 16"
"10:34:46.0562206","雷小伊脱机日常 Beta 1.6.24.exe","1496","RegCloseKey","HKLM\SOFTWARE\Microsoft\Windows\CurrentVersion\Policies\Explorer","SUCCESS",""
"10:34:46.0562264","雷小伊脱机日常 Beta 1.6.24.exe","1496","RegQueryKey","HKCU","SUCCESS","Query: HandleTags, HandleTags: 0x0"
"10:34:46.0562301","雷小伊脱机日常 Beta 1.6.24.exe","1496","RegQueryKey","HKCU","SUCCESS","Query: Name"
"10:34:46.0562363","雷小伊脱机日常 Beta 1.6.24.exe","1496","RegOpenKey","HKCU\Software\Microsoft\Windows\CurrentVersion\Policies\Explorer","NAME NOT FOUND","Desired Access: Query Value"
"10:34:46.0562441","雷小伊脱机日常 Beta 1.6.24.exe","1496","RegQueryKey","HKLM","SUCCESS","Query: HandleTags, HandleTags: 0x0"
"10:34:46.0562477","雷小伊脱机日常 Beta 1.6.24.exe","1496","RegQueryKey","HKLM","SUCCESS","Query: Name"
"10:34:46.0562542","雷小伊脱机日常 Beta 1.6.24.exe","1496","RegOpenKey","HKLM\Software\WOW6432Node\Microsoft\Windows\CurrentVersion\Policies\Explorer","REPARSE","Desired Access: Query Value"
"10:34:46.0562609","雷小伊脱机日常 Beta 1.6.24.exe","1496","RegOpenKey","HKLM\SOFTWARE\Microsoft\Windows\CurrentVersion\Policies\Explorer","SUCCESS","Desired Access: Query Value"
"10:34:46.0562660","雷小伊脱机日常 Beta 1.6.24.exe","1496","RegSetInfoKey","HKLM\SOFTWARE\Microsoft\Windows\CurrentVersion\Policies\Explorer","SUCCESS","KeySetInformationClass: KeySetHandleTagsInformation, Length: 0"
"10:34:46.0562846","雷小伊脱机日常 Beta 1.6.24.exe","1496","RegQueryValue","HKLM\SOFTWARE\Microsoft\Windows\CurrentVersion\Policies\Explorer\ClassicShell","NAME NOT FOUND","Length: 16"
"10:34:46.0562900","雷小伊脱机日常 Beta 1.6.24.exe","1496","RegCloseKey","HKLM\SOFTWARE\Microsoft\Windows\CurrentVersion\Policies\Explorer","SUCCESS",""
"10:34:46.0562965","雷小伊脱机日常 Beta 1.6.24.exe","1496","RegQueryKey","HKCU","SUCCESS","Query: HandleTags, HandleTags: 0x0"
"10:34:46.0563003","雷小伊脱机日常 Beta 1.6.24.exe","1496","RegQueryKey","HKCU","SUCCESS","Query: Name"
"10:34:46.0563074","雷小伊脱机日常 Beta 1.6.24.exe","1496","RegOpenKey","HKCU\Software\Microsoft\Windows\CurrentVersion\Policies\Explorer","NAME NOT FOUND","Desired Access: Query Value"
"10:34:46.0563160","雷小伊脱机日常 Beta 1.6.24.exe","1496","RegQueryKey","HKLM","SUCCESS","Query: HandleTags, HandleTags: 0x0"
"10:34:46.0563197","雷小伊脱机日常 Beta 1.6.24.exe","1496","RegQueryKey","HKLM","SUCCESS","Query: Name"
"10:34:46.0563265","雷小伊脱机日常 Beta 1.6.24.exe","1496","RegOpenKey","HKLM\Software\WOW6432Node\Microsoft\Windows\CurrentVersion\Policies\Explorer","REPARSE","Desired Access: Query Value"
"10:34:46.0563321","雷小伊脱机日常 Beta 1.6.24.exe","1496","RegOpenKey","HKLM\SOFTWARE\Microsoft\Windows\CurrentVersion\Policies\Explorer","SUCCESS","Desired Access: Query Value"
"10:34:46.0563373","雷小伊脱机日常 Beta 1.6.24.exe","1496","RegSetInfoKey","HKLM\SOFTWARE\Microsoft\Windows\CurrentVersion\Policies\Explorer","SUCCESS","KeySetInformationClass: KeySetHandleTagsInformation, Length: 0"
"10:34:46.0563415","雷小伊脱机日常 Beta 1.6.24.exe","1496","RegQueryValue","HKLM\SOFTWARE\Microsoft\Windows\CurrentVersion\Policies\Explorer\SeparateProcess","NAME NOT FOUND","Length: 16"
"10:34:46.0563468","雷小伊脱机日常 Beta 1.6.24.exe","1496","RegCloseKey","HKLM\SOFTWARE\Microsoft\Windows\CurrentVersion\Policies\Explorer","SUCCESS",""
"10:34:46.0563525","雷小伊脱机日常 Beta 1.6.24.exe","1496","RegQueryKey","HKCU","SUCCESS","Query: HandleTags, HandleTags: 0x0"
"10:34:46.0563563","雷小伊脱机日常 Beta 1.6.24.exe","1496","RegQueryKey","HKCU","SUCCESS","Query: Name"
"10:34:46.0563630","雷小伊脱机日常 Beta 1.6.24.exe","1496","RegOpenKey","HKCU\Software\Microsoft\Windows\CurrentVersion\Policies\Explorer","NAME NOT FOUND","Desired Access: Query Value"
"10:34:46.0563707","雷小伊脱机日常 Beta 1.6.24.exe","1496","RegQueryKey","HKLM","SUCCESS","Query: HandleTags, HandleTags: 0x0"
"10:34:46.0563743","雷小伊脱机日常 Beta 1.6.24.exe","1496","RegQueryKey","HKLM","SUCCESS","Query: Name"
"10:34:46.0563808","雷小伊脱机日常 Beta 1.6.24.exe","1496","RegOpenKey","HKLM\Software\WOW6432Node\Microsoft\Windows\CurrentVersion\Policies\Explorer","REPARSE","Desired Access: Query Value"
"10:34:46.0563858","雷小伊脱机日常 Beta 1.6.24.exe","1496","RegOpenKey","HKLM\SOFTWARE\Microsoft\Windows\CurrentVersion\Policies\Explorer","SUCCESS","Desired Access: Query Value"
"10:34:46.0563907","雷小伊脱机日常 Beta 1.6.24.exe","1496","RegSetInfoKey","HKLM\SOFTWARE\Microsoft\Windows\CurrentVersion\Policies\Explorer","SUCCESS","KeySetInformationClass: KeySetHandleTagsInformation, Length: 0"
"10:34:46.0563948","雷小伊脱机日常 Beta 1.6.24.exe","1496","RegQueryValue","HKLM\SOFTWARE\Microsoft\Windows\CurrentVersion\Policies\Explorer\NoNetCrawling","NAME NOT FOUND","Length: 16"
"10:34:46.0563998","雷小伊脱机日常 Beta 1.6.24.exe","1496","RegCloseKey","HKLM\SOFTWARE\Microsoft\Windows\CurrentVersion\Policies\Explorer","SUCCESS",""
"10:34:46.0564055","雷小伊脱机日常 Beta 1.6.24.exe","1496","RegQueryKey","HKCU","SUCCESS","Query: HandleTags, HandleTags: 0x0"
"10:34:46.0564092","雷小伊脱机日常 Beta 1.6.24.exe","1496","RegQueryKey","HKCU","SUCCESS","Query: Name"
"10:34:46.0564152","雷小伊脱机日常 Beta 1.6.24.exe","1496","RegOpenKey","HKCU\Software\Microsoft\Windows\CurrentVersion\Policies\Explorer","NAME NOT FOUND","Desired Access: Query Value"
"10:34:46.0564239","雷小伊脱机日常 Beta 1.6.24.exe","1496","RegQueryKey","HKCU\SOFTWARE\Microsoft\Windows\CurrentVersion\Explorer","SUCCESS","Query: HandleTags, HandleTags: 0x400"
"10:34:46.0564297","雷小伊脱机日常 Beta 1.6.24.exe","1496","RegOpenKey","HKCU\SOFTWARE\Microsoft\Windows\CurrentVersion\Explorer\Advanced","SUCCESS","Desired Access: Query Value"
"10:34:46.0564368","雷小伊脱机日常 Beta 1.6.24.exe","1496","RegQueryValue","HKCU\SOFTWARE\Microsoft\Windows\CurrentVersion\Explorer\Advanced\Hidden","SUCCESS","Type: REG_DWORD, Length: 4, Data: 1"
"10:34:46.0564451","雷小伊脱机日常 Beta 1.6.24.exe","1496","RegQueryValue","HKCU\SOFTWARE\Microsoft\Windows\CurrentVersion\Explorer\Advanced\ShowCompColor","SUCCESS","Type: REG_DWORD, Length: 4, Data: 1"
"10:34:46.0564502","雷小伊脱机日常 Beta 1.6.24.exe","1496","RegQueryValue","HKCU\SOFTWARE\Microsoft\Windows\CurrentVersion\Explorer\Advanced\HideFileExt","SUCCESS","Type: REG_DWORD, Length: 4, Data: 0"
"10:34:46.0564553","雷小伊脱机日常 Beta 1.6.24.exe","1496","RegQueryValue","HKCU\SOFTWARE\Microsoft\Windows\CurrentVersion\Explorer\Advanced\DontPrettyPath","SUCCESS","Type: REG_DWORD, Length: 4, Data: 0"
"10:34:46.0564601","雷小伊脱机日常 Beta 1.6.24.exe","1496","RegQueryValue","HKCU\SOFTWARE\Microsoft\Windows\CurrentVersion\Explorer\Advanced\ShowInfoTip","SUCCESS","Type: REG_DWORD, Length: 4, Data: 1"
"10:34:46.0564652","雷小伊脱机日常 Beta 1.6.24.exe","1496","RegQueryValue","HKCU\SOFTWARE\Microsoft\Windows\CurrentVersion\Explorer\Advanced\HideIcons","SUCCESS","Type: REG_DWORD, Length: 4, Data: 0"
"10:34:46.0564700","雷小伊脱机日常 Beta 1.6.24.exe","1496","RegQueryValue","HKCU\SOFTWARE\Microsoft\Windows\CurrentVersion\Explorer\Advanced\MapNetDrvBtn","SUCCESS","Type: REG_DWORD, Length: 4, Data: 0"
"10:34:46.0564754","雷小伊脱机日常 Beta 1.6.24.exe","1496","RegQueryValue","HKCU\SOFTWARE\Microsoft\Windows\CurrentVersion\Explorer\Advanced\WebView","SUCCESS","Type: REG_DWORD, Length: 4, Data: 1"
"10:34:46.0564808","雷小伊脱机日常 Beta 1.6.24.exe","1496","RegQueryValue","HKCU\SOFTWARE\Microsoft\Windows\CurrentVersion\Explorer\Advanced\Filter","SUCCESS","Type: REG_DWORD, Length: 4, Data: 0"
"10:34:46.0564859","雷小伊脱机日常 Beta 1.6.24.exe","1496","RegQueryValue","HKCU\SOFTWARE\Microsoft\Windows\CurrentVersion\Explorer\Advanced\ShowSuperHidden","SUCCESS","Type: REG_DWORD, Length: 4, Data: 0"
"10:34:46.0564912","雷小伊脱机日常 Beta 1.6.24.exe","1496","RegQueryValue","HKCU\SOFTWARE\Microsoft\Windows\CurrentVersion\Explorer\Advanced\SeparateProcess","SUCCESS","Type: REG_DWORD, Length: 4, Data: 0"
"10:34:46.0565075","雷小伊脱机日常 Beta 1.6.24.exe","1496","RegQueryValue","HKCU\SOFTWARE\Microsoft\Windows\CurrentVersion\Explorer\Advanced\NoNetCrawling","NAME NOT FOUND","Length: 16"
"10:34:46.0565150","雷小伊脱机日常 Beta 1.6.24.exe","1496","RegQueryValue","HKCU\SOFTWARE\Microsoft\Windows\CurrentVersion\Explorer\Advanced\AutoCheckSelect","SUCCESS","Type: REG_DWORD, Length: 4, Data: 0"
"10:34:46.0565202","雷小伊脱机日常 Beta 1.6.24.exe","1496","RegQueryValue","HKCU\SOFTWARE\Microsoft\Windows\CurrentVersion\Explorer\Advanced\IconsOnly","SUCCESS","Type: REG_DWORD, Length: 4, Data: 0"
"10:34:46.0565252","雷小伊脱机日常 Beta 1.6.24.exe","1496","RegQueryValue","HKCU\SOFTWARE\Microsoft\Windows\CurrentVersion\Explorer\Advanced\ShowTypeOverlay","SUCCESS","Type: REG_DWORD, Length: 4, Data: 1"
"10:34:46.0565305","雷小伊脱机日常 Beta 1.6.24.exe","1496","RegQueryValue","HKCU\SOFTWARE\Microsoft\Windows\CurrentVersion\Explorer\Advanced\ShowStatusBar","SUCCESS","Type: REG_DWORD, Length: 4, Data: 1"
"10:34:46.0565367","雷小伊脱机日常 Beta 1.6.24.exe","1496","RegCloseKey","HKCU\SOFTWARE\Microsoft\Windows\CurrentVersion\Explorer\Advanced","SUCCESS",""
"10:34:46.0565818","雷小伊脱机日常 Beta 1.6.24.exe","1496","RegQueryKey","HKCU\Software\Classes","SUCCESS","Query: Name"
"10:34:46.0565877","雷小伊脱机日常 Beta 1.6.24.exe","1496","RegQueryKey","HKCU\Software\Classes","SUCCESS","Query: HandleTags, HandleTags: 0x1"
"10:34:46.0565932","雷小伊脱机日常 Beta 1.6.24.exe","1496","RegQueryKey","HKCU\Software\Classes","SUCCESS","Query: HandleTags, HandleTags: 0x1"
"10:34:46.0565971","雷小伊脱机日常 Beta 1.6.24.exe","1496","RegQueryKey","HKCU\Software\Classes","SUCCESS","Query: Name"
"10:34:46.0566033","雷小伊脱机日常 Beta 1.6.24.exe","1496","RegOpenKey","HKCU\Software\Classes\Directory","SUCCESS","Desired Access: Read"
"10:34:46.0566102","雷小伊脱机日常 Beta 1.6.24.exe","1496","RegSetInfoKey","HKCU\Software\Classes\Directory","SUCCESS","KeySetInformationClass: KeySetHandleTagsInformation, Length: 0"
"10:34:46.0566196","雷小伊脱机日常 Beta 1.6.24.exe","1496","RegQueryKey","HKCU\Software\Classes\Directory","SUCCESS","Query: Name"
"10:34:46.0566258","雷小伊脱机日常 Beta 1.6.24.exe","1496","RegQueryKey","HKCU\Software\Classes\Directory","SUCCESS","Query: HandleTags, HandleTags: 0x401"
"10:34:46.0566312","雷小伊脱机日常 Beta 1.6.24.exe","1496","RegQueryKey","HKCU\Software\Classes\Directory","SUCCESS","Query: HandleTags, HandleTags: 0x401"
"10:34:46.0566353","雷小伊脱机日常 Beta 1.6.24.exe","1496","RegOpenKey","HKCU\Software\Classes\Directory\ShellEx\IconHandler","NAME NOT FOUND","Desired Access: Query Value"
"10:34:46.0566447","雷小伊脱机日常 Beta 1.6.24.exe","1496","RegOpenKey","HKCR\Directory\ShellEx\IconHandler","NAME NOT FOUND","Desired Access: Query Value"
"10:34:46.0566562","雷小伊脱机日常 Beta 1.6.24.exe","1496","RegQueryKey","HKCU\Software\Classes","SUCCESS","Query: Name"
"10:34:46.0566609","雷小伊脱机日常 Beta 1.6.24.exe","1496","RegQueryKey","HKCU\Software\Classes","SUCCESS","Query: HandleTags, HandleTags: 0x1"
"10:34:46.0566662","雷小伊脱机日常 Beta 1.6.24.exe","1496","RegQueryKey","HKCU\Software\Classes","SUCCESS","Query: HandleTags, HandleTags: 0x1"
"10:34:46.0566702","雷小伊脱机日常 Beta 1.6.24.exe","1496","RegQueryKey","HKCU\Software\Classes","SUCCESS","Query: Name"
"10:34:46.0566762","雷小伊脱机日常 Beta 1.6.24.exe","1496","RegOpenKey","HKCU\Software\Classes\Folder","NAME NOT FOUND","Desired Access: Read"
"10:34:46.0566849","雷小伊脱机日常 Beta 1.6.24.exe","1496","RegOpenKey","HKCR\Folder","SUCCESS","Desired Access: Read"
"10:34:46.0566918","雷小伊脱机日常 Beta 1.6.24.exe","1496","RegSetInfoKey","HKCR\Folder","SUCCESS","KeySetInformationClass: KeySetHandleTagsInformation, Length: 0"
"10:34:46.0567105","雷小伊脱机日常 Beta 1.6.24.exe","1496","RegQueryKey","HKCR\Folder","SUCCESS","Query: Name"
"10:34:46.0567176","雷小伊脱机日常 Beta 1.6.24.exe","1496","RegQueryKey","HKCR\Folder","SUCCESS","Query: HandleTags, HandleTags: 0x401"
"10:34:46.0567261","雷小伊脱机日常 Beta 1.6.24.exe","1496","RegOpenKey","HKCU\Software\Classes\Folder\ShellEx\IconHandler","NAME NOT FOUND","Desired Access: Query Value"
"10:34:46.0567345","雷小伊脱机日常 Beta 1.6.24.exe","1496","RegQueryKey","HKCR\Folder","SUCCESS","Query: HandleTags, HandleTags: 0x401"
"10:34:46.0567388","雷小伊脱机日常 Beta 1.6.24.exe","1496","RegOpenKey","HKCR\Folder\ShellEx\IconHandler","NAME NOT FOUND","Desired Access: Query Value"
"10:34:46.0567483","雷小伊脱机日常 Beta 1.6.24.exe","1496","RegQueryKey","HKCU\Software\Classes","SUCCESS","Query: Name"
"10:34:46.0567542","雷小伊脱机日常 Beta 1.6.24.exe","1496","RegQueryKey","HKCU\Software\Classes","SUCCESS","Query: HandleTags, HandleTags: 0x1"
"10:34:46.0567595","雷小伊脱机日常 Beta 1.6.24.exe","1496","RegQueryKey","HKCU\Software\Classes","SUCCESS","Query: HandleTags, HandleTags: 0x1"
"10:34:46.0567632","雷小伊脱机日常 Beta 1.6.24.exe","1496","RegQueryKey","HKCU\Software\Classes","SUCCESS","Query: Name"
"10:34:46.0567710","雷小伊脱机日常 Beta 1.6.24.exe","1496","RegOpenKey","HKCU\Software\Classes\AllFilesystemObjects","NAME NOT FOUND","Desired Access: Read"
"10:34:46.0567782","雷小伊脱机日常 Beta 1.6.24.exe","1496","RegOpenKey","HKCR\AllFilesystemObjects","SUCCESS","Desired Access: Read"
"10:34:46.0567854","雷小伊脱机日常 Beta 1.6.24.exe","1496","RegSetInfoKey","HKCR\AllFilesystemObjects","SUCCESS","KeySetInformationClass: KeySetHandleTagsInformation, Length: 0"
"10:34:46.0567910","雷小伊脱机日常 Beta 1.6.24.exe","1496","RegQueryKey","HKCR\AllFilesystemObjects","SUCCESS","Query: Name"
"10:34:46.0567967","雷小伊脱机日常 Beta 1.6.24.exe","1496","RegQueryKey","HKCR\AllFilesystemObjects","SUCCESS","Query: HandleTags, HandleTags: 0x401"
"10:34:46.0568036","雷小伊脱机日常 Beta 1.6.24.exe","1496","RegOpenKey","HKCU\Software\Classes\AllFilesystemObjects\ShellEx\IconHandler","NAME NOT FOUND","Desired Access: Query Value"
"10:34:46.0568113","雷小伊脱机日常 Beta 1.6.24.exe","1496","RegQueryKey","HKCR\AllFilesystemObjects","SUCCESS","Query: HandleTags, HandleTags: 0x401"
"10:34:46.0568155","雷小伊脱机日常 Beta 1.6.24.exe","1496","RegOpenKey","HKCR\AllFilesystemObjects\ShellEx\IconHandler","NAME NOT FOUND","Desired Access: Query Value"
"10:34:46.0568241","雷小伊脱机日常 Beta 1.6.24.exe","1496","RegQueryKey","HKCU\Software\Classes\Directory","SUCCESS","Query: Name"
"10:34:46.0568294","雷小伊脱机日常 Beta 1.6.24.exe","1496","RegQueryKey","HKCU\Software\Classes\Directory","SUCCESS","Query: HandleTags, HandleTags: 0x401"
"10:34:46.0568350","雷小伊脱机日常 Beta 1.6.24.exe","1496","RegOpenKey","HKCR\Directory","SUCCESS","Desired Access: Maximum Allowed, Granted Access: All Access"
"10:34:46.0568410","雷小伊脱机日常 Beta 1.6.24.exe","1496","RegSetInfoKey","HKCR\Directory","SUCCESS","KeySetInformationClass: KeySetHandleTagsInformation, Length: 0"
"10:34:46.0568453","雷小伊脱机日常 Beta 1.6.24.exe","1496","RegQueryValue","HKCU\Software\Classes\Directory\DocObject","NAME NOT FOUND","Length: 12"
"10:34:46.0568500","雷小伊脱机日常 Beta 1.6.24.exe","1496","RegQueryValue","HKCR\Directory\DocObject","NAME NOT FOUND","Length: 12"
"10:34:46.0568558","雷小伊脱机日常 Beta 1.6.24.exe","1496","RegCloseKey","HKCR\Directory","SUCCESS",""
"10:34:46.0568605","雷小伊脱机日常 Beta 1.6.24.exe","1496","RegQueryKey","HKCU\Software\Classes\Directory","SUCCESS","Query: Name"
"10:34:46.0568658","雷小伊脱机日常 Beta 1.6.24.exe","1496","RegQueryKey","HKCU\Software\Classes\Directory","SUCCESS","Query: HandleTags, HandleTags: 0x401"
"10:34:46.0568729","雷小伊脱机日常 Beta 1.6.24.exe","1496","RegQueryKey","HKCU\Software\Classes\Directory","SUCCESS","Query: HandleTags, HandleTags: 0x401"
"10:34:46.0568771","雷小伊脱机日常 Beta 1.6.24.exe","1496","RegOpenKey","HKCU\Software\Classes\Directory\DocObject","NAME NOT FOUND","Desired Access: Query Value"
"10:34:46.0568857","雷小伊脱机日常 Beta 1.6.24.exe","1496","RegOpenKey","HKCR\Directory\DocObject","NAME NOT FOUND","Desired Access: Query Value"
"10:34:46.0568922","雷小伊脱机日常 Beta 1.6.24.exe","1496","RegQueryKey","HKCR\Folder","SUCCESS","Query: Name"
"10:34:46.0568978","雷小伊脱机日常 Beta 1.6.24.exe","1496","RegQueryKey","HKCR\Folder","SUCCESS","Query: HandleTags, HandleTags: 0x401"
"10:34:46.0569044","雷小伊脱机日常 Beta 1.6.24.exe","1496","RegOpenKey","HKCU\Software\Classes\Folder","NAME NOT FOUND","Desired Access: Maximum Allowed"
"10:34:46.0569101","雷小伊脱机日常 Beta 1.6.24.exe","1496","RegQueryValue","HKCR\Folder\DocObject","NAME NOT FOUND","Length: 12"
"10:34:46.0569155","雷小伊脱机日常 Beta 1.6.24.exe","1496","RegQueryKey","HKCR\Folder","SUCCESS","Query: Name"
"10:34:46.0569204","雷小伊脱机日常 Beta 1.6.24.exe","1496","RegQueryKey","HKCR\Folder","SUCCESS","Query: HandleTags, HandleTags: 0x401"
"10:34:46.0569267","雷小伊脱机日常 Beta 1.6.24.exe","1496","RegOpenKey","HKCU\Software\Classes\Folder\DocObject","NAME NOT FOUND","Desired Access: Query Value"
"10:34:46.0569337","雷小伊脱机日常 Beta 1.6.24.exe","1496","RegQueryKey","HKCR\Folder","SUCCESS","Query: HandleTags, HandleTags: 0x401"
"10:34:46.0569378","雷小伊脱机日常 Beta 1.6.24.exe","1496","RegOpenKey","HKCR\Folder\DocObject","NAME NOT FOUND","Desired Access: Query Value"
"10:34:46.0569441","雷小伊脱机日常 Beta 1.6.24.exe","1496","RegQueryKey","HKCR\AllFilesystemObjects","SUCCESS","Query: Name"
"10:34:46.0569491","雷小伊脱机日常 Beta 1.6.24.exe","1496","RegQueryKey","HKCR\AllFilesystemObjects","SUCCESS","Query: HandleTags, HandleTags: 0x401"
"10:34:46.0569554","雷小伊脱机日常 Beta 1.6.24.exe","1496","RegOpenKey","HKCU\Software\Classes\AllFilesystemObjects","NAME NOT FOUND","Desired Access: Maximum Allowed"
"10:34:46.0569610","雷小伊脱机日常 Beta 1.6.24.exe","1496","RegQueryValue","HKCR\AllFilesystemObjects\DocObject","NAME NOT FOUND","Length: 12"
"10:34:46.0569669","雷小伊脱机日常 Beta 1.6.24.exe","1496","RegQueryKey","HKCR\AllFilesystemObjects","SUCCESS","Query: Name"
"10:34:46.0569837","雷小伊脱机日常 Beta 1.6.24.exe","1496","RegQueryKey","HKCR\AllFilesystemObjects","SUCCESS","Query: HandleTags, HandleTags: 0x401"
"10:34:46.0569908","雷小伊脱机日常 Beta 1.6.24.exe","1496","RegOpenKey","HKCU\Software\Classes\AllFilesystemObjects\DocObject","NAME NOT FOUND","Desired Access: Query Value"
"10:34:46.0569982","雷小伊脱机日常 Beta 1.6.24.exe","1496","RegQueryKey","HKCR\AllFilesystemObjects","SUCCESS","Query: HandleTags, HandleTags: 0x401"
"10:34:46.0570025","雷小伊脱机日常 Beta 1.6.24.exe","1496","RegOpenKey","HKCR\AllFilesystemObjects\DocObject","NAME NOT FOUND","Desired Access: Query Value"
"10:34:46.0570093","雷小伊脱机日常 Beta 1.6.24.exe","1496","RegQueryKey","HKCU\Software\Classes\Directory","SUCCESS","Query: Name"
"10:34:46.0570143","雷小伊脱机日常 Beta 1.6.24.exe","1496","RegQueryKey","HKCU\Software\Classes\Directory","SUCCESS","Query: HandleTags, HandleTags: 0x401"
"10:34:46.0570200","雷小伊脱机日常 Beta 1.6.24.exe","1496","RegOpenKey","HKCR\Directory","SUCCESS","Desired Access: Maximum Allowed, Granted Access: All Access"
"10:34:46.0570258","雷小伊脱机日常 Beta 1.6.24.exe","1496","RegSetInfoKey","HKCR\Directory","SUCCESS","KeySetInformationClass: KeySetHandleTagsInformation, Length: 0"
"10:34:46.0570301","雷小伊脱机日常 Beta 1.6.24.exe","1496","RegQueryValue","HKCU\Software\Classes\Directory\BrowseInPlace","NAME NOT FOUND","Length: 12"
"10:34:46.0570345","雷小伊脱机日常 Beta 1.6.24.exe","1496","RegQueryValue","HKCR\Directory\BrowseInPlace","NAME NOT FOUND","Length: 12"
"10:34:46.0570395","雷小伊脱机日常 Beta 1.6.24.exe","1496","RegCloseKey","HKCR\Directory","SUCCESS",""
"10:34:46.0570439","雷小伊脱机日常 Beta 1.6.24.exe","1496","RegQueryKey","HKCU\Software\Classes\Directory","SUCCESS","Query: Name"
"10:34:46.0570491","雷小伊脱机日常 Beta 1.6.24.exe","1496","RegQueryKey","HKCU\Software\Classes\Directory","SUCCESS","Query: HandleTags, HandleTags: 0x401"
"10:34:46.0570543","雷小伊脱机日常 Beta 1.6.24.exe","1496","RegQueryKey","HKCU\Software\Classes\Directory","SUCCESS","Query: HandleTags, HandleTags: 0x401"
"10:34:46.0570584","雷小伊脱机日常 Beta 1.6.24.exe","1496","RegOpenKey","HKCU\Software\Classes\Directory\BrowseInPlace","NAME NOT FOUND","Desired Access: Query Value"
"10:34:46.0570652","雷小伊脱机日常 Beta 1.6.24.exe","1496","RegOpenKey","HKCR\Directory\BrowseInPlace","NAME NOT FOUND","Desired Access: Query Value"
"10:34:46.0570715","雷小伊脱机日常 Beta 1.6.24.exe","1496","RegQueryKey","HKCR\Folder","SUCCESS","Query: Name"
"10:34:46.0570766","雷小伊脱机日常 Beta 1.6.24.exe","1496","RegQueryKey","HKCR\Folder","SUCCESS","Query: HandleTags, HandleTags: 0x401"
"10:34:46.0570831","雷小伊脱机日常 Beta 1.6.24.exe","1496","RegOpenKey","HKCU\Software\Classes\Folder","NAME NOT FOUND","Desired Access: Maximum Allowed"
"10:34:46.0570887","雷小伊脱机日常 Beta 1.6.24.exe","1496","RegQueryValue","HKCR\Folder\BrowseInPlace","NAME NOT FOUND","Length: 12"
"10:34:46.0570936","雷小伊脱机日常 Beta 1.6.24.exe","1496","RegQueryKey","HKCR\Folder","SUCCESS","Query: Name"
"10:34:46.0570987","雷小伊脱机日常 Beta 1.6.24.exe","1496","RegQueryKey","HKCR\Folder","SUCCESS","Query: HandleTags, HandleTags: 0x401"
"10:34:46.0571051","雷小伊脱机日常 Beta 1.6.24.exe","1496","RegOpenKey","HKCU\Software\Classes\Folder\BrowseInPlace","NAME NOT FOUND","Desired Access: Query Value"
"10:34:46.0571123","雷小伊脱机日常 Beta 1.6.24.exe","1496","RegQueryKey","HKCR\Folder","SUCCESS","Query: HandleTags, HandleTags: 0x401"
"10:34:46.0571164","雷小伊脱机日常 Beta 1.6.24.exe","1496","RegOpenKey","HKCR\Folder\BrowseInPlace","NAME NOT FOUND","Desired Access: Query Value"
"10:34:46.0571227","雷小伊脱机日常 Beta 1.6.24.exe","1496","RegQueryKey","HKCR\AllFilesystemObjects","SUCCESS","Query: Name"
"10:34:46.0571275","雷小伊脱机日常 Beta 1.6.24.exe","1496","RegQueryKey","HKCR\AllFilesystemObjects","SUCCESS","Query: HandleTags, HandleTags: 0x401"
"10:34:46.0571356","雷小伊脱机日常 Beta 1.6.24.exe","1496","RegOpenKey","HKCU\Software\Classes\AllFilesystemObjects","NAME NOT FOUND","Desired Access: Maximum Allowed"
"10:34:46.0571411","雷小伊脱机日常 Beta 1.6.24.exe","1496","RegQueryValue","HKCR\AllFilesystemObjects\BrowseInPlace","NAME NOT FOUND","Length: 12"
"10:34:46.0571461","雷小伊脱机日常 Beta 1.6.24.exe","1496","RegQueryKey","HKCR\AllFilesystemObjects","SUCCESS","Query: Name"
"10:34:46.0571510","雷小伊脱机日常 Beta 1.6.24.exe","1496","RegQueryKey","HKCR\AllFilesystemObjects","SUCCESS","Query: HandleTags, HandleTags: 0x401"
"10:34:46.0571574","雷小伊脱机日常 Beta 1.6.24.exe","1496","RegOpenKey","HKCU\Software\Classes\AllFilesystemObjects\BrowseInPlace","NAME NOT FOUND","Desired Access: Query Value"
"10:34:46.0571644","雷小伊脱机日常 Beta 1.6.24.exe","1496","RegQueryKey","HKCR\AllFilesystemObjects","SUCCESS","Query: HandleTags, HandleTags: 0x401"
"10:34:46.0571684","雷小伊脱机日常 Beta 1.6.24.exe","1496","RegOpenKey","HKCR\AllFilesystemObjects\BrowseInPlace","NAME NOT FOUND","Desired Access: Query Value"
"10:34:46.0571780","雷小伊脱机日常 Beta 1.6.24.exe","1496","RegQueryKey","HKCU\Software\Classes\Directory","SUCCESS","Query: Name"
"10:34:46.0571831","雷小伊脱机日常 Beta 1.6.24.exe","1496","RegQueryKey","HKCU\Software\Classes\Directory","SUCCESS","Query: HandleTags, HandleTags: 0x401"
"10:34:46.0571885","雷小伊脱机日常 Beta 1.6.24.exe","1496","RegQueryKey","HKCU\Software\Classes\Directory","SUCCESS","Query: HandleTags, HandleTags: 0x401"
"10:34:46.0571926","雷小伊脱机日常 Beta 1.6.24.exe","1496","RegOpenKey","HKCU\Software\Classes\Directory\Clsid","NAME NOT FOUND","Desired Access: Query Value"
"10:34:46.0571993","雷小伊脱机日常 Beta 1.6.24.exe","1496","RegOpenKey","HKCR\Directory\Clsid","NAME NOT FOUND","Desired Access: Query Value"
"10:34:46.0572058","雷小伊脱机日常 Beta 1.6.24.exe","1496","RegQueryKey","HKCR\Folder","SUCCESS","Query: Name"
"10:34:46.0572112","雷小伊脱机日常 Beta 1.6.24.exe","1496","RegQueryKey","HKCR\Folder","SUCCESS","Query: HandleTags, HandleTags: 0x401"
"10:34:46.0572176","雷小伊脱机日常 Beta 1.6.24.exe","1496","RegOpenKey","HKCU\Software\Classes\Folder\Clsid","NAME NOT FOUND","Desired Access: Query Value"
"10:34:46.0572245","雷小伊脱机日常 Beta 1.6.24.exe","1496","RegQueryKey","HKCR\Folder","SUCCESS","Query: HandleTags, HandleTags: 0x401"
"10:34:46.0572287","雷小伊脱机日常 Beta 1.6.24.exe","1496","RegOpenKey","HKCR\Folder\Clsid","NAME NOT FOUND","Desired Access: Query Value"
"10:34:46.0572350","雷小伊脱机日常 Beta 1.6.24.exe","1496","RegQueryKey","HKCR\AllFilesystemObjects","SUCCESS","Query: Name"
"10:34:46.0572398","雷小伊脱机日常 Beta 1.6.24.exe","1496","RegQueryKey","HKCR\AllFilesystemObjects","SUCCESS","Query: HandleTags, HandleTags: 0x401"
"10:34:46.0572465","雷小伊脱机日常 Beta 1.6.24.exe","1496","RegOpenKey","HKCU\Software\Classes\AllFilesystemObjects\Clsid","NAME NOT FOUND","Desired Access: Query Value"
"10:34:46.0572535","雷小伊脱机日常 Beta 1.6.24.exe","1496","RegQueryKey","HKCR\AllFilesystemObjects","SUCCESS","Query: HandleTags, HandleTags: 0x401"
"10:34:46.0572575","雷小伊脱机日常 Beta 1.6.24.exe","1496","RegOpenKey","HKCR\AllFilesystemObjects\Clsid","NAME NOT FOUND","Desired Access: Query Value"
"10:34:46.0572641","雷小伊脱机日常 Beta 1.6.24.exe","1496","RegQueryKey","HKCU\Software\Classes\Directory","SUCCESS","Query: Name"
"10:34:46.0572688","雷小伊脱机日常 Beta 1.6.24.exe","1496","RegQueryKey","HKCU\Software\Classes\Directory","SUCCESS","Query: HandleTags, HandleTags: 0x401"
"10:34:46.0572743","雷小伊脱机日常 Beta 1.6.24.exe","1496","RegOpenKey","HKCR\Directory","SUCCESS","Desired Access: Maximum Allowed, Granted Access: All Access"
"10:34:46.0572796","雷小伊脱机日常 Beta 1.6.24.exe","1496","RegSetInfoKey","HKCR\Directory","SUCCESS","KeySetInformationClass: KeySetHandleTagsInformation, Length: 0"
"10:34:46.0572838","雷小伊脱机日常 Beta 1.6.24.exe","1496","RegQueryValue","HKCU\Software\Classes\Directory\IsShortcut","NAME NOT FOUND","Length: 12"
"10:34:46.0572883","雷小伊脱机日常 Beta 1.6.24.exe","1496","RegQueryValue","HKCR\Directory\IsShortcut","NAME NOT FOUND","Length: 12"
"10:34:46.0572935","雷小伊脱机日常 Beta 1.6.24.exe","1496","RegCloseKey","HKCR\Directory","SUCCESS",""
"10:34:46.0572981","雷小伊脱机日常 Beta 1.6.24.exe","1496","RegQueryKey","HKCR\Folder","SUCCESS","Query: Name"
"10:34:46.0573029","雷小伊脱机日常 Beta 1.6.24.exe","1496","RegQueryKey","HKCR\Folder","SUCCESS","Query: HandleTags, HandleTags: 0x401"
"10:34:46.0573094","雷小伊脱机日常 Beta 1.6.24.exe","1496","RegOpenKey","HKCU\Software\Classes\Folder","NAME NOT FOUND","Desired Access: Maximum Allowed"
"10:34:46.0573148","雷小伊脱机日常 Beta 1.6.24.exe","1496","RegQueryValue","HKCR\Folder\IsShortcut","NAME NOT FOUND","Length: 12"
"10:34:46.0573202","雷小伊脱机日常 Beta 1.6.24.exe","1496","RegQueryKey","HKCR\AllFilesystemObjects","SUCCESS","Query: Name"
"10:34:46.0573250","雷小伊脱机日常 Beta 1.6.24.exe","1496","RegQueryKey","HKCR\AllFilesystemObjects","SUCCESS","Query: HandleTags, HandleTags: 0x401"
"10:34:46.0573315","雷小伊脱机日常 Beta 1.6.24.exe","1496","RegOpenKey","HKCU\Software\Classes\AllFilesystemObjects","NAME NOT FOUND","Desired Access: Maximum Allowed"
"10:34:46.0573370","雷小伊脱机日常 Beta 1.6.24.exe","1496","RegQueryValue","HKCR\AllFilesystemObjects\IsShortcut","NAME NOT FOUND","Length: 12"
"10:34:46.0573431","雷小伊脱机日常 Beta 1.6.24.exe","1496","RegQueryKey","HKCU\Software\Classes\Directory","SUCCESS","Query: Name"
"10:34:46.0573478","雷小伊脱机日常 Beta 1.6.24.exe","1496","RegQueryKey","HKCU\Software\Classes\Directory","SUCCESS","Query: HandleTags, HandleTags: 0x401"
"10:34:46.0573533","雷小伊脱机日常 Beta 1.6.24.exe","1496","RegOpenKey","HKCR\Directory","SUCCESS","Desired Access: Maximum Allowed, Granted Access: All Access"
"10:34:46.0573584","雷小伊脱机日常 Beta 1.6.24.exe","1496","RegSetInfoKey","HKCR\Directory","SUCCESS","KeySetInformationClass: KeySetHandleTagsInformation, Length: 0"
"10:34:46.0573624","雷小伊脱机日常 Beta 1.6.24.exe","1496","RegQueryValue","HKCU\Software\Classes\Directory\AlwaysShowExt","NAME NOT FOUND","Length: 12"
"10:34:46.0573667","雷小伊脱机日常 Beta 1.6.24.exe","1496","RegQueryValue","HKCR\Directory\AlwaysShowExt","BUFFER OVERFLOW","Length: 12"
"10:34:46.0573720","雷小伊脱机日常 Beta 1.6.24.exe","1496","RegCloseKey","HKCR\Directory","SUCCESS",""
"10:34:46.0573770","雷小伊脱机日常 Beta 1.6.24.exe","1496","RegQueryKey","HKCU\Software\Classes\Directory","SUCCESS","Query: Name"
"10:34:46.0573818","雷小伊脱机日常 Beta 1.6.24.exe","1496","RegQueryKey","HKCU\Software\Classes\Directory","SUCCESS","Query: HandleTags, HandleTags: 0x401"
"10:34:46.0573874","雷小伊脱机日常 Beta 1.6.24.exe","1496","RegOpenKey","HKCR\Directory","SUCCESS","Desired Access: Maximum Allowed, Granted Access: All Access"
"10:34:46.0573924","雷小伊脱机日常 Beta 1.6.24.exe","1496","RegSetInfoKey","HKCR\Directory","SUCCESS","KeySetInformationClass: KeySetHandleTagsInformation, Length: 0"
"10:34:46.0573965","雷小伊脱机日常 Beta 1.6.24.exe","1496","RegQueryValue","HKCU\Software\Classes\Directory\NeverShowExt","NAME NOT FOUND","Length: 12"
"10:34:46.0574009","雷小伊脱机日常 Beta 1.6.24.exe","1496","RegQueryValue","HKCR\Directory\NeverShowExt","NAME NOT FOUND","Length: 12"
"10:34:46.0574058","雷小伊脱机日常 Beta 1.6.24.exe","1496","RegCloseKey","HKCR\Directory","SUCCESS",""
"10:34:46.0574103","雷小伊脱机日常 Beta 1.6.24.exe","1496","RegQueryKey","HKCR\Folder","SUCCESS","Query: Name"
"10:34:46.0574150","雷小伊脱机日常 Beta 1.6.24.exe","1496","RegQueryKey","HKCR\Folder","SUCCESS","Query: HandleTags, HandleTags: 0x401"
"10:34:46.0574215","雷小伊脱机日常 Beta 1.6.24.exe","1496","RegOpenKey","HKCU\Software\Classes\Folder","NAME NOT FOUND","Desired Access: Maximum Allowed"
"10:34:46.0574271","雷小伊脱机日常 Beta 1.6.24.exe","1496","RegQueryValue","HKCR\Folder\NeverShowExt","NAME NOT FOUND","Length: 12"
"10:34:46.0574324","雷小伊脱机日常 Beta 1.6.24.exe","1496","RegQueryKey","HKCR\AllFilesystemObjects","SUCCESS","Query: Name"
"10:34:46.0574374","雷小伊脱机日常 Beta 1.6.24.exe","1496","RegQueryKey","HKCR\AllFilesystemObjects","SUCCESS","Query: HandleTags, HandleTags: 0x401"
"10:34:46.0574438","雷小伊脱机日常 Beta 1.6.24.exe","1496","RegOpenKey","HKCU\Software\Classes\AllFilesystemObjects","NAME NOT FOUND","Desired Access: Maximum Allowed"
"10:34:46.0574493","雷小伊脱机日常 Beta 1.6.24.exe","1496","RegQueryValue","HKCR\AllFilesystemObjects\NeverShowExt","NAME NOT FOUND","Length: 12"
"10:34:46.0574607","雷小伊脱机日常 Beta 1.6.24.exe","1496","RegCloseKey","HKCU\Software\Classes\Directory","SUCCESS",""
"10:34:46.0574662","雷小伊脱机日常 Beta 1.6.24.exe","1496","RegCloseKey","HKCR\Folder","SUCCESS",""
"10:34:46.0574712","雷小伊脱机日常 Beta 1.6.24.exe","1496","RegCloseKey","HKCR\AllFilesystemObjects","SUCCESS",""
"10:34:46.0575495","雷小伊脱机日常 Beta 1.6.24.exe","1496","CreateFile","C:\Users","SUCCESS","Desired Access: Read Data/List Directory, Read Attributes, Synchronize, Disposition: Open, Options: Synchronous IO Non-Alert, Attributes: n/a, ShareMode: Read, Write, Delete, AllocationSize: n/a, OpenResult: Opened"
"10:34:46.0575651","雷小伊脱机日常 Beta 1.6.24.exe","1496","QueryRemoteProtocolInformation","C:\Users","INVALID PARAMETER",""
"10:34:46.0575779","雷小伊脱机日常 Beta 1.6.24.exe","1496","QueryDirectory","C:\Users\1","SUCCESS","FileInformationClass: FileIdBothDirectoryInformation, Filter: 1, 2: 1"
"10:34:46.0575934","雷小伊脱机日常 Beta 1.6.24.exe","1496","CloseFile","C:\Users","SUCCESS",""
"10:34:46.0576130","雷小伊脱机日常 Beta 1.6.24.exe","1496","RegQueryKey","HKLM","SUCCESS","Query: HandleTags, HandleTags: 0x0"
"10:34:46.0576172","雷小伊脱机日常 Beta 1.6.24.exe","1496","RegQueryKey","HKLM","SUCCESS","Query: Name"
"10:34:46.0576277","雷小伊脱机日常 Beta 1.6.24.exe","1496","RegOpenKey","HKCR\WOW6432Node\CLSID\{75847177-F077-4171-BD2C-A6BB2164FBD0}\InProcServer32","SUCCESS","Desired Access: Query Value"
"10:34:46.0576358","雷小伊脱机日常 Beta 1.6.24.exe","1496","RegSetInfoKey","HKCR\WOW6432Node\CLSID\{75847177-f077-4171-bd2c-a6bb2164fbd0}\InProcServer32","SUCCESS","KeySetInformationClass: KeySetHandleTagsInformation, Length: 0"
"10:34:46.0576405","雷小伊脱机日常 Beta 1.6.24.exe","1496","RegQueryValue","HKCR\WOW6432Node\CLSID\{75847177-f077-4171-bd2c-a6bb2164fbd0}\InProcServer32\(Default)","SUCCESS","Type: REG_EXPAND_SZ, Length: 84, Data: %SystemRoot%\system32\windows.storage.dll"
"10:34:46.0576476","雷小伊脱机日常 Beta 1.6.24.exe","1496","RegCloseKey","HKCR\WOW6432Node\CLSID\{75847177-f077-4171-bd2c-a6bb2164fbd0}\InProcServer32","SUCCESS",""
"10:34:46.0577320","雷小伊脱机日常 Beta 1.6.24.exe","1496","CreateFile","C:\Users\1","SUCCESS","Desired Access: Read Data/List Directory, Read Attributes, Synchronize, Disposition: Open, Options: Synchronous IO Non-Alert, Attributes: n/a, ShareMode: Read, Write, Delete, AllocationSize: n/a, OpenResult: Opened"
"10:34:46.0577487","雷小伊脱机日常 Beta 1.6.24.exe","1496","QueryRemoteProtocolInformation","C:\Users\1","INVALID PARAMETER",""
"10:34:46.0577595","雷小伊脱机日常 Beta 1.6.24.exe","1496","QueryDirectory","C:\Users\1\Desktop","SUCCESS","FileInformationClass: FileIdBothDirectoryInformation, Filter: Desktop, 2: Desktop"
"10:34:46.0577758","雷小伊脱机日常 Beta 1.6.24.exe","1496","CloseFile","C:\Users\1","SUCCESS",""
"10:34:46.0577958","雷小伊脱机日常 Beta 1.6.24.exe","1496","RegQueryKey","HKLM","SUCCESS","Query: HandleTags, HandleTags: 0x0"
"10:34:46.0578000","雷小伊脱机日常 Beta 1.6.24.exe","1496","RegQueryKey","HKLM","SUCCESS","Query: Name"
"10:34:46.0578091","雷小伊脱机日常 Beta 1.6.24.exe","1496","RegOpenKey","HKCR\WOW6432Node\CLSID\{75847177-F077-4171-BD2C-A6BB2164FBD0}\InProcServer32","SUCCESS","Desired Access: Query Value"
"10:34:46.0578172","雷小伊脱机日常 Beta 1.6.24.exe","1496","RegSetInfoKey","HKCR\WOW6432Node\CLSID\{75847177-f077-4171-bd2c-a6bb2164fbd0}\InProcServer32","SUCCESS","KeySetInformationClass: KeySetHandleTagsInformation, Length: 0"
"10:34:46.0578350","雷小伊脱机日常 Beta 1.6.24.exe","1496","RegQueryValue","HKCR\WOW6432Node\CLSID\{75847177-f077-4171-bd2c-a6bb2164fbd0}\InProcServer32\(Default)","SUCCESS","Type: REG_EXPAND_SZ, Length: 84, Data: %SystemRoot%\system32\windows.storage.dll"
"10:34:46.0578428","雷小伊脱机日常 Beta 1.6.24.exe","1496","RegCloseKey","HKCR\WOW6432Node\CLSID\{75847177-f077-4171-bd2c-a6bb2164fbd0}\InProcServer32","SUCCESS",""
"10:34:46.0578934","雷小伊脱机日常 Beta 1.6.24.exe","1496","CreateFile","C:\Users\1\Desktop\desktop.ini","SUCCESS","Desired Access: Generic Read, Disposition: Open, Options: Sequential Access, Synchronous IO Non-Alert, Non-Directory File, Attributes: n/a, ShareMode: Read, Write, Delete, AllocationSize: n/a, OpenResult: Opened"
"10:34:46.0579125","雷小伊脱机日常 Beta 1.6.24.exe","1496","QueryStandardInformationFile","C:\Users\1\Desktop\desktop.ini","SUCCESS","AllocationSize: 288, EndOfFile: 282, NumberOfLinks: 1, DeletePending: False, Directory: False"
"10:34:46.0579190","雷小伊脱机日常 Beta 1.6.24.exe","1496","ReadFile","C:\Users\1\Desktop\desktop.ini","SUCCESS","Offset: 0, Length: 282, Priority: Normal"
"10:34:46.0579389","雷小伊脱机日常 Beta 1.6.24.exe","1496","QueryBasicInformationFile","C:\Users\1\Desktop\desktop.ini","SUCCESS","CreationTime: 2025/12/22 14:51:55, LastAccessTime: 2025/12/31 10:34:46, LastWriteTime: 2025/12/22 14:51:55, ChangeTime: 2025/12/22 14:51:55, FileAttributes: HSA"
"10:34:46.0579436","雷小伊脱机日常 Beta 1.6.24.exe","1496","CloseFile","C:\Users\1\Desktop\desktop.ini","SUCCESS",""
"10:34:46.0579675","雷小伊脱机日常 Beta 1.6.24.exe","1496","RegQueryKey","HKLM","SUCCESS","Query: HandleTags, HandleTags: 0x0"
"10:34:46.0579716","雷小伊脱机日常 Beta 1.6.24.exe","1496","RegQueryKey","HKLM","SUCCESS","Query: Name"
"10:34:46.0579798","雷小伊脱机日常 Beta 1.6.24.exe","1496","RegOpenKey","HKCR\WOW6432Node\CLSID\{75847177-F077-4171-BD2C-A6BB2164FBD0}\InProcServer32","SUCCESS","Desired Access: Query Value"
"10:34:46.0579874","雷小伊脱机日常 Beta 1.6.24.exe","1496","RegSetInfoKey","HKCR\WOW6432Node\CLSID\{75847177-f077-4171-bd2c-a6bb2164fbd0}\InProcServer32","SUCCESS","KeySetInformationClass: KeySetHandleTagsInformation, Length: 0"
"10:34:46.0579918","雷小伊脱机日常 Beta 1.6.24.exe","1496","RegQueryValue","HKCR\WOW6432Node\CLSID\{75847177-f077-4171-bd2c-a6bb2164fbd0}\InProcServer32\(Default)","SUCCESS","Type: REG_EXPAND_SZ, Length: 84, Data: %SystemRoot%\system32\windows.storage.dll"
"10:34:46.0579983","雷小伊脱机日常 Beta 1.6.24.exe","1496","RegCloseKey","HKCR\WOW6432Node\CLSID\{75847177-f077-4171-bd2c-a6bb2164fbd0}\InProcServer32","SUCCESS",""
"10:34:46.0580585","雷小伊脱机日常 Beta 1.6.24.exe","1496","CreateFile","C:\Users\1\Desktop","SUCCESS","Desired Access: Read Data/List Directory, Read Attributes, Synchronize, Disposition: Open, Options: Synchronous IO Non-Alert, Attributes: n/a, ShareMode: Read, Write, Delete, AllocationSize: n/a, OpenResult: Opened"
"10:34:46.0580704","雷小伊脱机日常 Beta 1.6.24.exe","1496","QueryRemoteProtocolInformation","C:\Users\1\Desktop","INVALID PARAMETER",""
"10:34:46.0580820","雷小伊脱机日常 Beta 1.6.24.exe","1496","QueryDirectory","C:\Users\1\Desktop\AutoFight","SUCCESS","FileInformationClass: FileIdBothDirectoryInformation, Filter: AutoFight, 2: AutoFight"
"10:34:46.0580967","雷小伊脱机日常 Beta 1.6.24.exe","1496","CloseFile","C:\Users\1\Desktop","SUCCESS",""
"10:34:46.0581148","雷小伊脱机日常 Beta 1.6.24.exe","1496","RegQueryKey","HKLM","SUCCESS","Query: HandleTags, HandleTags: 0x0"
"10:34:46.0581188","雷小伊脱机日常 Beta 1.6.24.exe","1496","RegQueryKey","HKLM","SUCCESS","Query: Name"
"10:34:46.0581272","雷小伊脱机日常 Beta 1.6.24.exe","1496","RegOpenKey","HKCR\WOW6432Node\CLSID\{75847177-F077-4171-BD2C-A6BB2164FBD0}\InProcServer32","SUCCESS","Desired Access: Query Value"
"10:34:46.0581339","雷小伊脱机日常 Beta 1.6.24.exe","1496","RegSetInfoKey","HKCR\WOW6432Node\CLSID\{75847177-f077-4171-bd2c-a6bb2164fbd0}\InProcServer32","SUCCESS","KeySetInformationClass: KeySetHandleTagsInformation, Length: 0"
"10:34:46.0581402","雷小伊脱机日常 Beta 1.6.24.exe","1496","RegQueryValue","HKCR\WOW6432Node\CLSID\{75847177-f077-4171-bd2c-a6bb2164fbd0}\InProcServer32\(Default)","SUCCESS","Type: REG_EXPAND_SZ, Length: 84, Data: %SystemRoot%\system32\windows.storage.dll"
"10:34:46.0581466","雷小伊脱机日常 Beta 1.6.24.exe","1496","RegCloseKey","HKCR\WOW6432Node\CLSID\{75847177-f077-4171-bd2c-a6bb2164fbd0}\InProcServer32","SUCCESS",""
"10:34:46.0581837","雷小伊脱机日常 Beta 1.6.24.exe","1496","RegQueryKey","HKLM","SUCCESS","Query: HandleTags, HandleTags: 0x0"
"10:34:46.0581875","雷小伊脱机日常 Beta 1.6.24.exe","1496","RegQueryKey","HKLM","SUCCESS","Query: Name"
"10:34:46.0581950","雷小伊脱机日常 Beta 1.6.24.exe","1496","RegOpenKey","HKLM\Software\WOW6432Node\Microsoft\Windows\CurrentVersion\Explorer\FolderDescriptions","SUCCESS","Desired Access: Read"
"10:34:46.0582058","雷小伊脱机日常 Beta 1.6.24.exe","1496","RegSetInfoKey","HKLM\SOFTWARE\WOW6432Node\Microsoft\Windows\CurrentVersion\Explorer\FolderDescriptions","SUCCESS","KeySetInformationClass: KeySetHandleTagsInformation, Length: 0"
"10:34:46.0582122","雷小伊脱机日常 Beta 1.6.24.exe","1496","RegQueryKey","HKLM\SOFTWARE\WOW6432Node\Microsoft\Windows\CurrentVersion\Explorer\FolderDescriptions","SUCCESS","Query: HandleTags, HandleTags: 0x400"
"10:34:46.0582168","雷小伊脱机日常 Beta 1.6.24.exe","1496","RegOpenKey","HKLM\SOFTWARE\WOW6432Node\Microsoft\Windows\CurrentVersion\Explorer\FolderDescriptions\{B4BFCC3A-DB2C-424C-B029-7FE99A87C641}","SUCCESS","Desired Access: Read"
"10:34:46.0582459","雷小伊脱机日常 Beta 1.6.24.exe","1496","RegCloseKey","HKLM\SOFTWARE\WOW6432Node\Microsoft\Windows\CurrentVersion\Explorer\FolderDescriptions","SUCCESS",""
"10:34:46.0582521","雷小伊脱机日常 Beta 1.6.24.exe","1496","RegQueryValue","HKLM\SOFTWARE\WOW6432Node\Microsoft\Windows\CurrentVersion\Explorer\FolderDescriptions\{B4BFCC3A-DB2C-424C-B029-7FE99A87C641}\Category","SUCCESS","Type: REG_DWORD, Length: 4, Data: 4"
"10:34:46.0582591","雷小伊脱机日常 Beta 1.6.24.exe","1496","RegQueryValue","HKLM\SOFTWARE\WOW6432Node\Microsoft\Windows\CurrentVersion\Explorer\FolderDescriptions\{B4BFCC3A-DB2C-424C-B029-7FE99A87C641}\Name","SUCCESS","Type: REG_SZ, Length: 16, Data: Desktop"
"10:34:46.0582651","雷小伊脱机日常 Beta 1.6.24.exe","1496","RegQueryValue","HKLM\SOFTWARE\WOW6432Node\Microsoft\Windows\CurrentVersion\Explorer\FolderDescriptions\{B4BFCC3A-DB2C-424C-B029-7FE99A87C641}\ParentFolder","NAME NOT FOUND","Length: 90"
"10:34:46.0582705","雷小伊脱机日常 Beta 1.6.24.exe","1496","RegQueryValue","HKLM\SOFTWARE\WOW6432Node\Microsoft\Windows\CurrentVersion\Explorer\FolderDescriptions\{B4BFCC3A-DB2C-424C-B029-7FE99A87C641}\Description","NAME NOT FOUND","Length: 144"
"10:34:46.0582753","雷小伊脱机日常 Beta 1.6.24.exe","1496","RegQueryValue","HKLM\SOFTWARE\WOW6432Node\Microsoft\Windows\CurrentVersion\Explorer\FolderDescriptions\{B4BFCC3A-DB2C-424C-B029-7FE99A87C641}\RelativePath","SUCCESS","Type: REG_SZ, Length: 16, Data: Desktop"
"10:34:46.0582808","雷小伊脱机日常 Beta 1.6.24.exe","1496","RegQueryValue","HKLM\SOFTWARE\WOW6432Node\Microsoft\Windows\CurrentVersion\Explorer\FolderDescriptions\{B4BFCC3A-DB2C-424C-B029-7FE99A87C641}\ParsingName","NAME NOT FOUND","Length: 144"
"10:34:46.0582859","雷小伊脱机日常 Beta 1.6.24.exe","1496","RegQueryValue","HKLM\SOFTWARE\WOW6432Node\Microsoft\Windows\CurrentVersion\Explorer\FolderDescriptions\{B4BFCC3A-DB2C-424C-B029-7FE99A87C641}\InfoTip","NAME NOT FOUND","Length: 144"
"10:34:46.0582908","雷小伊脱机日常 Beta 1.6.24.exe","1496","RegQueryValue","HKLM\SOFTWARE\WOW6432Node\Microsoft\Windows\CurrentVersion\Explorer\FolderDescriptions\{B4BFCC3A-DB2C-424C-B029-7FE99A87C641}\LocalizedName","SUCCESS","Type: REG_EXPAND_SZ, Length: 84, Data: @%SystemRoot%\system32\shell32.dll,-21769"
"10:34:46.0582962","雷小伊脱机日常 Beta 1.6.24.exe","1496","RegQueryValue","HKLM\SOFTWARE\WOW6432Node\Microsoft\Windows\CurrentVersion\Explorer\FolderDescriptions\{B4BFCC3A-DB2C-424C-B029-7FE99A87C641}\Icon","SUCCESS","Type: REG_EXPAND_SZ, Length: 80, Data: %SystemRoot%\system32\imageres.dll,-183"
"10:34:46.0583015","雷小伊脱机日常 Beta 1.6.24.exe","1496","RegQueryValue","HKLM\SOFTWARE\WOW6432Node\Microsoft\Windows\CurrentVersion\Explorer\FolderDescriptions\{B4BFCC3A-DB2C-424C-B029-7FE99A87C641}\Security","NAME NOT FOUND","Length: 144"
"10:34:46.0583061","雷小伊脱机日常 Beta 1.6.24.exe","1496","RegQueryValue","HKLM\SOFTWARE\WOW6432Node\Microsoft\Windows\CurrentVersion\Explorer\FolderDescriptions\{B4BFCC3A-DB2C-424C-B029-7FE99A87C641}\StreamResource","NAME NOT FOUND","Length: 144"
"10:34:46.0583112","雷小伊脱机日常 Beta 1.6.24.exe","1496","RegQueryValue","HKLM\SOFTWARE\WOW6432Node\Microsoft\Windows\CurrentVersion\Explorer\FolderDescriptions\{B4BFCC3A-DB2C-424C-B029-7FE99A87C641}\StreamResourceType","NAME NOT FOUND","Length: 144"
"10:34:46.0583161","雷小伊脱机日常 Beta 1.6.24.exe","1496","RegQueryValue","HKLM\SOFTWARE\WOW6432Node\Microsoft\Windows\CurrentVersion\Explorer\FolderDescriptions\{B4BFCC3A-DB2C-424C-B029-7FE99A87C641}\LocalRedirectOnly","NAME NOT FOUND","Length: 16"
"10:34:46.0583206","雷小伊脱机日常 Beta 1.6.24.exe","1496","RegQueryValue","HKLM\SOFTWARE\WOW6432Node\Microsoft\Windows\CurrentVersion\Explorer\FolderDescriptions\{B4BFCC3A-DB2C-424C-B029-7FE99A87C641}\Roamable","SUCCESS","Type: REG_DWORD, Length: 4, Data: 1"
"10:34:46.0583253","雷小伊脱机日常 Beta 1.6.24.exe","1496","RegQueryValue","HKLM\SOFTWARE\WOW6432Node\Microsoft\Windows\CurrentVersion\Explorer\FolderDescriptions\{B4BFCC3A-DB2C-424C-B029-7FE99A87C641}\PreCreate","SUCCESS","Type: REG_DWORD, Length: 4, Data: 1"
"10:34:46.0583300","雷小伊脱机日常 Beta 1.6.24.exe","1496","RegQueryValue","HKLM\SOFTWARE\WOW6432Node\Microsoft\Windows\CurrentVersion\Explorer\FolderDescriptions\{B4BFCC3A-DB2C-424C-B029-7FE99A87C641}\Stream","NAME NOT FOUND","Length: 16"
"10:34:46.0583352","雷小伊脱机日常 Beta 1.6.24.exe","1496","RegQueryValue","HKLM\SOFTWARE\WOW6432Node\Microsoft\Windows\CurrentVersion\Explorer\FolderDescriptions\{B4BFCC3A-DB2C-424C-B029-7FE99A87C641}\PublishExpandedPath","SUCCESS","Type: REG_DWORD, Length: 4, Data: 1"
"10:34:46.0583416","雷小伊脱机日常 Beta 1.6.24.exe","1496","RegQueryValue","HKLM\SOFTWARE\WOW6432Node\Microsoft\Windows\CurrentVersion\Explorer\FolderDescriptions\{B4BFCC3A-DB2C-424C-B029-7FE99A87C641}\DefinitionFlags","NAME NOT FOUND","Length: 16"
"10:34:46.0583484","雷小伊脱机日常 Beta 1.6.24.exe","1496","RegQueryValue","HKLM\SOFTWARE\WOW6432Node\Microsoft\Windows\CurrentVersion\Explorer\FolderDescriptions\{B4BFCC3A-DB2C-424C-B029-7FE99A87C641}\Attributes","SUCCESS","Type: REG_DWORD, Length: 4, Data: 1"
"10:34:46.0583530","雷小伊脱机日常 Beta 1.6.24.exe","1496","RegQueryValue","HKLM\SOFTWARE\WOW6432Node\Microsoft\Windows\CurrentVersion\Explorer\FolderDescriptions\{B4BFCC3A-DB2C-424C-B029-7FE99A87C641}\FolderTypeID","NAME NOT FOUND","Length: 90"
"10:34:46.0583577","雷小伊脱机日常 Beta 1.6.24.exe","1496","RegQueryValue","HKLM\SOFTWARE\WOW6432Node\Microsoft\Windows\CurrentVersion\Explorer\FolderDescriptions\{B4BFCC3A-DB2C-424C-B029-7FE99A87C641}\InitFolderHandler","NAME NOT FOUND","Length: 90"
"10:34:46.0583664","雷小伊脱机日常 Beta 1.6.24.exe","1496","RegQueryKey","HKLM\SOFTWARE\WOW6432Node\Microsoft\Windows\CurrentVersion\Explorer\FolderDescriptions\{B4BFCC3A-DB2C-424C-B029-7FE99A87C641}","SUCCESS","Query: HandleTags, HandleTags: 0x400"
"10:34:46.0583713","雷小伊脱机日常 Beta 1.6.24.exe","1496","RegOpenKey","HKLM\SOFTWARE\WOW6432Node\Microsoft\Windows\CurrentVersion\Explorer\FolderDescriptions\{B4BFCC3A-DB2C-424C-B029-7FE99A87C641}\PropertyBag","SUCCESS","Desired Access: Read"
"10:34:46.0583809","雷小伊脱机日常 Beta 1.6.24.exe","1496","RegCloseKey","HKLM\SOFTWARE\WOW6432Node\Microsoft\Windows\CurrentVersion\Explorer\FolderDescriptions\{B4BFCC3A-DB2C-424C-B029-7FE99A87C641}","SUCCESS",""
"10:34:46.0584107","雷小伊脱机日常 Beta 1.6.24.exe","1496","RegQueryKey","HKCU\SOFTWARE\Microsoft\Windows\CurrentVersion\Explorer","SUCCESS","Query: HandleTags, HandleTags: 0x400"
"10:34:46.0584154","雷小伊脱机日常 Beta 1.6.24.exe","1496","RegOpenKey","HKCU\SOFTWARE\Microsoft\Windows\CurrentVersion\Explorer\SessionInfo\1","SUCCESS","Desired Access: Query Value"
"10:34:46.0584253","雷小伊脱机日常 Beta 1.6.24.exe","1496","RegQueryKey","HKCU\SOFTWARE\Microsoft\Windows\CurrentVersion\Explorer\SessionInfo\1","SUCCESS","Query: HandleTags, HandleTags: 0x400"
"10:34:46.0584295","雷小伊脱机日常 Beta 1.6.24.exe","1496","RegOpenKey","HKCU\SOFTWARE\Microsoft\Windows\CurrentVersion\Explorer\SessionInfo\1\KnownFolders","NAME NOT FOUND","Desired Access: Query Value"
"10:34:46.0584361","雷小伊脱机日常 Beta 1.6.24.exe","1496","RegCloseKey","HKCU\SOFTWARE\Microsoft\Windows\CurrentVersion\Explorer\SessionInfo\1","SUCCESS",""
"10:34:46.0584458","雷小伊脱机日常 Beta 1.6.24.exe","1496","RegOpenKey","HKCU","SUCCESS","Desired Access: Read"
"10:34:46.0584550","雷小伊脱机日常 Beta 1.6.24.exe","1496","RegQueryKey","HKCU","SUCCESS","Query: HandleTags, HandleTags: 0x0"
"10:34:46.0584587","雷小伊脱机日常 Beta 1.6.24.exe","1496","RegQueryKey","HKCU","SUCCESS","Query: Name"
"10:34:46.0584653","雷小伊脱机日常 Beta 1.6.24.exe","1496","RegOpenKey","HKCU\Software\Microsoft\Windows\CurrentVersion\Explorer\User Shell Folders","SUCCESS","Desired Access: Read"
"10:34:46.0584727","雷小伊脱机日常 Beta 1.6.24.exe","1496","RegSetInfoKey","HKCU\SOFTWARE\Microsoft\Windows\CurrentVersion\Explorer\User Shell Folders","SUCCESS","KeySetInformationClass: KeySetHandleTagsInformation, Length: 0"
"10:34:46.0584773","雷小伊脱机日常 Beta 1.6.24.exe","1496","RegCloseKey","HKCU","SUCCESS",""
"10:34:46.0584821","雷小伊脱机日常 Beta 1.6.24.exe","1496","RegQueryValue","HKCU\SOFTWARE\Microsoft\Windows\CurrentVersion\Explorer\User Shell Folders\Desktop","SUCCESS","Type: REG_EXPAND_SZ, Length: 44, Data: %USERPROFILE%\Desktop"
"10:34:46.0584985","雷小伊脱机日常 Beta 1.6.24.exe","1496","RegCloseKey","HKCU\SOFTWARE\Microsoft\Windows\CurrentVersion\Explorer\User Shell Folders","SUCCESS",""
"10:34:46.0585272","雷小伊脱机日常 Beta 1.6.24.exe","1496","RegQueryKey","HKLM","SUCCESS","Query: HandleTags, HandleTags: 0x0"
"10:34:46.0585312","雷小伊脱机日常 Beta 1.6.24.exe","1496","RegQueryKey","HKLM","SUCCESS","Query: Name"
"10:34:46.0585385","雷小伊脱机日常 Beta 1.6.24.exe","1496","RegOpenKey","HKCR\WOW6432Node\CLSID\{75847177-F077-4171-BD2C-A6BB2164FBD0}\InProcServer32","SUCCESS","Desired Access: Query Value"
"10:34:46.0585480","雷小伊脱机日常 Beta 1.6.24.exe","1496","RegSetInfoKey","HKCR\WOW6432Node\CLSID\{75847177-f077-4171-bd2c-a6bb2164fbd0}\InProcServer32","SUCCESS","KeySetInformationClass: KeySetHandleTagsInformation, Length: 0"
"10:34:46.0585524","雷小伊脱机日常 Beta 1.6.24.exe","1496","RegQueryValue","HKCR\WOW6432Node\CLSID\{75847177-f077-4171-bd2c-a6bb2164fbd0}\InProcServer32\(Default)","SUCCESS","Type: REG_EXPAND_SZ, Length: 84, Data: %SystemRoot%\system32\windows.storage.dll"
"10:34:46.0585587","雷小伊脱机日常 Beta 1.6.24.exe","1496","RegCloseKey","HKCR\WOW6432Node\CLSID\{75847177-f077-4171-bd2c-a6bb2164fbd0}\InProcServer32","SUCCESS",""
"10:34:46.0586009","雷小伊脱机日常 Beta 1.6.24.exe","1496","RegQueryKey","HKLM","SUCCESS","Query: HandleTags, HandleTags: 0x0"
"10:34:46.0586048","雷小伊脱机日常 Beta 1.6.24.exe","1496","RegQueryKey","HKLM","SUCCESS","Query: Name"
"10:34:46.0586129","雷小伊脱机日常 Beta 1.6.24.exe","1496","RegOpenKey","HKLM\Software\WOW6432Node\Microsoft\Windows\CurrentVersion\Explorer\FolderDescriptions","SUCCESS","Desired Access: Read"
"10:34:46.0586194","雷小伊脱机日常 Beta 1.6.24.exe","1496","RegSetInfoKey","HKLM\SOFTWARE\WOW6432Node\Microsoft\Windows\CurrentVersion\Explorer\FolderDescriptions","SUCCESS","KeySetInformationClass: KeySetHandleTagsInformation, Length: 0"
"10:34:46.0586261","雷小伊脱机日常 Beta 1.6.24.exe","1496","RegQueryKey","HKLM\SOFTWARE\WOW6432Node\Microsoft\Windows\CurrentVersion\Explorer\FolderDescriptions","SUCCESS","Query: HandleTags, HandleTags: 0x400"
"10:34:46.0586304","雷小伊脱机日常 Beta 1.6.24.exe","1496","RegOpenKey","HKLM\SOFTWARE\WOW6432Node\Microsoft\Windows\CurrentVersion\Explorer\FolderDescriptions\{754AC886-DF64-4CBA-86B5-F7FBF4FBCEF5}","SUCCESS","Desired Access: Read"
"10:34:46.0586425","雷小伊脱机日常 Beta 1.6.24.exe","1496","RegCloseKey","HKLM\SOFTWARE\WOW6432Node\Microsoft\Windows\CurrentVersion\Explorer\FolderDescriptions","SUCCESS",""
"10:34:46.0586480","雷小伊脱机日常 Beta 1.6.24.exe","1496","RegQueryValue","HKLM\SOFTWARE\WOW6432Node\Microsoft\Windows\CurrentVersion\Explorer\FolderDescriptions\{754AC886-DF64-4CBA-86B5-F7FBF4FBCEF5}\Category","SUCCESS","Type: REG_DWORD, Length: 4, Data: 4"
"10:34:46.0586529","雷小伊脱机日常 Beta 1.6.24.exe","1496","RegQueryValue","HKLM\SOFTWARE\WOW6432Node\Microsoft\Windows\CurrentVersion\Explorer\FolderDescriptions\{754AC886-DF64-4CBA-86B5-F7FBF4FBCEF5}\Name","SUCCESS","Type: REG_SZ, Length: 40, Data: ThisPCDesktopFolder"
"10:34:46.0586588","雷小伊脱机日常 Beta 1.6.24.exe","1496","RegQueryValue","HKLM\SOFTWARE\WOW6432Node\Microsoft\Windows\CurrentVersion\Explorer\FolderDescriptions\{754AC886-DF64-4CBA-86B5-F7FBF4FBCEF5}\ParentFolder","NAME NOT FOUND","Length: 90"
"10:34:46.0586662","雷小伊脱机日常 Beta 1.6.24.exe","1496","RegQueryValue","HKLM\SOFTWARE\WOW6432Node\Microsoft\Windows\CurrentVersion\Explorer\FolderDescriptions\{754AC886-DF64-4CBA-86B5-F7FBF4FBCEF5}\Description","NAME NOT FOUND","Length: 144"
"10:34:46.0586707","雷小伊脱机日常 Beta 1.6.24.exe","1496","RegQueryValue","HKLM\SOFTWARE\WOW6432Node\Microsoft\Windows\CurrentVersion\Explorer\FolderDescriptions\{754AC886-DF64-4CBA-86B5-F7FBF4FBCEF5}\RelativePath","SUCCESS","Type: REG_SZ, Length: 16, Data: Desktop"
"10:34:46.0586758","雷小伊脱机日常 Beta 1.6.24.exe","1496","RegQueryValue","HKLM\SOFTWARE\WOW6432Node\Microsoft\Windows\CurrentVersion\Explorer\FolderDescriptions\{754AC886-DF64-4CBA-86B5-F7FBF4FBCEF5}\ParsingName","BUFFER OVERFLOW","Length: 144"
"10:34:46.0586809","雷小伊脱机日常 Beta 1.6.24.exe","1496","RegQueryValue","HKLM\SOFTWARE\WOW6432Node\Microsoft\Windows\CurrentVersion\Explorer\FolderDescriptions\{754AC886-DF64-4CBA-86B5-F7FBF4FBCEF5}\ParsingName","SUCCESS","Type: REG_SZ, Length: 176, Data: shell:::{20D04FE0-3AEA-1069-A2D8-08002B30309D}\::{B4BFCC3A-DB2C-424C-B029-7FE99A87C641}"
"10:34:46.0586863","雷小伊脱机日常 Beta 1.6.24.exe","1496","RegQueryValue","HKLM\SOFTWARE\WOW6432Node\Microsoft\Windows\CurrentVersion\Explorer\FolderDescriptions\{754AC886-DF64-4CBA-86B5-F7FBF4FBCEF5}\InfoTip","NAME NOT FOUND","Length: 144"
"10:34:46.0586909","雷小伊脱机日常 Beta 1.6.24.exe","1496","RegQueryValue","HKLM\SOFTWARE\WOW6432Node\Microsoft\Windows\CurrentVersion\Explorer\FolderDescriptions\{754AC886-DF64-4CBA-86B5-F7FBF4FBCEF5}\LocalizedName","SUCCESS","Type: REG_EXPAND_SZ, Length: 84, Data: @%SystemRoot%\system32\shell32.dll,-21769"
"10:34:46.0587121","雷小伊脱机日常 Beta 1.6.24.exe","1496","RegQueryValue","HKLM\SOFTWARE\WOW6432Node\Microsoft\Windows\CurrentVersion\Explorer\FolderDescriptions\{754AC886-DF64-4CBA-86B5-F7FBF4FBCEF5}\Icon","SUCCESS","Type: REG_EXPAND_SZ, Length: 80, Data: %SystemRoot%\system32\imageres.dll,-183"
"10:34:46.0587183","雷小伊脱机日常 Beta 1.6.24.exe","1496","RegQueryValue","HKLM\SOFTWARE\WOW6432Node\Microsoft\Windows\CurrentVersion\Explorer\FolderDescriptions\{754AC886-DF64-4CBA-86B5-F7FBF4FBCEF5}\Security","NAME NOT FOUND","Length: 144"
"10:34:46.0587229","雷小伊脱机日常 Beta 1.6.24.exe","1496","RegQueryValue","HKLM\SOFTWARE\WOW6432Node\Microsoft\Windows\CurrentVersion\Explorer\FolderDescriptions\{754AC886-DF64-4CBA-86B5-F7FBF4FBCEF5}\StreamResource","NAME NOT FOUND","Length: 144"
"10:34:46.0587277","雷小伊脱机日常 Beta 1.6.24.exe","1496","RegQueryValue","HKLM\SOFTWARE\WOW6432Node\Microsoft\Windows\CurrentVersion\Explorer\FolderDescriptions\{754AC886-DF64-4CBA-86B5-F7FBF4FBCEF5}\StreamResourceType","NAME NOT FOUND","Length: 144"
"10:34:46.0587322","雷小伊脱机日常 Beta 1.6.24.exe","1496","RegQueryValue","HKLM\SOFTWARE\WOW6432Node\Microsoft\Windows\CurrentVersion\Explorer\FolderDescriptions\{754AC886-DF64-4CBA-86B5-F7FBF4FBCEF5}\LocalRedirectOnly","NAME NOT FOUND","Length: 16"
"10:34:46.0587367","雷小伊脱机日常 Beta 1.6.24.exe","1496","RegQueryValue","HKLM\SOFTWARE\WOW6432Node\Microsoft\Windows\CurrentVersion\Explorer\FolderDescriptions\{754AC886-DF64-4CBA-86B5-F7FBF4FBCEF5}\Roamable","SUCCESS","Type: REG_DWORD, Length: 4, Data: 1"
"10:34:46.0587438","雷小伊脱机日常 Beta 1.6.24.exe","1496","RegQueryValue","HKLM\SOFTWARE\WOW6432Node\Microsoft\Windows\CurrentVersion\Explorer\FolderDescriptions\{754AC886-DF64-4CBA-86B5-F7FBF4FBCEF5}\PreCreate","SUCCESS","Type: REG_DWORD, Length: 4, Data: 0"
"10:34:46.0587485","雷小伊脱机日常 Beta 1.6.24.exe","1496","RegQueryValue","HKLM\SOFTWARE\WOW6432Node\Microsoft\Windows\CurrentVersion\Explorer\FolderDescriptions\{754AC886-DF64-4CBA-86B5-F7FBF4FBCEF5}\Stream","NAME NOT FOUND","Length: 16"
"10:34:46.0587531","雷小伊脱机日常 Beta 1.6.24.exe","1496","RegQueryValue","HKLM\SOFTWARE\WOW6432Node\Microsoft\Windows\CurrentVersion\Explorer\FolderDescriptions\{754AC886-DF64-4CBA-86B5-F7FBF4FBCEF5}\PublishExpandedPath","NAME NOT FOUND","Length: 16"
"10:34:46.0587622","雷小伊脱机日常 Beta 1.6.24.exe","1496","RegQueryValue","HKLM\SOFTWARE\WOW6432Node\Microsoft\Windows\CurrentVersion\Explorer\FolderDescriptions\{754AC886-DF64-4CBA-86B5-F7FBF4FBCEF5}\DefinitionFlags","NAME NOT FOUND","Length: 16"
"10:34:46.0587669","雷小伊脱机日常 Beta 1.6.24.exe","1496","RegQueryValue","HKLM\SOFTWARE\WOW6432Node\Microsoft\Windows\CurrentVersion\Explorer\FolderDescriptions\{754AC886-DF64-4CBA-86B5-F7FBF4FBCEF5}\Attributes","SUCCESS","Type: REG_DWORD, Length: 4, Data: 1"
"10:34:46.0587713","雷小伊脱机日常 Beta 1.6.24.exe","1496","RegQueryValue","HKLM\SOFTWARE\WOW6432Node\Microsoft\Windows\CurrentVersion\Explorer\FolderDescriptions\{754AC886-DF64-4CBA-86B5-F7FBF4FBCEF5}\FolderTypeID","NAME NOT FOUND","Length: 90"
"10:34:46.0587871","雷小伊脱机日常 Beta 1.6.24.exe","1496","RegQueryValue","HKLM\SOFTWARE\WOW6432Node\Microsoft\Windows\CurrentVersion\Explorer\FolderDescriptions\{754AC886-DF64-4CBA-86B5-F7FBF4FBCEF5}\InitFolderHandler","NAME NOT FOUND","Length: 90"
"10:34:46.0587953","雷小伊脱机日常 Beta 1.6.24.exe","1496","RegQueryKey","HKLM\SOFTWARE\WOW6432Node\Microsoft\Windows\CurrentVersion\Explorer\FolderDescriptions\{754AC886-DF64-4CBA-86B5-F7FBF4FBCEF5}","SUCCESS","Query: HandleTags, HandleTags: 0x400"
"10:34:46.0587999","雷小伊脱机日常 Beta 1.6.24.exe","1496","RegOpenKey","HKLM\SOFTWARE\WOW6432Node\Microsoft\Windows\CurrentVersion\Explorer\FolderDescriptions\{754AC886-DF64-4CBA-86B5-F7FBF4FBCEF5}\PropertyBag","NAME NOT FOUND","Desired Access: Read"
"10:34:46.0588068","雷小伊脱机日常 Beta 1.6.24.exe","1496","RegCloseKey","HKLM\SOFTWARE\WOW6432Node\Microsoft\Windows\CurrentVersion\Explorer\FolderDescriptions\{754AC886-DF64-4CBA-86B5-F7FBF4FBCEF5}","SUCCESS",""
"10:34:46.0588270","雷小伊脱机日常 Beta 1.6.24.exe","1496","RegQueryKey","HKCU\Software\Classes","SUCCESS","Query: Name"
"10:34:46.0588334","雷小伊脱机日常 Beta 1.6.24.exe","1496","RegQueryKey","HKCU\Software\Classes","SUCCESS","Query: HandleTags, HandleTags: 0x1"
"10:34:46.0588389","雷小伊脱机日常 Beta 1.6.24.exe","1496","RegQueryKey","HKCU\Software\Classes","SUCCESS","Query: HandleTags, HandleTags: 0x1"
"10:34:46.0588427","雷小伊脱机日常 Beta 1.6.24.exe","1496","RegQueryKey","HKCU\Software\Classes","SUCCESS","Query: Name"
"10:34:46.0588504","雷小伊脱机日常 Beta 1.6.24.exe","1496","RegOpenKey","HKCU\Software\Classes\WOW6432Node\CLSID\{B4BFCC3A-DB2C-424C-B029-7FE99A87C641}","NAME NOT FOUND","Desired Access: Read"
"10:34:46.0588607","雷小伊脱机日常 Beta 1.6.24.exe","1496","RegOpenKey","HKCR\WOW6432Node\CLSID\{B4BFCC3A-DB2C-424C-B029-7FE99A87C641}","SUCCESS","Desired Access: Read"
"10:34:46.0588732","雷小伊脱机日常 Beta 1.6.24.exe","1496","RegSetInfoKey","HKCR\WOW6432Node\CLSID\{B4BFCC3A-DB2C-424C-B029-7FE99A87C641}","SUCCESS","KeySetInformationClass: KeySetHandleTagsInformation, Length: 0"
"10:34:46.0588778","雷小伊脱机日常 Beta 1.6.24.exe","1496","RegQueryKey","HKCR\WOW6432Node\CLSID\{B4BFCC3A-DB2C-424C-B029-7FE99A87C641}","SUCCESS","Query: Name"
"10:34:46.0588833","雷小伊脱机日常 Beta 1.6.24.exe","1496","RegQueryKey","HKCR\WOW6432Node\CLSID\{B4BFCC3A-DB2C-424C-B029-7FE99A87C641}","SUCCESS","Query: HandleTags, HandleTags: 0x401"
"10:34:46.0588914","雷小伊脱机日常 Beta 1.6.24.exe","1496","RegOpenKey","HKCU\Software\Classes\WOW6432Node\CLSID\{B4BFCC3A-DB2C-424C-B029-7FE99A87C641}","NAME NOT FOUND","Desired Access: Maximum Allowed"
"10:34:46.0588976","雷小伊脱机日常 Beta 1.6.24.exe","1496","RegQueryValue","HKCR\WOW6432Node\CLSID\{B4BFCC3A-DB2C-424C-B029-7FE99A87C641}\SortOrderIndex","NAME NOT FOUND","Length: 16"
"10:34:46.0589031","雷小伊脱机日常 Beta 1.6.24.exe","1496","RegCloseKey","HKCR\WOW6432Node\CLSID\{B4BFCC3A-DB2C-424C-B029-7FE99A87C641}","SUCCESS",""
"10:34:46.0589201","雷小伊脱机日常 Beta 1.6.24.exe","1496","RegQueryKey","HKCU\Software\Classes","SUCCESS","Query: Name"
"10:34:46.0589259","雷小伊脱机日常 Beta 1.6.24.exe","1496","RegQueryKey","HKCU\Software\Classes","SUCCESS","Query: HandleTags, HandleTags: 0x1"
"10:34:46.0589314","雷小伊脱机日常 Beta 1.6.24.exe","1496","RegQueryKey","HKCU\Software\Classes","SUCCESS","Query: HandleTags, HandleTags: 0x1"
"10:34:46.0589370","雷小伊脱机日常 Beta 1.6.24.exe","1496","RegQueryKey","HKCU\Software\Classes","SUCCESS","Query: Name"
"10:34:46.0589445","雷小伊脱机日常 Beta 1.6.24.exe","1496","RegOpenKey","HKCU\Software\Classes\WOW6432Node\CLSID\{B4BFCC3A-DB2C-424C-B029-7FE99A87C641}\ShellFolder","NAME NOT FOUND","Desired Access: Query Value"
"10:34:46.0589534","雷小伊脱机日常 Beta 1.6.24.exe","1496","RegOpenKey","HKCR\WOW6432Node\CLSID\{B4BFCC3A-DB2C-424C-B029-7FE99A87C641}\ShellFolder","SUCCESS","Desired Access: Query Value"
"10:34:46.0589711","雷小伊脱机日常 Beta 1.6.24.exe","1496","RegSetInfoKey","HKCR\WOW6432Node\CLSID\{B4BFCC3A-DB2C-424C-B029-7FE99A87C641}\ShellFolder","SUCCESS","KeySetInformationClass: KeySetHandleTagsInformation, Length: 0"
"10:34:46.0589756","雷小伊脱机日常 Beta 1.6.24.exe","1496","RegQueryKey","HKCR\WOW6432Node\CLSID\{B4BFCC3A-DB2C-424C-B029-7FE99A87C641}\ShellFolder","SUCCESS","Query: Name"
"10:34:46.0589811","雷小伊脱机日常 Beta 1.6.24.exe","1496","RegQueryKey","HKCR\WOW6432Node\CLSID\{B4BFCC3A-DB2C-424C-B029-7FE99A87C641}\ShellFolder","SUCCESS","Query: HandleTags, HandleTags: 0x401"
"10:34:46.0589909","雷小伊脱机日常 Beta 1.6.24.exe","1496","RegOpenKey","HKCU\Software\Classes\WOW6432Node\CLSID\{B4BFCC3A-DB2C-424C-B029-7FE99A87C641}\ShellFolder","NAME NOT FOUND","Desired Access: Maximum Allowed"
"10:34:46.0589976","雷小伊脱机日常 Beta 1.6.24.exe","1496","RegQueryValue","HKCR\WOW6432Node\CLSID\{B4BFCC3A-DB2C-424C-B029-7FE99A87C641}\ShellFolder\Attributes","SUCCESS","Type: REG_DWORD, Length: 4, Data: 4034920525"
"10:34:46.0590026","雷小伊脱机日常 Beta 1.6.24.exe","1496","RegQueryKey","HKCR\WOW6432Node\CLSID\{B4BFCC3A-DB2C-424C-B029-7FE99A87C641}\ShellFolder","SUCCESS","Query: Name"
"10:34:46.0590078","雷小伊脱机日常 Beta 1.6.24.exe","1496","RegQueryKey","HKCR\WOW6432Node\CLSID\{B4BFCC3A-DB2C-424C-B029-7FE99A87C641}\ShellFolder","SUCCESS","Query: HandleTags, HandleTags: 0x401"
"10:34:46.0590149","雷小伊脱机日常 Beta 1.6.24.exe","1496","RegOpenKey","HKCU\Software\Classes\WOW6432Node\CLSID\{B4BFCC3A-DB2C-424C-B029-7FE99A87C641}\ShellFolder","NAME NOT FOUND","Desired Access: Maximum Allowed"
"10:34:46.0590209","雷小伊脱机日常 Beta 1.6.24.exe","1496","RegQueryValue","HKCR\WOW6432Node\CLSID\{B4BFCC3A-DB2C-424C-B029-7FE99A87C641}\ShellFolder\CallForAttributes","NAME NOT FOUND","Length: 16"
"10:34:46.0590255","雷小伊脱机日常 Beta 1.6.24.exe","1496","RegQueryKey","HKCR\WOW6432Node\CLSID\{B4BFCC3A-DB2C-424C-B029-7FE99A87C641}\ShellFolder","SUCCESS","Query: Name"
"10:34:46.0590324","雷小伊脱机日常 Beta 1.6.24.exe","1496","RegQueryKey","HKCR\WOW6432Node\CLSID\{B4BFCC3A-DB2C-424C-B029-7FE99A87C641}\ShellFolder","SUCCESS","Query: HandleTags, HandleTags: 0x401"
"10:34:46.0590398","雷小伊脱机日常 Beta 1.6.24.exe","1496","RegOpenKey","HKCU\Software\Classes\WOW6432Node\CLSID\{B4BFCC3A-DB2C-424C-B029-7FE99A87C641}\ShellFolder","NAME NOT FOUND","Desired Access: Maximum Allowed"
"10:34:46.0590457","雷小伊脱机日常 Beta 1.6.24.exe","1496","RegQueryValue","HKCR\WOW6432Node\CLSID\{B4BFCC3A-DB2C-424C-B029-7FE99A87C641}\ShellFolder\RestrictedAttributes","NAME NOT FOUND","Length: 16"
"10:34:46.0590504","雷小伊脱机日常 Beta 1.6.24.exe","1496","RegQueryKey","HKCR\WOW6432Node\CLSID\{B4BFCC3A-DB2C-424C-B029-7FE99A87C641}\ShellFolder","SUCCESS","Query: Name"
"10:34:46.0590555","雷小伊脱机日常 Beta 1.6.24.exe","1496","RegQueryKey","HKCR\WOW6432Node\CLSID\{B4BFCC3A-DB2C-424C-B029-7FE99A87C641}\ShellFolder","SUCCESS","Query: HandleTags, HandleTags: 0x401"
"10:34:46.0590622","雷小伊脱机日常 Beta 1.6.24.exe","1496","RegOpenKey","HKCU\Software\Classes\WOW6432Node\CLSID\{B4BFCC3A-DB2C-424C-B029-7FE99A87C641}\ShellFolder","NAME NOT FOUND","Desired Access: Maximum Allowed"
"10:34:46.0590681","雷小伊脱机日常 Beta 1.6.24.exe","1496","RegQueryValue","HKCR\WOW6432Node\CLSID\{B4BFCC3A-DB2C-424C-B029-7FE99A87C641}\ShellFolder\FolderValueFlags","SUCCESS","Type: REG_DWORD, Length: 4, Data: 41"
"10:34:46.0590735","雷小伊脱机日常 Beta 1.6.24.exe","1496","RegCloseKey","HKCR\WOW6432Node\CLSID\{B4BFCC3A-DB2C-424C-B029-7FE99A87C641}\ShellFolder","SUCCESS",""
"10:34:46.0590814","雷小伊脱机日常 Beta 1.6.24.exe","1496","RegQueryKey","HKCU","SUCCESS","Query: HandleTags, HandleTags: 0x0"
"10:34:46.0590851","雷小伊脱机日常 Beta 1.6.24.exe","1496","RegQueryKey","HKCU","SUCCESS","Query: Name"
"10:34:46.0590917","雷小伊脱机日常 Beta 1.6.24.exe","1496","RegOpenKey","HKCU\Software\Microsoft\Windows\CurrentVersion\Explorer\CLSID\{B4BFCC3A-DB2C-424C-B029-7FE99A87C641}\ShellFolder","NAME NOT FOUND","Desired Access: Query Value"
"10:34:46.0591009","雷小伊脱机日常 Beta 1.6.24.exe","1496","RegQueryKey","HKLM","SUCCESS","Query: HandleTags, HandleTags: 0x0"
"10:34:46.0591045","雷小伊脱机日常 Beta 1.6.24.exe","1496","RegQueryKey","HKLM","SUCCESS","Query: Name"
"10:34:46.0591116","雷小伊脱机日常 Beta 1.6.24.exe","1496","RegOpenKey","HKLM\Software\WOW6432Node\Microsoft\Windows\CurrentVersion\Explorer\CLSID\{B4BFCC3A-DB2C-424C-B029-7FE99A87C641}\ShellFolder","NAME NOT FOUND","Desired Access: Query Value"
"10:34:46.0591213","雷小伊脱机日常 Beta 1.6.24.exe","1496","RegQueryKey","HKCU","SUCCESS","Query: HandleTags, HandleTags: 0x0"
"10:34:46.0591250","雷小伊脱机日常 Beta 1.6.24.exe","1496","RegQueryKey","HKCU","SUCCESS","Query: Name"
"10:34:46.0591308","雷小伊脱机日常 Beta 1.6.24.exe","1496","RegOpenKey","HKCU\Software\Microsoft\Windows\CurrentVersion\Policies\NonEnum","NAME NOT FOUND","Desired Access: Query Value"
"10:34:46.0591383","雷小伊脱机日常 Beta 1.6.24.exe","1496","RegQueryKey","HKLM","SUCCESS","Query: HandleTags, HandleTags: 0x0"
"10:34:46.0591419","雷小伊脱机日常 Beta 1.6.24.exe","1496","RegQueryKey","HKLM","SUCCESS","Query: Name"
"10:34:46.0591487","雷小伊脱机日常 Beta 1.6.24.exe","1496","RegOpenKey","HKLM\Software\WOW6432Node\Microsoft\Windows\CurrentVersion\Policies\NonEnum","REPARSE","Desired Access: Query Value"
"10:34:46.0591545","雷小伊脱机日常 Beta 1.6.24.exe","1496","RegOpenKey","HKLM\SOFTWARE\Microsoft\Windows\CurrentVersion\Policies\NonEnum","SUCCESS","Desired Access: Query Value"
"10:34:46.0591620","雷小伊脱机日常 Beta 1.6.24.exe","1496","RegSetInfoKey","HKLM\SOFTWARE\Microsoft\Windows\CurrentVersion\Policies\NonEnum","SUCCESS","KeySetInformationClass: KeySetHandleTagsInformation, Length: 0"
"10:34:46.0591666","雷小伊脱机日常 Beta 1.6.24.exe","1496","RegQueryValue","HKLM\SOFTWARE\Microsoft\Windows\CurrentVersion\Policies\NonEnum\{B4BFCC3A-DB2C-424C-B029-7FE99A87C641}","NAME NOT FOUND","Length: 16"
"10:34:46.0591723","雷小伊脱机日常 Beta 1.6.24.exe","1496","RegCloseKey","HKLM\SOFTWARE\Microsoft\Windows\CurrentVersion\Policies\NonEnum","SUCCESS",""
"10:34:46.0592338","雷小伊脱机日常 Beta 1.6.24.exe","1496","ReadFile","C:\Windows\SysWOW64\windows.storage.dll","SUCCESS","Offset: 635,904, Length: 32,768, I/O Flags: Non-cached, Paging I/O, Synchronous Paging I/O, Priority: Normal"
"10:34:46.0596267","雷小伊脱机日常 Beta 1.6.24.exe","1496","ReadFile","C:\Windows\SysWOW64\windows.storage.dll","SUCCESS","Offset: 668,672, Length: 20,480, I/O Flags: Non-cached, Paging I/O, Synchronous Paging I/O, Priority: Normal"
"10:34:46.0599286","雷小伊脱机日常 Beta 1.6.24.exe","1496","ReadFile","C:\Windows\SysWOW64\windows.storage.dll","SUCCESS","Offset: 3,499,008, Length: 32,768, I/O Flags: Non-cached, Paging I/O, Synchronous Paging I/O, Priority: Normal"
"10:34:46.0602167","雷小伊脱机日常 Beta 1.6.24.exe","1496","RegQueryKey","HKCU\Software\Classes","SUCCESS","Query: Name"
"10:34:46.0602245","雷小伊脱机日常 Beta 1.6.24.exe","1496","RegQueryKey","HKCU\Software\Classes","SUCCESS","Query: HandleTags, HandleTags: 0x1"
"10:34:46.0602308","雷小伊脱机日常 Beta 1.6.24.exe","1496","RegQueryKey","HKCU\Software\Classes","SUCCESS","Query: HandleTags, HandleTags: 0x1"
"10:34:46.0602354","雷小伊脱机日常 Beta 1.6.24.exe","1496","RegQueryKey","HKCU\Software\Classes","SUCCESS","Query: Name"
"10:34:46.0602455","雷小伊脱机日常 Beta 1.6.24.exe","1496","RegOpenKey","HKCU\Software\Classes\WOW6432Node\CLSID\{B4BFCC3A-DB2C-424C-B029-7FE99A87C641}\Instance","NAME NOT FOUND","Desired Access: Read"
"10:34:46.0602566","雷小伊脱机日常 Beta 1.6.24.exe","1496","RegOpenKey","HKCR\WOW6432Node\CLSID\{B4BFCC3A-DB2C-424C-B029-7FE99A87C641}\Instance","SUCCESS","Desired Access: Read"
"10:34:46.0602685","雷小伊脱机日常 Beta 1.6.24.exe","1496","RegSetInfoKey","HKCR\WOW6432Node\CLSID\{B4BFCC3A-DB2C-424C-B029-7FE99A87C641}\Instance","SUCCESS","KeySetInformationClass: KeySetHandleTagsInformation, Length: 0"
"10:34:46.0602799","雷小伊脱机日常 Beta 1.6.24.exe","1496","RegQueryKey","HKLM","SUCCESS","Query: HandleTags, HandleTags: 0x0"
"10:34:46.0602836","雷小伊脱机日常 Beta 1.6.24.exe","1496","RegQueryKey","HKLM","SUCCESS","Query: Name"
"10:34:46.0602903","雷小伊脱机日常 Beta 1.6.24.exe","1496","RegOpenKey","HKCR\WOW6432Node\CLSID\{B4BFCC3A-DB2C-424C-B029-7FE99A87C641}\InProcServer32","SUCCESS","Desired Access: Query Value"
"10:34:46.0602981","雷小伊脱机日常 Beta 1.6.24.exe","1496","RegSetInfoKey","HKCR\WOW6432Node\CLSID\{B4BFCC3A-DB2C-424C-B029-7FE99A87C641}\InProcServer32","SUCCESS","KeySetInformationClass: KeySetHandleTagsInformation, Length: 0"
"10:34:46.0603025","雷小伊脱机日常 Beta 1.6.24.exe","1496","RegQueryValue","HKCR\WOW6432Node\CLSID\{B4BFCC3A-DB2C-424C-B029-7FE99A87C641}\InProcServer32\(Default)","SUCCESS","Type: REG_EXPAND_SZ, Length: 68, Data: %systemroot%\system32\shell32.dll"
"10:34:46.0603103","雷小伊脱机日常 Beta 1.6.24.exe","1496","RegCloseKey","HKCR\WOW6432Node\CLSID\{B4BFCC3A-DB2C-424C-B029-7FE99A87C641}\InProcServer32","SUCCESS",""
"10:34:46.0603284","雷小伊脱机日常 Beta 1.6.24.exe","1496","RegQueryKey","HKCR\WOW6432Node\CLSID\{B4BFCC3A-DB2C-424C-B029-7FE99A87C641}\Instance","SUCCESS","Query: Name"
"10:34:46.0603349","雷小伊脱机日常 Beta 1.6.24.exe","1496","RegQueryKey","HKCR\WOW6432Node\CLSID\{B4BFCC3A-DB2C-424C-B029-7FE99A87C641}\Instance","SUCCESS","Query: HandleTags, HandleTags: 0x401"
"10:34:46.0603462","雷小伊脱机日常 Beta 1.6.24.exe","1496","RegOpenKey","HKCU\Software\Classes\WOW6432Node\CLSID\{B4BFCC3A-DB2C-424C-B029-7FE99A87C641}\Instance","NAME NOT FOUND","Desired Access: Maximum Allowed"
"10:34:46.0603533","雷小伊脱机日常 Beta 1.6.24.exe","1496","RegQueryValue","HKCR\WOW6432Node\CLSID\{B4BFCC3A-DB2C-424C-B029-7FE99A87C641}\Instance\CLSID","SUCCESS","Type: REG_SZ, Length: 78, Data: {0E5AAE11-A475-4c5b-AB00-C66DE400274E}"
"10:34:46.0603678","雷小伊脱机日常 Beta 1.6.24.exe","1496","RegQueryKey","HKLM","SUCCESS","Query: HandleTags, HandleTags: 0x0"
"10:34:46.0603786","雷小伊脱机日常 Beta 1.6.24.exe","1496","RegQueryKey","HKLM","SUCCESS","Query: Name"
"10:34:46.0603853","雷小伊脱机日常 Beta 1.6.24.exe","1496","RegOpenKey","HKCR\WOW6432Node\CLSID\{0E5AAE11-A475-4C5B-AB00-C66DE400274E}\InProcServer32","SUCCESS","Desired Access: Query Value"
"10:34:46.0603983","雷小伊脱机日常 Beta 1.6.24.exe","1496","RegSetInfoKey","HKCR\WOW6432Node\CLSID\{0E5AAE11-A475-4c5b-AB00-C66DE400274E}\InProcServer32","SUCCESS","KeySetInformationClass: KeySetHandleTagsInformation, Length: 0"
"10:34:46.0604029","雷小伊脱机日常 Beta 1.6.24.exe","1496","RegQueryValue","HKCR\WOW6432Node\CLSID\{0E5AAE11-A475-4c5b-AB00-C66DE400274E}\InProcServer32\(Default)","SUCCESS","Type: REG_EXPAND_SZ, Length: 84, Data: %SystemRoot%\system32\Windows.Storage.dll"
"10:34:46.0604097","雷小伊脱机日常 Beta 1.6.24.exe","1496","RegQueryValue","HKCR\WOW6432Node\CLSID\{0E5AAE11-A475-4c5b-AB00-C66DE400274E}\InProcServer32\LoadWithoutCOM","NAME NOT FOUND","Length: 12"
"10:34:46.0604153","雷小伊脱机日常 Beta 1.6.24.exe","1496","RegCloseKey","HKCR\WOW6432Node\CLSID\{0E5AAE11-A475-4c5b-AB00-C66DE400274E}\InProcServer32","SUCCESS",""
"10:34:46.0604417","雷小伊脱机日常 Beta 1.6.24.exe","1496","RegQueryKey","HKCR","SUCCESS","Query: HandleTags, HandleTags: 0x1"
"10:34:46.0604457","雷小伊脱机日常 Beta 1.6.24.exe","1496","RegQueryKey","HKCR","SUCCESS","Query: Name"
"10:34:46.0604532","雷小伊脱机日常 Beta 1.6.24.exe","1496","RegOpenKey","HKCR\WOW6432Node\CLSID\{0E5AAE11-A475-4C5B-AB00-C66DE400274E}","SUCCESS","Desired Access: Read"
"10:34:46.0604601","雷小伊脱机日常 Beta 1.6.24.exe","1496","RegSetInfoKey","HKCR\WOW6432Node\CLSID\{0E5AAE11-A475-4c5b-AB00-C66DE400274E}","SUCCESS","KeySetInformationClass: KeySetHandleTagsInformation, Length: 0"
"10:34:46.0604662","雷小伊脱机日常 Beta 1.6.24.exe","1496","RegQueryKey","HKCR\WOW6432Node\CLSID\{0E5AAE11-A475-4c5b-AB00-C66DE400274E}","SUCCESS","Query: HandleTags, HandleTags: 0x401"
"10:34:46.0604704","雷小伊脱机日常 Beta 1.6.24.exe","1496","RegOpenKey","HKCR\WOW6432Node\CLSID\{0E5AAE11-A475-4c5b-AB00-C66DE400274E}\TreatAs","NAME NOT FOUND","Desired Access: Query Value"
"10:34:46.0604775","雷小伊脱机日常 Beta 1.6.24.exe","1496","RegQueryKey","HKCR\WOW6432Node\CLSID\{0E5AAE11-A475-4c5b-AB00-C66DE400274E}","SUCCESS","Query: Name"
"10:34:46.0604856","雷小伊脱机日常 Beta 1.6.24.exe","1496","RegQueryValue","HKCR\WOW6432Node\CLSID\{0E5AAE11-A475-4c5b-AB00-C66DE400274E}\ActivateOnHostFlags","NAME NOT FOUND","Length: 16"
"10:34:46.0605073","雷小伊脱机日常 Beta 1.6.24.exe","1496","RegQueryValue","HKCR\WOW6432Node\CLSID\{0E5AAE11-A475-4c5b-AB00-C66DE400274E}\(Default)","BUFFER OVERFLOW","Length: 12"
"10:34:46.0605122","雷小伊脱机日常 Beta 1.6.24.exe","1496","RegQueryValue","HKCR\WOW6432Node\CLSID\{0E5AAE11-A475-4c5b-AB00-C66DE400274E}\(Default)","SUCCESS","Type: REG_SZ, Length: 50, Data: Shell File System Folder"
"10:34:46.0605213","雷小伊脱机日常 Beta 1.6.24.exe","1496","RegQueryKey","HKCR\WOW6432Node\CLSID\{0E5AAE11-A475-4c5b-AB00-C66DE400274E}","SUCCESS","Query: HandleTags, HandleTags: 0x401"
"10:34:46.0605258","雷小伊脱机日常 Beta 1.6.24.exe","1496","RegOpenKey","HKCR\WOW6432Node\CLSID\{0E5AAE11-A475-4c5b-AB00-C66DE400274E}\InprocServer32","SUCCESS","Desired Access: Read"
"10:34:46.0605321","雷小伊脱机日常 Beta 1.6.24.exe","1496","RegQueryValue","HKCR\WOW6432Node\CLSID\{0E5AAE11-A475-4c5b-AB00-C66DE400274E}\InProcServer32\InprocServer32","NAME NOT FOUND","Length: 12"
"10:34:46.0605366","雷小伊脱机日常 Beta 1.6.24.exe","1496","RegQueryValue","HKCR\WOW6432Node\CLSID\{0E5AAE11-A475-4c5b-AB00-C66DE400274E}\InProcServer32\(Default)","BUFFER OVERFLOW","Length: 12"
"10:34:46.0605416","雷小伊脱机日常 Beta 1.6.24.exe","1496","RegQueryValue","HKCR\WOW6432Node\CLSID\{0E5AAE11-A475-4c5b-AB00-C66DE400274E}\InProcServer32\(Default)","SUCCESS","Type: REG_EXPAND_SZ, Length: 84, Data: %SystemRoot%\system32\Windows.Storage.dll"
"10:34:46.0605472","雷小伊脱机日常 Beta 1.6.24.exe","1496","RegQueryValue","HKCR\WOW6432Node\CLSID\{0E5AAE11-A475-4c5b-AB00-C66DE400274E}\InProcServer32\(Default)","SUCCESS","Type: REG_EXPAND_SZ, Length: 84, Data: %SystemRoot%\system32\Windows.Storage.dll"
"10:34:46.0605527","雷小伊脱机日常 Beta 1.6.24.exe","1496","RegQueryValue","HKCR\WOW6432Node\CLSID\{0E5AAE11-A475-4c5b-AB00-C66DE400274E}\InProcServer32\ThreadingModel","SUCCESS","Type: REG_SZ, Length: 10, Data: Both"
"10:34:46.0605589","雷小伊脱机日常 Beta 1.6.24.exe","1496","RegCloseKey","HKCR\WOW6432Node\CLSID\{0E5AAE11-A475-4c5b-AB00-C66DE400274E}\InProcServer32","SUCCESS",""
"10:34:46.0605652","雷小伊脱机日常 Beta 1.6.24.exe","1496","RegQueryKey","HKCR\WOW6432Node\CLSID\{0E5AAE11-A475-4c5b-AB00-C66DE400274E}","SUCCESS","Query: HandleTags, HandleTags: 0x401"
"10:34:46.0605707","雷小伊脱机日常 Beta 1.6.24.exe","1496","RegOpenKey","HKCR\WOW6432Node\CLSID\{0E5AAE11-A475-4c5b-AB00-C66DE400274E}\InprocHandler32","NAME NOT FOUND","Desired Access: Query Value"
"10:34:46.0605777","雷小伊脱机日常 Beta 1.6.24.exe","1496","RegQueryKey","HKCR\WOW6432Node\CLSID\{0E5AAE11-A475-4c5b-AB00-C66DE400274E}","SUCCESS","Query: HandleTags, HandleTags: 0x401"
"10:34:46.0605817","雷小伊脱机日常 Beta 1.6.24.exe","1496","RegOpenKey","HKCR\WOW6432Node\CLSID\{0E5AAE11-A475-4c5b-AB00-C66DE400274E}\InprocHandler","NAME NOT FOUND","Desired Access: Query Value"
"10:34:46.0605882","雷小伊脱机日常 Beta 1.6.24.exe","1496","RegCloseKey","HKCR\WOW6432Node\CLSID\{0E5AAE11-A475-4c5b-AB00-C66DE400274E}","SUCCESS",""
"10:34:46.0606093","雷小伊脱机日常 Beta 1.6.24.exe","1496","RegQueryKey","HKCR","SUCCESS","Query: HandleTags, HandleTags: 0x1"
"10:34:46.0606131","雷小伊脱机日常 Beta 1.6.24.exe","1496","RegQueryKey","HKCR","SUCCESS","Query: Name"
"10:34:46.0606205","雷小伊脱机日常 Beta 1.6.24.exe","1496","RegOpenKey","HKCR\WOW6432Node\CLSID\{0E5AAE11-A475-4C5B-AB00-C66DE400274E}","SUCCESS","Desired Access: Read"
"10:34:46.0606268","雷小伊脱机日常 Beta 1.6.24.exe","1496","RegSetInfoKey","HKCR\WOW6432Node\CLSID\{0E5AAE11-A475-4c5b-AB00-C66DE400274E}","SUCCESS","KeySetInformationClass: KeySetHandleTagsInformation, Length: 0"
"10:34:46.0606326","雷小伊脱机日常 Beta 1.6.24.exe","1496","RegQueryKey","HKCR\WOW6432Node\CLSID\{0E5AAE11-A475-4c5b-AB00-C66DE400274E}","SUCCESS","Query: HandleTags, HandleTags: 0x401"
"10:34:46.0606368","雷小伊脱机日常 Beta 1.6.24.exe","1496","RegOpenKey","HKCR\WOW6432Node\CLSID\{0E5AAE11-A475-4c5b-AB00-C66DE400274E}\TreatAs","NAME NOT FOUND","Desired Access: Query Value"
"10:34:46.0606421","雷小伊脱机日常 Beta 1.6.24.exe","1496","RegQueryKey","HKCR\WOW6432Node\CLSID\{0E5AAE11-A475-4c5b-AB00-C66DE400274E}","SUCCESS","Query: Name"
"10:34:46.0606491","雷小伊脱机日常 Beta 1.6.24.exe","1496","RegQueryValue","HKCR\WOW6432Node\CLSID\{0E5AAE11-A475-4c5b-AB00-C66DE400274E}\ActivateOnHostFlags","NAME NOT FOUND","Length: 16"
"10:34:46.0606552","雷小伊脱机日常 Beta 1.6.24.exe","1496","RegQueryValue","HKCR\WOW6432Node\CLSID\{0E5AAE11-A475-4c5b-AB00-C66DE400274E}\(Default)","BUFFER OVERFLOW","Length: 12"
"10:34:46.0606601","雷小伊脱机日常 Beta 1.6.24.exe","1496","RegQueryValue","HKCR\WOW6432Node\CLSID\{0E5AAE11-A475-4c5b-AB00-C66DE400274E}\(Default)","SUCCESS","Type: REG_SZ, Length: 50, Data: Shell File System Folder"
"10:34:46.0606668","雷小伊脱机日常 Beta 1.6.24.exe","1496","RegQueryKey","HKCR\WOW6432Node\CLSID\{0E5AAE11-A475-4c5b-AB00-C66DE400274E}","SUCCESS","Query: HandleTags, HandleTags: 0x401"
"10:34:46.0606711","雷小伊脱机日常 Beta 1.6.24.exe","1496","RegOpenKey","HKCR\WOW6432Node\CLSID\{0E5AAE11-A475-4c5b-AB00-C66DE400274E}\InprocServer32","SUCCESS","Desired Access: Read"
"10:34:46.0606781","雷小伊脱机日常 Beta 1.6.24.exe","1496","RegQueryValue","HKCR\WOW6432Node\CLSID\{0E5AAE11-A475-4c5b-AB00-C66DE400274E}\InProcServer32\InprocServer32","NAME NOT FOUND","Length: 12"
"10:34:46.0606860","雷小伊脱机日常 Beta 1.6.24.exe","1496","RegQueryValue","HKCR\WOW6432Node\CLSID\{0E5AAE11-A475-4c5b-AB00-C66DE400274E}\InProcServer32\(Default)","BUFFER OVERFLOW","Length: 12"
"10:34:46.0606908","雷小伊脱机日常 Beta 1.6.24.exe","1496","RegQueryValue","HKCR\WOW6432Node\CLSID\{0E5AAE11-A475-4c5b-AB00-C66DE400274E}\InProcServer32\(Default)","SUCCESS","Type: REG_EXPAND_SZ, Length: 84, Data: %SystemRoot%\system32\Windows.Storage.dll"
"10:34:46.0606961","雷小伊脱机日常 Beta 1.6.24.exe","1496","RegQueryValue","HKCR\WOW6432Node\CLSID\{0E5AAE11-A475-4c5b-AB00-C66DE400274E}\InProcServer32\(Default)","SUCCESS","Type: REG_EXPAND_SZ, Length: 84, Data: %SystemRoot%\system32\Windows.Storage.dll"
"10:34:46.0607016","雷小伊脱机日常 Beta 1.6.24.exe","1496","RegQueryValue","HKCR\WOW6432Node\CLSID\{0E5AAE11-A475-4c5b-AB00-C66DE400274E}\InProcServer32\ThreadingModel","SUCCESS","Type: REG_SZ, Length: 10, Data: Both"
"10:34:46.0607072","雷小伊脱机日常 Beta 1.6.24.exe","1496","RegCloseKey","HKCR\WOW6432Node\CLSID\{0E5AAE11-A475-4c5b-AB00-C66DE400274E}\InProcServer32","SUCCESS",""
"10:34:46.0607145","雷小伊脱机日常 Beta 1.6.24.exe","1496","RegQueryKey","HKCR\WOW6432Node\CLSID\{0E5AAE11-A475-4c5b-AB00-C66DE400274E}","SUCCESS","Query: HandleTags, HandleTags: 0x401"
"10:34:46.0607186","雷小伊脱机日常 Beta 1.6.24.exe","1496","RegOpenKey","HKCR\WOW6432Node\CLSID\{0E5AAE11-A475-4c5b-AB00-C66DE400274E}\InprocHandler32","NAME NOT FOUND","Desired Access: Query Value"
"10:34:46.0607261","雷小伊脱机日常 Beta 1.6.24.exe","1496","RegQueryKey","HKCR\WOW6432Node\CLSID\{0E5AAE11-A475-4c5b-AB00-C66DE400274E}","SUCCESS","Query: HandleTags, HandleTags: 0x401"
"10:34:46.0607302","雷小伊脱机日常 Beta 1.6.24.exe","1496","RegOpenKey","HKCR\WOW6432Node\CLSID\{0E5AAE11-A475-4c5b-AB00-C66DE400274E}\InprocHandler","NAME NOT FOUND","Desired Access: Query Value"
"10:34:46.0607379","雷小伊脱机日常 Beta 1.6.24.exe","1496","RegQueryKey","HKCR\WOW6432Node\CLSID\{0E5AAE11-A475-4c5b-AB00-C66DE400274E}","SUCCESS","Query: HandleTags, HandleTags: 0x401"
"10:34:46.0607419","雷小伊脱机日常 Beta 1.6.24.exe","1496","RegOpenKey","HKCR\WOW6432Node\CLSID\{0E5AAE11-A475-4c5b-AB00-C66DE400274E}\LocalServer32","NAME NOT FOUND","Desired Access: Read"
"10:34:46.0607484","雷小伊脱机日常 Beta 1.6.24.exe","1496","RegQueryValue","HKCR\WOW6432Node\CLSID\{0E5AAE11-A475-4c5b-AB00-C66DE400274E}\AppID","NAME NOT FOUND","Length: 112"
"10:34:46.0607548","雷小伊脱机日常 Beta 1.6.24.exe","1496","RegQueryKey","HKCR\WOW6432Node\CLSID\{0E5AAE11-A475-4c5b-AB00-C66DE400274E}","SUCCESS","Query: HandleTags, HandleTags: 0x401"
"10:34:46.0607588","雷小伊脱机日常 Beta 1.6.24.exe","1496","RegOpenKey","HKCR\WOW6432Node\CLSID\{0E5AAE11-A475-4c5b-AB00-C66DE400274E}\LocalServer","NAME NOT FOUND","Desired Access: Query Value"
"10:34:46.0607660","雷小伊脱机日常 Beta 1.6.24.exe","1496","RegQueryKey","HKCR","SUCCESS","Query: HandleTags, HandleTags: 0x1"
"10:34:46.0607699","雷小伊脱机日常 Beta 1.6.24.exe","1496","RegQueryKey","HKCR","SUCCESS","Query: Name"
"10:34:46.0607768","雷小伊脱机日常 Beta 1.6.24.exe","1496","RegOpenKey","HKCR\WOW6432Node\CLSID\{0E5AAE11-A475-4C5B-AB00-C66DE400274E}","SUCCESS","Desired Access: Read"
"10:34:46.0607824","雷小伊脱机日常 Beta 1.6.24.exe","1496","RegSetInfoKey","HKCR\WOW6432Node\CLSID\{0E5AAE11-A475-4c5b-AB00-C66DE400274E}","SUCCESS","KeySetInformationClass: KeySetHandleTagsInformation, Length: 0"
"10:34:46.0607889","雷小伊脱机日常 Beta 1.6.24.exe","1496","RegQueryKey","HKCR\WOW6432Node\CLSID\{0E5AAE11-A475-4c5b-AB00-C66DE400274E}","SUCCESS","Query: HandleTags, HandleTags: 0x401"
"10:34:46.0607929","雷小伊脱机日常 Beta 1.6.24.exe","1496","RegOpenKey","HKCR\WOW6432Node\CLSID\{0E5AAE11-A475-4c5b-AB00-C66DE400274E}\Elevation","NAME NOT FOUND","Desired Access: Read"
"10:34:46.0607999","雷小伊脱机日常 Beta 1.6.24.exe","1496","RegCloseKey","HKCR\WOW6432Node\CLSID\{0E5AAE11-A475-4c5b-AB00-C66DE400274E}","SUCCESS",""
"10:34:46.0608045","雷小伊脱机日常 Beta 1.6.24.exe","1496","RegCloseKey","HKCR\WOW6432Node\CLSID\{0E5AAE11-A475-4c5b-AB00-C66DE400274E}","SUCCESS",""
"10:34:46.0608122","雷小伊脱机日常 Beta 1.6.24.exe","1496","RegQueryKey","HKCR","SUCCESS","Query: HandleTags, HandleTags: 0x1"
"10:34:46.0608160","雷小伊脱机日常 Beta 1.6.24.exe","1496","RegQueryKey","HKCR","SUCCESS","Query: Name"
"10:34:46.0608241","雷小伊脱机日常 Beta 1.6.24.exe","1496","RegOpenKey","HKCR\WOW6432Node\CLSID\{0E5AAE11-A475-4C5B-AB00-C66DE400274E}","SUCCESS","Desired Access: Read"
"10:34:46.0608295","雷小伊脱机日常 Beta 1.6.24.exe","1496","RegSetInfoKey","HKCR\WOW6432Node\CLSID\{0E5AAE11-A475-4c5b-AB00-C66DE400274E}","SUCCESS","KeySetInformationClass: KeySetHandleTagsInformation, Length: 0"
"10:34:46.0608353","雷小伊脱机日常 Beta 1.6.24.exe","1496","RegQueryKey","HKCR\WOW6432Node\CLSID\{0E5AAE11-A475-4c5b-AB00-C66DE400274E}","SUCCESS","Query: HandleTags, HandleTags: 0x401"
"10:34:46.0608394","雷小伊脱机日常 Beta 1.6.24.exe","1496","RegOpenKey","HKCR\WOW6432Node\CLSID\{0E5AAE11-A475-4c5b-AB00-C66DE400274E}\TreatAs","NAME NOT FOUND","Desired Access: Read"
"10:34:46.0608450","雷小伊脱机日常 Beta 1.6.24.exe","1496","RegCloseKey","HKCR\WOW6432Node\CLSID\{0E5AAE11-A475-4c5b-AB00-C66DE400274E}","SUCCESS",""
"10:34:46.0608654","雷小伊脱机日常 Beta 1.6.24.exe","1496","RegQueryKey","HKCR\WOW6432Node\CLSID\{B4BFCC3A-DB2C-424C-B029-7FE99A87C641}\Instance","SUCCESS","Query: Name"
"10:34:46.0608714","雷小伊脱机日常 Beta 1.6.24.exe","1496","RegQueryKey","HKCR\WOW6432Node\CLSID\{B4BFCC3A-DB2C-424C-B029-7FE99A87C641}\Instance","SUCCESS","Query: HandleTags, HandleTags: 0x401"
"10:34:46.0608803","雷小伊脱机日常 Beta 1.6.24.exe","1496","RegOpenKey","HKCU\Software\Classes\WOW6432Node\CLSID\{B4BFCC3A-DB2C-424C-B029-7FE99A87C641}\Instance\InitPropertyBag","NAME NOT FOUND","Desired Access: Read"
"10:34:46.0608888","雷小伊脱机日常 Beta 1.6.24.exe","1496","RegQueryKey","HKCR\WOW6432Node\CLSID\{B4BFCC3A-DB2C-424C-B029-7FE99A87C641}\Instance","SUCCESS","Query: HandleTags, HandleTags: 0x401"
"10:34:46.0608928","雷小伊脱机日常 Beta 1.6.24.exe","1496","RegOpenKey","HKCR\WOW6432Node\CLSID\{B4BFCC3A-DB2C-424C-B029-7FE99A87C641}\Instance\InitPropertyBag","SUCCESS","Desired Access: Read"
"10:34:46.0611237","雷小伊脱机日常 Beta 1.6.24.exe","1496","RegQueryKey","HKCR\WOW6432Node\CLSID\{B4BFCC3A-DB2C-424C-B029-7FE99A87C641}\Instance\InitPropertyBag","SUCCESS","Query: Name"
"10:34:46.0611311","雷小伊脱机日常 Beta 1.6.24.exe","1496","RegQueryKey","HKCR\WOW6432Node\CLSID\{B4BFCC3A-DB2C-424C-B029-7FE99A87C641}\Instance\InitPropertyBag","SUCCESS","Query: HandleTags, HandleTags: 0x401"
"10:34:46.0611797","雷小伊脱机日常 Beta 1.6.24.exe","1496","RegOpenKey","HKCU\Software\Classes\WOW6432Node\CLSID\{B4BFCC3A-DB2C-424C-B029-7FE99A87C641}\Instance\InitPropertyBag","NAME NOT FOUND","Desired Access: Maximum Allowed"
"10:34:46.0611895","雷小伊脱机日常 Beta 1.6.24.exe","1496","RegQueryValue","HKCR\WOW6432Node\CLSID\{B4BFCC3A-DB2C-424C-B029-7FE99A87C641}\Instance\InitPropertyBag\Attributes","BUFFER OVERFLOW","Length: 12"
"10:34:46.0611951","雷小伊脱机日常 Beta 1.6.24.exe","1496","RegQueryKey","HKCR\WOW6432Node\CLSID\{B4BFCC3A-DB2C-424C-B029-7FE99A87C641}\Instance\InitPropertyBag","SUCCESS","Query: Name"
"10:34:46.0612013","雷小伊脱机日常 Beta 1.6.24.exe","1496","RegQueryKey","HKCR\WOW6432Node\CLSID\{B4BFCC3A-DB2C-424C-B029-7FE99A87C641}\Instance\InitPropertyBag","SUCCESS","Query: HandleTags, HandleTags: 0x401"
"10:34:46.0612093","雷小伊脱机日常 Beta 1.6.24.exe","1496","RegOpenKey","HKCU\Software\Classes\WOW6432Node\CLSID\{B4BFCC3A-DB2C-424C-B029-7FE99A87C641}\Instance\InitPropertyBag","NAME NOT FOUND","Desired Access: Maximum Allowed"
"10:34:46.0612158","雷小伊脱机日常 Beta 1.6.24.exe","1496","RegQueryValue","HKCR\WOW6432Node\CLSID\{B4BFCC3A-DB2C-424C-B029-7FE99A87C641}\Instance\InitPropertyBag\Attributes","SUCCESS","Type: REG_DWORD, Length: 4, Data: 17"
"10:34:46.0612222","雷小伊脱机日常 Beta 1.6.24.exe","1496","RegQueryKey","HKCR\WOW6432Node\CLSID\{B4BFCC3A-DB2C-424C-B029-7FE99A87C641}\Instance\InitPropertyBag","SUCCESS","Query: Name"
"10:34:46.0612274","雷小伊脱机日常 Beta 1.6.24.exe","1496","RegQueryKey","HKCR\WOW6432Node\CLSID\{B4BFCC3A-DB2C-424C-B029-7FE99A87C641}\Instance\InitPropertyBag","SUCCESS","Query: HandleTags, HandleTags: 0x401"
"10:34:46.0612363","雷小伊脱机日常 Beta 1.6.24.exe","1496","RegOpenKey","HKCU\Software\Classes\WOW6432Node\CLSID\{B4BFCC3A-DB2C-424C-B029-7FE99A87C641}\Instance\InitPropertyBag","NAME NOT FOUND","Desired Access: Maximum Allowed"
"10:34:46.0612425","雷小伊脱机日常 Beta 1.6.24.exe","1496","RegQueryValue","HKCR\WOW6432Node\CLSID\{B4BFCC3A-DB2C-424C-B029-7FE99A87C641}\Instance\InitPropertyBag\DescriptionID","NAME NOT FOUND","Length: 12"
"10:34:46.0612482","雷小伊脱机日常 Beta 1.6.24.exe","1496","RegQueryKey","HKCR\WOW6432Node\CLSID\{B4BFCC3A-DB2C-424C-B029-7FE99A87C641}\Instance\InitPropertyBag","SUCCESS","Query: Name"
"10:34:46.0612536","雷小伊脱机日常 Beta 1.6.24.exe","1496","RegQueryKey","HKCR\WOW6432Node\CLSID\{B4BFCC3A-DB2C-424C-B029-7FE99A87C641}\Instance\InitPropertyBag","SUCCESS","Query: HandleTags, HandleTags: 0x401"
"10:34:46.0612606","雷小伊脱机日常 Beta 1.6.24.exe","1496","RegOpenKey","HKCU\Software\Classes\WOW6432Node\CLSID\{B4BFCC3A-DB2C-424C-B029-7FE99A87C641}\Instance\InitPropertyBag","NAME NOT FOUND","Desired Access: Maximum Allowed"
"10:34:46.0612666","雷小伊脱机日常 Beta 1.6.24.exe","1496","RegQueryValue","HKCR\WOW6432Node\CLSID\{B4BFCC3A-DB2C-424C-B029-7FE99A87C641}\Instance\InitPropertyBag\HelpTopic","NAME NOT FOUND","Length: 12"
"10:34:46.0612829","雷小伊脱机日常 Beta 1.6.24.exe","1496","RegQueryKey","HKCR\WOW6432Node\CLSID\{B4BFCC3A-DB2C-424C-B029-7FE99A87C641}\Instance\InitPropertyBag","SUCCESS","Query: Name"
"10:34:46.0612887","雷小伊脱机日常 Beta 1.6.24.exe","1496","RegQueryKey","HKCR\WOW6432Node\CLSID\{B4BFCC3A-DB2C-424C-B029-7FE99A87C641}\Instance\InitPropertyBag","SUCCESS","Query: HandleTags, HandleTags: 0x401"
"10:34:46.0612964","雷小伊脱机日常 Beta 1.6.24.exe","1496","RegOpenKey","HKCU\Software\Classes\WOW6432Node\CLSID\{B4BFCC3A-DB2C-424C-B029-7FE99A87C641}\Instance\InitPropertyBag","NAME NOT FOUND","Desired Access: Maximum Allowed"
"10:34:46.0613030","雷小伊脱机日常 Beta 1.6.24.exe","1496","RegQueryValue","HKCR\WOW6432Node\CLSID\{B4BFCC3A-DB2C-424C-B029-7FE99A87C641}\Instance\InitPropertyBag\AllowChildAliasRegistration","NAME NOT FOUND","Length: 12"
"10:34:46.0613102","雷小伊脱机日常 Beta 1.6.24.exe","1496","RegQueryKey","HKCR\WOW6432Node\CLSID\{B4BFCC3A-DB2C-424C-B029-7FE99A87C641}\Instance\InitPropertyBag","SUCCESS","Query: Name"
"10:34:46.0613154","雷小伊脱机日常 Beta 1.6.24.exe","1496","RegQueryKey","HKCR\WOW6432Node\CLSID\{B4BFCC3A-DB2C-424C-B029-7FE99A87C641}\Instance\InitPropertyBag","SUCCESS","Query: HandleTags, HandleTags: 0x401"
"10:34:46.0613222","雷小伊脱机日常 Beta 1.6.24.exe","1496","RegOpenKey","HKCU\Software\Classes\WOW6432Node\CLSID\{B4BFCC3A-DB2C-424C-B029-7FE99A87C641}\Instance\InitPropertyBag","NAME NOT FOUND","Desired Access: Maximum Allowed"
"10:34:46.0613283","雷小伊脱机日常 Beta 1.6.24.exe","1496","RegQueryValue","HKCR\WOW6432Node\CLSID\{B4BFCC3A-DB2C-424C-B029-7FE99A87C641}\Instance\InitPropertyBag\RecursiveSearch","NAME NOT FOUND","Length: 12"
"10:34:46.0613339","雷小伊脱机日常 Beta 1.6.24.exe","1496","RegQueryKey","HKCR\WOW6432Node\CLSID\{B4BFCC3A-DB2C-424C-B029-7FE99A87C641}\Instance\InitPropertyBag","SUCCESS","Query: Name"
"10:34:46.0613392","雷小伊脱机日常 Beta 1.6.24.exe","1496","RegQueryKey","HKCR\WOW6432Node\CLSID\{B4BFCC3A-DB2C-424C-B029-7FE99A87C641}\Instance\InitPropertyBag","SUCCESS","Query: HandleTags, HandleTags: 0x401"
"10:34:46.0613462","雷小伊脱机日常 Beta 1.6.24.exe","1496","RegOpenKey","HKCU\Software\Classes\WOW6432Node\CLSID\{B4BFCC3A-DB2C-424C-B029-7FE99A87C641}\Instance\InitPropertyBag","NAME NOT FOUND","Desired Access: Maximum Allowed"
"10:34:46.0613521","雷小伊脱机日常 Beta 1.6.24.exe","1496","RegQueryValue","HKCR\WOW6432Node\CLSID\{B4BFCC3A-DB2C-424C-B029-7FE99A87C641}\Instance\InitPropertyBag\TargetKnownFolder","BUFFER OVERFLOW","Length: 12"
"10:34:46.0613581","雷小伊脱机日常 Beta 1.6.24.exe","1496","RegQueryKey","HKCR\WOW6432Node\CLSID\{B4BFCC3A-DB2C-424C-B029-7FE99A87C641}\Instance\InitPropertyBag","SUCCESS","Query: Name"
"10:34:46.0613649","雷小伊脱机日常 Beta 1.6.24.exe","1496","RegQueryKey","HKCR\WOW6432Node\CLSID\{B4BFCC3A-DB2C-424C-B029-7FE99A87C641}\Instance\InitPropertyBag","SUCCESS","Query: HandleTags, HandleTags: 0x401"
"10:34:46.0613717","雷小伊脱机日常 Beta 1.6.24.exe","1496","RegOpenKey","HKCU\Software\Classes\WOW6432Node\CLSID\{B4BFCC3A-DB2C-424C-B029-7FE99A87C641}\Instance\InitPropertyBag","NAME NOT FOUND","Desired Access: Maximum Allowed"
"10:34:46.0613792","雷小伊脱机日常 Beta 1.6.24.exe","1496","RegQueryValue","HKCR\WOW6432Node\CLSID\{B4BFCC3A-DB2C-424C-B029-7FE99A87C641}\Instance\InitPropertyBag\TargetKnownFolder","SUCCESS","Type: REG_SZ, Length: 78, Data: {B4BFCC3A-DB2C-424C-B029-7FE99A87C641}"
"10:34:46.0615993","雷小伊脱机日常 Beta 1.6.24.exe","1496","RegQueryKey","HKCU","SUCCESS","Query: HandleTags, HandleTags: 0x0"
"10:34:46.0616058","雷小伊脱机日常 Beta 1.6.24.exe","1496","RegQueryKey","HKCU","SUCCESS","Query: Name"
"10:34:46.0616164","雷小伊脱机日常 Beta 1.6.24.exe","1496","RegOpenKey","HKCU\Software\Classes\WOW6432Node\CLSID\{B4BFCC3A-DB2C-424C-B029-7FE99A87C641}\Instance","REPARSE","Desired Access: Notify"
"10:34:46.0616247","雷小伊脱机日常 Beta 1.6.24.exe","1496","RegOpenKey","HKCU\Software\Classes\WOW6432Node\CLSID\{B4BFCC3A-DB2C-424C-B029-7FE99A87C641}\Instance","NAME NOT FOUND","Desired Access: Notify"
"10:34:46.0616346","雷小伊脱机日常 Beta 1.6.24.exe","1496","RegQueryKey","HKLM","SUCCESS","Query: HandleTags, HandleTags: 0x0"
"10:34:46.0616382","雷小伊脱机日常 Beta 1.6.24.exe","1496","RegQueryKey","HKLM","SUCCESS","Query: Name"
"10:34:46.0616450","雷小伊脱机日常 Beta 1.6.24.exe","1496","RegOpenKey","HKCR\WOW6432Node\CLSID\{B4BFCC3A-DB2C-424C-B029-7FE99A87C641}\Instance","SUCCESS","Desired Access: Notify"
"10:34:46.0616528","雷小伊脱机日常 Beta 1.6.24.exe","1496","RegSetInfoKey","HKCR\WOW6432Node\CLSID\{B4BFCC3A-DB2C-424C-B029-7FE99A87C641}\Instance","SUCCESS","KeySetInformationClass: KeySetHandleTagsInformation, Length: 0"
"10:34:46.0616651","雷小伊脱机日常 Beta 1.6.24.exe","1496","ReadFile","C:\Windows\SysWOW64\windows.storage.dll","SUCCESS","Offset: 4,412,416, Length: 32,768, I/O Flags: Non-cached, Paging I/O, Synchronous Paging I/O, Priority: Normal"
"10:34:46.0620094","雷小伊脱机日常 Beta 1.6.24.exe","1496","RegQueryKey","HKCR\WOW6432Node\CLSID\{B4BFCC3A-DB2C-424C-B029-7FE99A87C641}\Instance","SUCCESS","Query: HandleTags, HandleTags: 0x401"
"10:34:46.0620143","雷小伊脱机日常 Beta 1.6.24.exe","1496","RegOpenKey","HKCR\WOW6432Node\CLSID\{B4BFCC3A-DB2C-424C-B029-7FE99A87C641}\Instance","SUCCESS","Desired Access: Notify"
"10:34:46.0620222","雷小伊脱机日常 Beta 1.6.24.exe","1496","RegCloseKey","HKCR\WOW6432Node\CLSID\{B4BFCC3A-DB2C-424C-B029-7FE99A87C641}\Instance","SUCCESS",""
"10:34:46.0620305","雷小伊脱机日常 Beta 1.6.24.exe","1496","RegQueryKey","HKCR\WOW6432Node\CLSID\{B4BFCC3A-DB2C-424C-B029-7FE99A87C641}\Instance","SUCCESS","Query: HandleTags, HandleTags: 0x401"
"10:34:46.0620346","雷小伊脱机日常 Beta 1.6.24.exe","1496","RegOpenKey","HKCR\WOW6432Node\CLSID\{B4BFCC3A-DB2C-424C-B029-7FE99A87C641}\Instance","SUCCESS","Desired Access: Notify"
"10:34:46.0620427","雷小伊脱机日常 Beta 1.6.24.exe","1496","RegCloseKey","HKCR\WOW6432Node\CLSID\{B4BFCC3A-DB2C-424C-B029-7FE99A87C641}\Instance\InitPropertyBag","SUCCESS",""
"10:34:46.0620588","雷小伊脱机日常 Beta 1.6.24.exe","1496","RegCloseKey","HKCR\WOW6432Node\CLSID\{B4BFCC3A-DB2C-424C-B029-7FE99A87C641}\Instance","SUCCESS",""
"10:34:46.0620631","雷小伊脱机日常 Beta 1.6.24.exe","1496","RegCloseKey","HKCR\WOW6432Node\CLSID\{B4BFCC3A-DB2C-424C-B029-7FE99A87C641}\Instance","SUCCESS",""
"10:34:46.0621638","雷小伊脱机日常 Beta 1.6.24.exe","1496","CreateFile","C:\Users\1\Desktop","SUCCESS","Desired Access: Read Attributes, Disposition: Open, Options: Open Reparse Point, Attributes: n/a, ShareMode: Read, Write, Delete, AllocationSize: n/a, OpenResult: Opened"
"10:34:46.0621749","雷小伊脱机日常 Beta 1.6.24.exe","1496","QueryNetworkOpenInformationFile","C:\Users\1\Desktop","SUCCESS","CreationTime: 2025/12/22 14:50:41, LastAccessTime: 2025/12/31 10:34:46, LastWriteTime: 2025/12/31 10:34:28, ChangeTime: 2025/12/31 10:34:28, AllocationSize: 1601/1/1 8:00:00, EndOfFile: 1601/1/1 8:00:00, FileAttributes: RD"
"10:34:46.0621804","雷小伊脱机日常 Beta 1.6.24.exe","1496","CloseFile","C:\Users\1\Desktop","SUCCESS",""
"10:34:46.0622096","雷小伊脱机日常 Beta 1.6.24.exe","1496","RegQueryKey","HKLM","SUCCESS","Query: HandleTags, HandleTags: 0x0"
"10:34:46.0622136","雷小伊脱机日常 Beta 1.6.24.exe","1496","RegQueryKey","HKLM","SUCCESS","Query: Name"
"10:34:46.0622244","雷小伊脱机日常 Beta 1.6.24.exe","1496","RegOpenKey","HKLM\Software\WOW6432Node\Microsoft\Windows\CurrentVersion\Explorer\MyComputer\NameSpace\{B4BFCC3A-DB2C-424C-B029-7FE99A87C641}","SUCCESS","Desired Access: Query Value"
"10:34:46.0622505","雷小伊脱机日常 Beta 1.6.24.exe","1496","RegSetInfoKey","HKLM\SOFTWARE\WOW6432Node\Microsoft\Windows\CurrentVersion\Explorer\MyComputer\NameSpace\{B4BFCC3A-DB2C-424C-B029-7FE99A87C641}","SUCCESS","KeySetInformationClass: KeySetHandleTagsInformation, Length: 0"
"10:34:46.0622553","雷小伊脱机日常 Beta 1.6.24.exe","1496","RegCloseKey","HKLM\SOFTWARE\WOW6432Node\Microsoft\Windows\CurrentVersion\Explorer\MyComputer\NameSpace\{B4BFCC3A-DB2C-424C-B029-7FE99A87C641}","SUCCESS",""
"10:34:46.0622676","雷小伊脱机日常 Beta 1.6.24.exe","1496","RegQueryKey","HKLM","SUCCESS","Query: HandleTags, HandleTags: 0x0"
"10:34:46.0622714","雷小伊脱机日常 Beta 1.6.24.exe","1496","RegQueryKey","HKLM","SUCCESS","Query: Name"
"10:34:46.0622786","雷小伊脱机日常 Beta 1.6.24.exe","1496","RegOpenKey","HKLM\Software\WOW6432Node\Microsoft\Windows\CurrentVersion\Policies\Explorer","REPARSE","Desired Access: Query Value"
"10:34:46.0622848","雷小伊脱机日常 Beta 1.6.24.exe","1496","RegOpenKey","HKLM\SOFTWARE\Microsoft\Windows\CurrentVersion\Policies\Explorer","SUCCESS","Desired Access: Query Value"
"10:34:46.0622911","雷小伊脱机日常 Beta 1.6.24.exe","1496","RegSetInfoKey","HKLM\SOFTWARE\Microsoft\Windows\CurrentVersion\Policies\Explorer","SUCCESS","KeySetInformationClass: KeySetHandleTagsInformation, Length: 0"
"10:34:46.0622962","雷小伊脱机日常 Beta 1.6.24.exe","1496","RegQueryValue","HKLM\SOFTWARE\Microsoft\Windows\CurrentVersion\Policies\Explorer\PreXPSP2ShellProtocolBehavior","NAME NOT FOUND","Length: 16"
"10:34:46.0623020","雷小伊脱机日常 Beta 1.6.24.exe","1496","RegCloseKey","HKLM\SOFTWARE\Microsoft\Windows\CurrentVersion\Policies\Explorer","SUCCESS",""
"10:34:46.0623081","雷小伊脱机日常 Beta 1.6.24.exe","1496","RegQueryKey","HKCU","SUCCESS","Query: HandleTags, HandleTags: 0x0"
"10:34:46.0623117","雷小伊脱机日常 Beta 1.6.24.exe","1496","RegQueryKey","HKCU","SUCCESS","Query: Name"
"10:34:46.0623180","雷小伊脱机日常 Beta 1.6.24.exe","1496","RegOpenKey","HKCU\Software\Microsoft\Windows\CurrentVersion\Policies\Explorer","NAME NOT FOUND","Desired Access: Query Value"
"10:34:46.0623469","雷小伊脱机日常 Beta 1.6.24.exe","1496","RegQueryKey","HKLM","SUCCESS","Query: HandleTags, HandleTags: 0x0"
"10:34:46.0623518","雷小伊脱机日常 Beta 1.6.24.exe","1496","RegOpenKey","HKLM\Software\Microsoft\Windows\CurrentVersion\Explorer\SyncRootManager","SUCCESS","Desired Access: Read"
"10:34:46.0623652","雷小伊脱机日常 Beta 1.6.24.exe","1496","RegSetInfoKey","HKLM\SOFTWARE\Microsoft\Windows\CurrentVersion\Explorer\SyncRootManager","SUCCESS","KeySetInformationClass: KeySetHandleTagsInformation, Length: 0"
"10:34:46.0623696","雷小伊脱机日常 Beta 1.6.24.exe","1496","RegQueryKey","HKLM\SOFTWARE\Microsoft\Windows\CurrentVersion\Explorer\SyncRootManager","SUCCESS","Query: Cached, SubKeys: 0, Values: 0"
"10:34:46.0623750","雷小伊脱机日常 Beta 1.6.24.exe","1496","RegCloseKey","HKLM\SOFTWARE\Microsoft\Windows\CurrentVersion\Explorer\SyncRootManager","SUCCESS",""
"10:34:46.0623976","雷小伊脱机日常 Beta 1.6.24.exe","1496","ReadFile","C:\Windows\SysWOW64\windows.storage.dll","SUCCESS","Offset: 5,010,432, Length: 32,768, I/O Flags: Non-cached, Paging I/O, Synchronous Paging I/O, Priority: Normal"
"10:34:46.0629541","雷小伊脱机日常 Beta 1.6.24.exe","1496","RegQueryKey","HKCU\Software\Classes","SUCCESS","Query: Name"
"10:34:46.0629617","雷小伊脱机日常 Beta 1.6.24.exe","1496","RegQueryKey","HKCU\Software\Classes","SUCCESS","Query: HandleTags, HandleTags: 0x1"
"10:34:46.0629677","雷小伊脱机日常 Beta 1.6.24.exe","1496","RegQueryKey","HKCU\Software\Classes","SUCCESS","Query: HandleTags, HandleTags: 0x1"
"10:34:46.0629718","雷小伊脱机日常 Beta 1.6.24.exe","1496","RegQueryKey","HKCU\Software\Classes","SUCCESS","Query: Name"
"10:34:46.0629789","雷小伊脱机日常 Beta 1.6.24.exe","1496","RegOpenKey","HKCU\Software\Classes\Directory","SUCCESS","Desired Access: Read"
"10:34:46.0629857","雷小伊脱机日常 Beta 1.6.24.exe","1496","RegSetInfoKey","HKCU\Software\Classes\Directory","SUCCESS","KeySetInformationClass: KeySetHandleTagsInformation, Length: 0"
"10:34:46.0629946","雷小伊脱机日常 Beta 1.6.24.exe","1496","RegQueryKey","HKCU\Software\Classes\Directory","SUCCESS","Query: Name"
"10:34:46.0630009","雷小伊脱机日常 Beta 1.6.24.exe","1496","RegQueryKey","HKCU\Software\Classes\Directory","SUCCESS","Query: HandleTags, HandleTags: 0x401"
"10:34:46.0630062","雷小伊脱机日常 Beta 1.6.24.exe","1496","RegQueryKey","HKCU\Software\Classes\Directory","SUCCESS","Query: HandleTags, HandleTags: 0x401"
"10:34:46.0630105","雷小伊脱机日常 Beta 1.6.24.exe","1496","RegOpenKey","HKCU\Software\Classes\Directory\shell\explore","NAME NOT FOUND","Desired Access: Read"
"10:34:46.0630197","雷小伊脱机日常 Beta 1.6.24.exe","1496","RegOpenKey","HKCR\Directory\shell\explore","NAME NOT FOUND","Desired Access: Read"
"10:34:46.0630478","雷小伊脱机日常 Beta 1.6.24.exe","1496","RegQueryKey","HKCU\Software\Classes","SUCCESS","Query: Name"
"10:34:46.0630589","雷小伊脱机日常 Beta 1.6.24.exe","1496","RegQueryKey","HKCU\Software\Classes","SUCCESS","Query: HandleTags, HandleTags: 0x1"
"10:34:46.0630641","雷小伊脱机日常 Beta 1.6.24.exe","1496","RegQueryKey","HKCU\Software\Classes","SUCCESS","Query: HandleTags, HandleTags: 0x1"
"10:34:46.0630677","雷小伊脱机日常 Beta 1.6.24.exe","1496","RegQueryKey","HKCU\Software\Classes","SUCCESS","Query: Name"
"10:34:46.0630738","雷小伊脱机日常 Beta 1.6.24.exe","1496","RegOpenKey","HKCU\Software\Classes\Folder","NAME NOT FOUND","Desired Access: Read"
"10:34:46.0630826","雷小伊脱机日常 Beta 1.6.24.exe","1496","RegOpenKey","HKCR\Folder","SUCCESS","Desired Access: Read"
"10:34:46.0630896","雷小伊脱机日常 Beta 1.6.24.exe","1496","RegSetInfoKey","HKCR\Folder","SUCCESS","KeySetInformationClass: KeySetHandleTagsInformation, Length: 0"
"10:34:46.0630951","雷小伊脱机日常 Beta 1.6.24.exe","1496","RegQueryKey","HKCR\Folder","SUCCESS","Query: Name"
"10:34:46.0631008","雷小伊脱机日常 Beta 1.6.24.exe","1496","RegQueryKey","HKCR\Folder","SUCCESS","Query: HandleTags, HandleTags: 0x401"
"10:34:46.0631083","雷小伊脱机日常 Beta 1.6.24.exe","1496","RegOpenKey","HKCU\Software\Classes\Folder\shell\explore","NAME NOT FOUND","Desired Access: Read"
"10:34:46.0631158","雷小伊脱机日常 Beta 1.6.24.exe","1496","RegQueryKey","HKCR\Folder","SUCCESS","Query: HandleTags, HandleTags: 0x401"
"10:34:46.0631208","雷小伊脱机日常 Beta 1.6.24.exe","1496","RegOpenKey","HKCR\Folder\shell\explore","SUCCESS","Desired Access: Read"
"10:34:46.0631410","雷小伊脱机日常 Beta 1.6.24.exe","1496","RegQueryKey","HKLM","SUCCESS","Query: HandleTags, HandleTags: 0x0"
"10:34:46.0631447","雷小伊脱机日常 Beta 1.6.24.exe","1496","RegQueryKey","HKLM","SUCCESS","Query: Name"
"10:34:46.0631516","雷小伊脱机日常 Beta 1.6.24.exe","1496","RegOpenKey","HKCR\WOW6432Node\CLSID\{1649D1CF-DEAF-4A68-ABE8-5C9F68572FD1}\InProcServer32","SUCCESS","Desired Access: Query Value"
"10:34:46.0631753","雷小伊脱机日常 Beta 1.6.24.exe","1496","RegSetInfoKey","HKCR\WOW6432Node\CLSID\{1649d1cf-deaf-4a68-abe8-5c9f68572fd1}\InProcServer32","SUCCESS","KeySetInformationClass: KeySetHandleTagsInformation, Length: 0"
"10:34:46.0631797","雷小伊脱机日常 Beta 1.6.24.exe","1496","RegQueryValue","HKCR\WOW6432Node\CLSID\{1649d1cf-deaf-4a68-abe8-5c9f68572fd1}\InProcServer32\(Default)","SUCCESS","Type: REG_EXPAND_SZ, Length: 84, Data: %SystemRoot%\system32\windows.storage.dll"
"10:34:46.0631870","雷小伊脱机日常 Beta 1.6.24.exe","1496","RegCloseKey","HKCR\WOW6432Node\CLSID\{1649d1cf-deaf-4a68-abe8-5c9f68572fd1}\InProcServer32","SUCCESS",""
"10:34:46.0632331","雷小伊脱机日常 Beta 1.6.24.exe","1496","RegQueryKey","HKCR\Folder\shell\explore","SUCCESS","Query: Name"
"10:34:46.0632384","雷小伊脱机日常 Beta 1.6.24.exe","1496","RegQueryKey","HKCR\Folder\shell\explore","SUCCESS","Query: HandleTags, HandleTags: 0x401"
"10:34:46.0632460","雷小伊脱机日常 Beta 1.6.24.exe","1496","RegOpenKey","HKCU\Software\Classes\Folder\shell\explore","NAME NOT FOUND","Desired Access: Read"
"10:34:46.0632542","雷小伊脱机日常 Beta 1.6.24.exe","1496","RegQueryKey","HKCR\Folder\shell\explore","SUCCESS","Query: HandleTags, HandleTags: 0x401"
"10:34:46.0632583","雷小伊脱机日常 Beta 1.6.24.exe","1496","RegOpenKey","HKCR\Folder\shell\explore","SUCCESS","Desired Access: Read"
"10:34:46.0632644","雷小伊脱机日常 Beta 1.6.24.exe","1496","RegQueryKey","HKCR\Folder\shell\explore","SUCCESS","Query: Name"
"10:34:46.0632692","雷小伊脱机日常 Beta 1.6.24.exe","1496","RegQueryKey","HKCR\Folder\shell\explore","SUCCESS","Query: HandleTags, HandleTags: 0x401"
"10:34:46.0632761","雷小伊脱机日常 Beta 1.6.24.exe","1496","RegOpenKey","HKCU\Software\Classes\Folder\shell\explore","NAME NOT FOUND","Desired Access: Read"
"10:34:46.0632831","雷小伊脱机日常 Beta 1.6.24.exe","1496","RegQueryKey","HKCR\Folder\shell\explore","SUCCESS","Query: HandleTags, HandleTags: 0x401"
"10:34:46.0632871","雷小伊脱机日常 Beta 1.6.24.exe","1496","RegOpenKey","HKCR\Folder\shell\explore","SUCCESS","Desired Access: Read"
"10:34:46.0632943","雷小伊脱机日常 Beta 1.6.24.exe","1496","RegCloseKey","HKCR\Folder\shell\explore","SUCCESS",""
"10:34:46.0633257","雷小伊脱机日常 Beta 1.6.24.exe","1496","ReadFile","C:\Windows\SysWOW64\windows.storage.dll","SUCCESS","Offset: 2,049,024, Length: 4,096, I/O Flags: Non-cached, Paging I/O, Synchronous Paging I/O, Priority: Normal"
"10:34:46.0635278","雷小伊脱机日常 Beta 1.6.24.exe","1496","RegQueryKey","HKLM","SUCCESS","Query: HandleTags, HandleTags: 0x0"
"10:34:46.0635318","雷小伊脱机日常 Beta 1.6.24.exe","1496","RegQueryKey","HKLM","SUCCESS","Query: Name"
"10:34:46.0635397","雷小伊脱机日常 Beta 1.6.24.exe","1496","RegOpenKey","HKLM\Software\WOW6432Node\Policies\Microsoft\Windows\Explorer","REPARSE","Desired Access: Query Value"
"10:34:46.0635461","雷小伊脱机日常 Beta 1.6.24.exe","1496","RegOpenKey","HKLM\SOFTWARE\Policies\Microsoft\Windows\Explorer","NAME NOT FOUND","Desired Access: Query Value"
"10:34:46.0635551","雷小伊脱机日常 Beta 1.6.24.exe","1496","RegQueryKey","HKCU","SUCCESS","Query: HandleTags, HandleTags: 0x0"
"10:34:46.0635586","雷小伊脱机日常 Beta 1.6.24.exe","1496","RegQueryKey","HKCU","SUCCESS","Query: Name"
"10:34:46.0635752","雷小伊脱机日常 Beta 1.6.24.exe","1496","RegOpenKey","HKCU\Software\Policies\Microsoft\Windows\Explorer","NAME NOT FOUND","Desired Access: Query Value"
"10:34:46.0636758","雷小伊脱机日常 Beta 1.6.24.exe","1496","CreateFile","C:\Users\1\Desktop\edputil.dll","NAME NOT FOUND","Desired Access: Read Attributes, Disposition: Open, Options: Open Reparse Point, Attributes: n/a, ShareMode: Read, Write, Delete, AllocationSize: n/a"
"10:34:46.0637491","雷小伊脱机日常 Beta 1.6.24.exe","1496","CreateFile","C:\Windows\SysWOW64\edputil.dll","SUCCESS","Desired Access: Read Attributes, Disposition: Open, Options: Open Reparse Point, Attributes: n/a, ShareMode: Read, Write, Delete, AllocationSize: n/a, OpenResult: Opened"
"10:34:46.0637915","雷小伊脱机日常 Beta 1.6.24.exe","1496","QueryBasicInformationFile","C:\Windows\SysWOW64\edputil.dll","SUCCESS","CreationTime: 2023/12/4 10:46:10, LastAccessTime: 2025/12/29 13:32:57, LastWriteTime: 2023/12/4 10:46:10, ChangeTime: 2025/12/23 11:48:10, FileAttributes: A"
"10:34:46.0637965","雷小伊脱机日常 Beta 1.6.24.exe","1496","CloseFile","C:\Windows\SysWOW64\edputil.dll","SUCCESS",""
"10:34:46.0638367","雷小伊脱机日常 Beta 1.6.24.exe","1496","CreateFile","C:\Windows\SysWOW64\edputil.dll","SUCCESS","Desired Access: Read Data/List Directory, Execute/Traverse, Synchronize, Disposition: Open, Options: Synchronous IO Non-Alert, Non-Directory File, Attributes: n/a, ShareMode: Read, Delete, AllocationSize: n/a, OpenResult: Opened"
"10:34:46.0638621","雷小伊脱机日常 Beta 1.6.24.exe","1496","CreateFileMapping","C:\Windows\SysWOW64\edputil.dll","FILE LOCKED WITH ONLY READERS","SyncType: SyncTypeCreateSection, PageProtection: PAGE_EXECUTE_READWRITE|PAGE_NOCACHE"
"10:34:46.0638686","雷小伊脱机日常 Beta 1.6.24.exe","1496","QueryStandardInformationFile","C:\Windows\SysWOW64\edputil.dll","SUCCESS","AllocationSize: 94,208, EndOfFile: 93,696, NumberOfLinks: 2, DeletePending: False, Directory: False"
"10:34:46.0638863","雷小伊脱机日常 Beta 1.6.24.exe","1496","ReadFile","C:\Windows\SysWOW64\edputil.dll","SUCCESS","Offset: 0, Length: 93,696, I/O Flags: Non-cached, Paging I/O, Synchronous Paging I/O, Priority: Normal"
"10:34:46.0644387","雷小伊脱机日常 Beta 1.6.24.exe","1496","CreateFileMapping","C:\Windows\SysWOW64\edputil.dll","SUCCESS","SyncType: SyncTypeOther"
"10:34:46.0645809","雷小伊脱机日常 Beta 1.6.24.exe","1496","Load Image","C:\Windows\SysWOW64\edputil.dll","SUCCESS","Image Base: 0x721d0000, Image Size: 0x1b000"
"10:34:46.0650819","雷小伊脱机日常 Beta 1.6.24.exe","1496","Thread Create","","SUCCESS","Thread ID: 9740"
"10:34:46.0651034","雷小伊脱机日常 Beta 1.6.24.exe","1496","CloseFile","C:\Windows\SysWOW64\edputil.dll","SUCCESS",""
"10:34:46.0653508","雷小伊脱机日常 Beta 1.6.24.exe","1496","CreateFile","C:\Windows\SysWOW64\edputil.dll","SUCCESS","Desired Access: Read Control, Disposition: Open, Options: , Attributes: n/a, ShareMode: Read, Delete, AllocationSize: n/a, OpenResult: Opened"
"10:34:46.0653715","雷小伊脱机日常 Beta 1.6.24.exe","1496","QuerySecurityFile","C:\Windows\SysWOW64\edputil.dll","BUFFER OVERFLOW","Information: Owner"
"10:34:46.0653770","雷小伊脱机日常 Beta 1.6.24.exe","1496","QuerySecurityFile","C:\Windows\SysWOW64\edputil.dll","SUCCESS","Information: Owner"
"10:34:46.0653821","雷小伊脱机日常 Beta 1.6.24.exe","1496","CloseFile","C:\Windows\SysWOW64\edputil.dll","SUCCESS",""
"10:34:46.0656339","雷小伊脱机日常 Beta 1.6.24.exe","1496","RegQueryKey","HKLM","SUCCESS","Query: HandleTags, HandleTags: 0x0"
"10:34:46.0656390","雷小伊脱机日常 Beta 1.6.24.exe","1496","RegQueryKey","HKLM","SUCCESS","Query: Name"
"10:34:46.0657235","雷小伊脱机日常 Beta 1.6.24.exe","1496","RegOpenKey","HKLM\Software\WOW6432Node\Policies\Microsoft\Windows\Explorer","REPARSE","Desired Access: Query Value"
"10:34:46.0657323","雷小伊脱机日常 Beta 1.6.24.exe","1496","RegOpenKey","HKLM\SOFTWARE\Policies\Microsoft\Windows\Explorer","NAME NOT FOUND","Desired Access: Query Value"
"10:34:46.0657438","雷小伊脱机日常 Beta 1.6.24.exe","1496","RegQueryKey","HKCU","SUCCESS","Query: HandleTags, HandleTags: 0x0"
"10:34:46.0657479","雷小伊脱机日常 Beta 1.6.24.exe","1496","RegQueryKey","HKCU","SUCCESS","Query: Name"
"10:34:46.0657553","雷小伊脱机日常 Beta 1.6.24.exe","1496","RegOpenKey","HKCU\Software\Policies\Microsoft\Windows\Explorer","NAME NOT FOUND","Desired Access: Query Value"
"10:34:46.0657665","雷小伊脱机日常 Beta 1.6.24.exe","1496","RegQueryKey","HKCR\Folder","SUCCESS","Query: Name"
"10:34:46.0657727","雷小伊脱机日常 Beta 1.6.24.exe","1496","RegQueryKey","HKCR\Folder","SUCCESS","Query: HandleTags, HandleTags: 0x401"
"10:34:46.0657812","雷小伊脱机日常 Beta 1.6.24.exe","1496","RegOpenKey","HKCU\Software\Classes\Folder\Progid","NAME NOT FOUND","Desired Access: Query Value"
"10:34:46.0657897","雷小伊脱机日常 Beta 1.6.24.exe","1496","RegQueryKey","HKCR\Folder","SUCCESS","Query: HandleTags, HandleTags: 0x401"
"10:34:46.0657939","雷小伊脱机日常 Beta 1.6.24.exe","1496","RegOpenKey","HKCR\Folder\Progid","NAME NOT FOUND","Desired Access: Query Value"
"10:34:46.0658106","雷小伊脱机日常 Beta 1.6.24.exe","1496","RegQueryKey","HKCU\Software\Classes","SUCCESS","Query: Name"
"10:34:46.0658161","雷小伊脱机日常 Beta 1.6.24.exe","1496","RegQueryKey","HKCU\Software\Classes","SUCCESS","Query: HandleTags, HandleTags: 0x1"
"10:34:46.0658214","雷小伊脱机日常 Beta 1.6.24.exe","1496","RegQueryKey","HKCU\Software\Classes","SUCCESS","Query: HandleTags, HandleTags: 0x1"
"10:34:46.0658251","雷小伊脱机日常 Beta 1.6.24.exe","1496","RegQueryKey","HKCU\Software\Classes","SUCCESS","Query: Name"
"10:34:46.0658322","雷小伊脱机日常 Beta 1.6.24.exe","1496","RegOpenKey","HKCU\Software\Classes\Folder","NAME NOT FOUND","Desired Access: Query Value"
"10:34:46.0658391","雷小伊脱机日常 Beta 1.6.24.exe","1496","RegOpenKey","HKCR\Folder","SUCCESS","Desired Access: Query Value"
"10:34:46.0658524","雷小伊脱机日常 Beta 1.6.24.exe","1496","RegSetInfoKey","HKCR\Folder","SUCCESS","KeySetInformationClass: KeySetHandleTagsInformation, Length: 0"
"10:34:46.0658585","雷小伊脱机日常 Beta 1.6.24.exe","1496","RegQueryKey","HKCR\Folder","SUCCESS","Query: Name"
"10:34:46.0658635","雷小伊脱机日常 Beta 1.6.24.exe","1496","RegQueryKey","HKCR\Folder","SUCCESS","Query: HandleTags, HandleTags: 0x401"
"10:34:46.0658698","雷小伊脱机日常 Beta 1.6.24.exe","1496","RegOpenKey","HKCU\Software\Classes\Folder","NAME NOT FOUND","Desired Access: Maximum Allowed"
"10:34:46.0658757","雷小伊脱机日常 Beta 1.6.24.exe","1496","RegQueryValue","HKCR\Folder\URL Protocol","NAME NOT FOUND","Length: 12"
"10:34:46.0658832","雷小伊脱机日常 Beta 1.6.24.exe","1496","RegCloseKey","HKCR\Folder","SUCCESS",""
"10:34:46.0659688","雷小伊脱机日常 Beta 1.6.24.exe","1496","CreateFile","C:\Users\1\Desktop","SUCCESS","Desired Access: Read Attributes, Disposition: Open, Options: Open Reparse Point, Attributes: n/a, ShareMode: Read, Write, Delete, AllocationSize: n/a, OpenResult: Opened"
"10:34:46.0659789","雷小伊脱机日常 Beta 1.6.24.exe","1496","QueryBasicInformationFile","C:\Users\1\Desktop","SUCCESS","CreationTime: 2025/12/22 14:50:41, LastAccessTime: 2025/12/31 10:34:46, LastWriteTime: 2025/12/31 10:34:28, ChangeTime: 2025/12/31 10:34:28, FileAttributes: RD"
"10:34:46.0659855","雷小伊脱机日常 Beta 1.6.24.exe","1496","CloseFile","C:\Users\1\Desktop","SUCCESS",""
"10:34:46.0660124","雷小伊脱机日常 Beta 1.6.24.exe","1496","RegQueryKey","HKCU","SUCCESS","Query: HandleTags, HandleTags: 0x0"
"10:34:46.0660201","雷小伊脱机日常 Beta 1.6.24.exe","1496","RegQueryKey","HKCU","SUCCESS","Query: Name"
"10:34:46.0660274","雷小伊脱机日常 Beta 1.6.24.exe","1496","RegOpenKey","HKCU\Software\Microsoft\Windows\CurrentVersion\Explorer\MountPoints2\CPC\Volume","SUCCESS","Desired Access: Read"
"10:34:46.0660354","雷小伊脱机日常 Beta 1.6.24.exe","1496","RegSetInfoKey","HKCU\SOFTWARE\Microsoft\Windows\CurrentVersion\Explorer\MountPoints2\CPC\Volume","SUCCESS","KeySetInformationClass: KeySetHandleTagsInformation, Length: 0"
"10:34:46.0660420","雷小伊脱机日常 Beta 1.6.24.exe","1496","RegQueryKey","HKCU\SOFTWARE\Microsoft\Windows\CurrentVersion\Explorer\MountPoints2\CPC\Volume","SUCCESS","Query: HandleTags, HandleTags: 0x400"
"10:34:46.0660463","雷小伊脱机日常 Beta 1.6.24.exe","1496","RegOpenKey","HKCU\SOFTWARE\Microsoft\Windows\CurrentVersion\Explorer\MountPoints2\CPC\Volume\{15c8ad86-cc2e-49e4-9700-5dc43b21d066}\","SUCCESS","Desired Access: Read"
"10:34:46.0660536","雷小伊脱机日常 Beta 1.6.24.exe","1496","RegCloseKey","HKCU\SOFTWARE\Microsoft\Windows\CurrentVersion\Explorer\MountPoints2\CPC\Volume","SUCCESS",""
"10:34:46.0660588","雷小伊脱机日常 Beta 1.6.24.exe","1496","RegQueryValue","HKCU\SOFTWARE\Microsoft\Windows\CurrentVersion\Explorer\MountPoints2\CPC\Volume\{15c8ad86-cc2e-49e4-9700-5dc43b21d066}\Generation","SUCCESS","Type: REG_DWORD, Length: 4, Data: 1"
"10:34:46.0660649","雷小伊脱机日常 Beta 1.6.24.exe","1496","RegCloseKey","HKCU\SOFTWARE\Microsoft\Windows\CurrentVersion\Explorer\MountPoints2\CPC\Volume\{15c8ad86-cc2e-49e4-9700-5dc43b21d066}","SUCCESS",""
"10:34:46.0660834","雷小伊脱机日常 Beta 1.6.24.exe","1496","CreateFile","C:\","SUCCESS","Desired Access: Read Data/List Directory, Read Attributes, Synchronize, Disposition: Open, Options: Synchronous IO Non-Alert, Attributes: n/a, ShareMode: Read, Write, Delete, AllocationSize: n/a, OpenResult: Opened"
"10:34:46.0660962","雷小伊脱机日常 Beta 1.6.24.exe","1496","QueryRemoteProtocolInformation","C:\","INVALID PARAMETER",""
"10:34:46.0661088","雷小伊脱机日常 Beta 1.6.24.exe","1496","QueryDirectory","C:\Users","SUCCESS","FileInformationClass: FileIdBothDirectoryInformation, Filter: Users, 2: Users"
"10:34:46.0661236","雷小伊脱机日常 Beta 1.6.24.exe","1496","CloseFile","C:\","SUCCESS",""
"10:34:46.0661421","雷小伊脱机日常 Beta 1.6.24.exe","1496","RegQueryKey","HKLM","SUCCESS","Query: HandleTags, HandleTags: 0x0"
"10:34:46.0661459","雷小伊脱机日常 Beta 1.6.24.exe","1496","RegQueryKey","HKLM","SUCCESS","Query: Name"
"10:34:46.0661541","雷小伊脱机日常 Beta 1.6.24.exe","1496","RegOpenKey","HKCR\WOW6432Node\CLSID\{75847177-F077-4171-BD2C-A6BB2164FBD0}\InProcServer32","SUCCESS","Desired Access: Query Value"
"10:34:46.0661621","雷小伊脱机日常 Beta 1.6.24.exe","1496","RegSetInfoKey","HKCR\WOW6432Node\CLSID\{75847177-f077-4171-bd2c-a6bb2164fbd0}\InProcServer32","SUCCESS","KeySetInformationClass: KeySetHandleTagsInformation, Length: 0"
"10:34:46.0661668","雷小伊脱机日常 Beta 1.6.24.exe","1496","RegQueryValue","HKCR\WOW6432Node\CLSID\{75847177-f077-4171-bd2c-a6bb2164fbd0}\InProcServer32\(Default)","SUCCESS","Type: REG_EXPAND_SZ, Length: 84, Data: %SystemRoot%\system32\windows.storage.dll"
"10:34:46.0661740","雷小伊脱机日常 Beta 1.6.24.exe","1496","RegCloseKey","HKCR\WOW6432Node\CLSID\{75847177-f077-4171-bd2c-a6bb2164fbd0}\InProcServer32","SUCCESS",""
"10:34:46.0661963","雷小伊脱机日常 Beta 1.6.24.exe","1496","RegQueryKey","HKLM","SUCCESS","Query: HandleTags, HandleTags: 0x0"
"10:34:46.0662000","雷小伊脱机日常 Beta 1.6.24.exe","1496","RegQueryKey","HKLM","SUCCESS","Query: Name"
"10:34:46.0662069","雷小伊脱机日常 Beta 1.6.24.exe","1496","RegOpenKey","HKCR\WOW6432Node\CLSID\{75847177-F077-4171-BD2C-A6BB2164FBD0}\InProcServer32","SUCCESS","Desired Access: Query Value"
"10:34:46.0662129","雷小伊脱机日常 Beta 1.6.24.exe","1496","RegSetInfoKey","HKCR\WOW6432Node\CLSID\{75847177-f077-4171-bd2c-a6bb2164fbd0}\InProcServer32","SUCCESS","KeySetInformationClass: KeySetHandleTagsInformation, Length: 0"
"10:34:46.0662172","雷小伊脱机日常 Beta 1.6.24.exe","1496","RegQueryValue","HKCR\WOW6432Node\CLSID\{75847177-f077-4171-bd2c-a6bb2164fbd0}\InProcServer32\(Default)","SUCCESS","Type: REG_EXPAND_SZ, Length: 84, Data: %SystemRoot%\system32\windows.storage.dll"
"10:34:46.0662233","雷小伊脱机日常 Beta 1.6.24.exe","1496","RegCloseKey","HKCR\WOW6432Node\CLSID\{75847177-f077-4171-bd2c-a6bb2164fbd0}\InProcServer32","SUCCESS",""
"10:34:46.0662738","雷小伊脱机日常 Beta 1.6.24.exe","1496","CreateFile","C:\Users","SUCCESS","Desired Access: Read Data/List Directory, Read Attributes, Synchronize, Disposition: Open, Options: Synchronous IO Non-Alert, Attributes: n/a, ShareMode: Read, Write, Delete, AllocationSize: n/a, OpenResult: Opened"
"10:34:46.0662862","雷小伊脱机日常 Beta 1.6.24.exe","1496","QueryRemoteProtocolInformation","C:\Users","INVALID PARAMETER",""
"10:34:46.0662969","雷小伊脱机日常 Beta 1.6.24.exe","1496","QueryDirectory","C:\Users\1","SUCCESS","FileInformationClass: FileIdBothDirectoryInformation, Filter: 1, 2: 1"
"10:34:46.0663080","雷小伊脱机日常 Beta 1.6.24.exe","1496","CloseFile","C:\Users","SUCCESS",""
"10:34:46.0663241","雷小伊脱机日常 Beta 1.6.24.exe","1496","RegQueryKey","HKLM","SUCCESS","Query: HandleTags, HandleTags: 0x0"
"10:34:46.0663279","雷小伊脱机日常 Beta 1.6.24.exe","1496","RegQueryKey","HKLM","SUCCESS","Query: Name"
"10:34:46.0663359","雷小伊脱机日常 Beta 1.6.24.exe","1496","RegOpenKey","HKCR\WOW6432Node\CLSID\{75847177-F077-4171-BD2C-A6BB2164FBD0}\InProcServer32","SUCCESS","Desired Access: Query Value"
"10:34:46.0663445","雷小伊脱机日常 Beta 1.6.24.exe","1496","RegSetInfoKey","HKCR\WOW6432Node\CLSID\{75847177-f077-4171-bd2c-a6bb2164fbd0}\InProcServer32","SUCCESS","KeySetInformationClass: KeySetHandleTagsInformation, Length: 0"
"10:34:46.0663506","雷小伊脱机日常 Beta 1.6.24.exe","1496","RegQueryValue","HKCR\WOW6432Node\CLSID\{75847177-f077-4171-bd2c-a6bb2164fbd0}\InProcServer32\(Default)","SUCCESS","Type: REG_EXPAND_SZ, Length: 84, Data: %SystemRoot%\system32\windows.storage.dll"
"10:34:46.0663575","雷小伊脱机日常 Beta 1.6.24.exe","1496","RegCloseKey","HKCR\WOW6432Node\CLSID\{75847177-f077-4171-bd2c-a6bb2164fbd0}\InProcServer32","SUCCESS",""
"10:34:46.0664071","雷小伊脱机日常 Beta 1.6.24.exe","1496","CreateFile","C:\Users\1","SUCCESS","Desired Access: Read Data/List Directory, Read Attributes, Synchronize, Disposition: Open, Options: Synchronous IO Non-Alert, Attributes: n/a, ShareMode: Read, Write, Delete, AllocationSize: n/a, OpenResult: Opened"
"10:34:46.0664292","雷小伊脱机日常 Beta 1.6.24.exe","1496","QueryRemoteProtocolInformation","C:\Users\1","INVALID PARAMETER",""
"10:34:46.0664411","雷小伊脱机日常 Beta 1.6.24.exe","1496","QueryDirectory","C:\Users\1\Desktop","SUCCESS","FileInformationClass: FileIdBothDirectoryInformation, Filter: Desktop, 2: Desktop"
"10:34:46.0664542","雷小伊脱机日常 Beta 1.6.24.exe","1496","CloseFile","C:\Users\1","SUCCESS",""
"10:34:46.0664727","雷小伊脱机日常 Beta 1.6.24.exe","1496","RegQueryKey","HKLM","SUCCESS","Query: HandleTags, HandleTags: 0x0"
"10:34:46.0664782","雷小伊脱机日常 Beta 1.6.24.exe","1496","RegQueryKey","HKLM","SUCCESS","Query: Name"
"10:34:46.0665011","雷小伊脱机日常 Beta 1.6.24.exe","1496","RegOpenKey","HKCR\WOW6432Node\CLSID\{75847177-F077-4171-BD2C-A6BB2164FBD0}\InProcServer32","SUCCESS","Desired Access: Query Value"
"10:34:46.0665091","雷小伊脱机日常 Beta 1.6.24.exe","1496","RegSetInfoKey","HKCR\WOW6432Node\CLSID\{75847177-f077-4171-bd2c-a6bb2164fbd0}\InProcServer32","SUCCESS","KeySetInformationClass: KeySetHandleTagsInformation, Length: 0"
"10:34:46.0665257","雷小伊脱机日常 Beta 1.6.24.exe","1496","RegQueryValue","HKCR\WOW6432Node\CLSID\{75847177-f077-4171-bd2c-a6bb2164fbd0}\InProcServer32\(Default)","SUCCESS","Type: REG_EXPAND_SZ, Length: 84, Data: %SystemRoot%\system32\windows.storage.dll"
"10:34:46.0665332","雷小伊脱机日常 Beta 1.6.24.exe","1496","RegCloseKey","HKCR\WOW6432Node\CLSID\{75847177-f077-4171-bd2c-a6bb2164fbd0}\InProcServer32","SUCCESS",""
"10:34:46.0665545","雷小伊脱机日常 Beta 1.6.24.exe","1496","RegQueryKey","HKLM","SUCCESS","Query: HandleTags, HandleTags: 0x0"
"10:34:46.0665584","雷小伊脱机日常 Beta 1.6.24.exe","1496","RegQueryKey","HKLM","SUCCESS","Query: Name"
"10:34:46.0665659","雷小伊脱机日常 Beta 1.6.24.exe","1496","RegOpenKey","HKCR\WOW6432Node\CLSID\{75847177-F077-4171-BD2C-A6BB2164FBD0}\InProcServer32","SUCCESS","Desired Access: Query Value"
"10:34:46.0665726","雷小伊脱机日常 Beta 1.6.24.exe","1496","RegSetInfoKey","HKCR\WOW6432Node\CLSID\{75847177-f077-4171-bd2c-a6bb2164fbd0}\InProcServer32","SUCCESS","KeySetInformationClass: KeySetHandleTagsInformation, Length: 0"
"10:34:46.0665771","雷小伊脱机日常 Beta 1.6.24.exe","1496","RegQueryValue","HKCR\WOW6432Node\CLSID\{75847177-f077-4171-bd2c-a6bb2164fbd0}\InProcServer32\(Default)","SUCCESS","Type: REG_EXPAND_SZ, Length: 84, Data: %SystemRoot%\system32\windows.storage.dll"
"10:34:46.0665884","雷小伊脱机日常 Beta 1.6.24.exe","1496","RegCloseKey","HKCR\WOW6432Node\CLSID\{75847177-f077-4171-bd2c-a6bb2164fbd0}\InProcServer32","SUCCESS",""
"10:34:46.0666306","雷小伊脱机日常 Beta 1.6.24.exe","1496","RegQueryKey","HKCR","SUCCESS","Query: HandleTags, HandleTags: 0x1"
"10:34:46.0666347","雷小伊脱机日常 Beta 1.6.24.exe","1496","RegQueryKey","HKCR","SUCCESS","Query: Name"
"10:34:46.0666427","雷小伊脱机日常 Beta 1.6.24.exe","1496","RegOpenKey","HKCR\WOW6432Node\CLSID\{00000323-0000-0000-C000-000000000046}","NAME NOT FOUND","Desired Access: Read"
"10:34:46.0666544","雷小伊脱机日常 Beta 1.6.24.exe","1496","RegQueryKey","HKCR","SUCCESS","Query: HandleTags, HandleTags: 0x1"
"10:34:46.0666592","雷小伊脱机日常 Beta 1.6.24.exe","1496","RegOpenKey","HKCR\CLSID\{00000323-0000-0000-C000-000000000046}","NAME NOT FOUND","Desired Access: Read"
"10:34:46.0667164","雷小伊脱机日常 Beta 1.6.24.exe","1496","RegQueryKey","HKCR\PackagedCom","SUCCESS","Query: HandleTags, HandleTags: 0x100"
"10:34:46.0667210","雷小伊脱机日常 Beta 1.6.24.exe","1496","RegOpenKey","HKCR\PackagedCom\TreatAsClassIndex","NAME NOT FOUND","Desired Access: Read"
"10:34:46.0667336","雷小伊脱机日常 Beta 1.6.24.exe","1496","RegQueryKey","HKCR\PackagedCom\ClassIndex","SUCCESS","Query: HandleTags, HandleTags: 0x100"
"10:34:46.0667378","雷小伊脱机日常 Beta 1.6.24.exe","1496","RegOpenKey","HKCR\PackagedCom\ClassIndex\{00000323-0000-0000-C000-000000000046}","NAME NOT FOUND","Desired Access: Read"
"10:34:46.0678382","雷小伊脱机日常 Beta 1.6.24.exe","1496","RegQueryKey","HKCU\Software\Classes","SUCCESS","Query: Name"
"10:34:46.0678466","雷小伊脱机日常 Beta 1.6.24.exe","1496","RegQueryKey","HKCU\Software\Classes","SUCCESS","Query: HandleTags, HandleTags: 0x1"
"10:34:46.0678527","雷小伊脱机日常 Beta 1.6.24.exe","1496","RegQueryKey","HKCU\Software\Classes","SUCCESS","Query: HandleTags, HandleTags: 0x1"
"10:34:46.0678585","雷小伊脱机日常 Beta 1.6.24.exe","1496","RegQueryKey","HKCU\Software\Classes","SUCCESS","Query: Name"
"10:34:46.0678785","雷小伊脱机日常 Beta 1.6.24.exe","1496","RegOpenKey","HKCU\Software\Classes\Directory","SUCCESS","Desired Access: Read"
"10:34:46.0678859","雷小伊脱机日常 Beta 1.6.24.exe","1496","RegSetInfoKey","HKCU\Software\Classes\Directory","SUCCESS","KeySetInformationClass: KeySetHandleTagsInformation, Length: 0"
"10:34:46.0678928","雷小伊脱机日常 Beta 1.6.24.exe","1496","RegQueryKey","HKCU\Software\Classes\Directory","SUCCESS","Query: Name"
"10:34:46.0678989","雷小伊脱机日常 Beta 1.6.24.exe","1496","RegQueryKey","HKCU\Software\Classes\Directory","SUCCESS","Query: HandleTags, HandleTags: 0x401"
"10:34:46.0679043","雷小伊脱机日常 Beta 1.6.24.exe","1496","RegQueryKey","HKCU\Software\Classes\Directory","SUCCESS","Query: HandleTags, HandleTags: 0x401"
"10:34:46.0679087","雷小伊脱机日常 Beta 1.6.24.exe","1496","RegOpenKey","HKCU\Software\Classes\Directory\ShellEx\PropertyHandler","NAME NOT FOUND","Desired Access: Query Value"
"10:34:46.0679183","雷小伊脱机日常 Beta 1.6.24.exe","1496","RegOpenKey","HKCR\Directory\ShellEx\PropertyHandler","NAME NOT FOUND","Desired Access: Query Value"
"10:34:46.0679287","雷小伊脱机日常 Beta 1.6.24.exe","1496","RegQueryKey","HKCU\Software\Classes","SUCCESS","Query: Name"
"10:34:46.0679338","雷小伊脱机日常 Beta 1.6.24.exe","1496","RegQueryKey","HKCU\Software\Classes","SUCCESS","Query: HandleTags, HandleTags: 0x1"
"10:34:46.0679456","雷小伊脱机日常 Beta 1.6.24.exe","1496","RegQueryKey","HKCU\Software\Classes","SUCCESS","Query: HandleTags, HandleTags: 0x1"
"10:34:46.0679507","雷小伊脱机日常 Beta 1.6.24.exe","1496","RegQueryKey","HKCU\Software\Classes","SUCCESS","Query: Name"
"10:34:46.0679571","雷小伊脱机日常 Beta 1.6.24.exe","1496","RegOpenKey","HKCU\Software\Classes\Folder","NAME NOT FOUND","Desired Access: Read"
"10:34:46.0679645","雷小伊脱机日常 Beta 1.6.24.exe","1496","RegOpenKey","HKCR\Folder","SUCCESS","Desired Access: Read"
"10:34:46.0679702","雷小伊脱机日常 Beta 1.6.24.exe","1496","RegSetInfoKey","HKCR\Folder","SUCCESS","KeySetInformationClass: KeySetHandleTagsInformation, Length: 0"
"10:34:46.0679755","雷小伊脱机日常 Beta 1.6.24.exe","1496","RegQueryKey","HKCR\Folder","SUCCESS","Query: Name"
"10:34:46.0679809","雷小伊脱机日常 Beta 1.6.24.exe","1496","RegQueryKey","HKCR\Folder","SUCCESS","Query: HandleTags, HandleTags: 0x401"
"10:34:46.0679885","雷小伊脱机日常 Beta 1.6.24.exe","1496","RegOpenKey","HKCU\Software\Classes\Folder\ShellEx\PropertyHandler","NAME NOT FOUND","Desired Access: Query Value"
"10:34:46.0679957","雷小伊脱机日常 Beta 1.6.24.exe","1496","RegQueryKey","HKCR\Folder","SUCCESS","Query: HandleTags, HandleTags: 0x401"
"10:34:46.0679996","雷小伊脱机日常 Beta 1.6.24.exe","1496","RegOpenKey","HKCR\Folder\ShellEx\PropertyHandler","NAME NOT FOUND","Desired Access: Query Value"
"10:34:46.0680066","雷小伊脱机日常 Beta 1.6.24.exe","1496","RegQueryKey","HKCU\Software\Classes","SUCCESS","Query: Name"
"10:34:46.0680115","雷小伊脱机日常 Beta 1.6.24.exe","1496","RegQueryKey","HKCU\Software\Classes","SUCCESS","Query: HandleTags, HandleTags: 0x1"
"10:34:46.0680168","雷小伊脱机日常 Beta 1.6.24.exe","1496","RegQueryKey","HKCU\Software\Classes","SUCCESS","Query: HandleTags, HandleTags: 0x1"
"10:34:46.0680206","雷小伊脱机日常 Beta 1.6.24.exe","1496","RegQueryKey","HKCU\Software\Classes","SUCCESS","Query: Name"
"10:34:46.0680264","雷小伊脱机日常 Beta 1.6.24.exe","1496","RegOpenKey","HKCU\Software\Classes\AllFilesystemObjects","NAME NOT FOUND","Desired Access: Read"
"10:34:46.0680338","雷小伊脱机日常 Beta 1.6.24.exe","1496","RegOpenKey","HKCR\AllFilesystemObjects","SUCCESS","Desired Access: Read"
"10:34:46.0680406","雷小伊脱机日常 Beta 1.6.24.exe","1496","RegSetInfoKey","HKCR\AllFilesystemObjects","SUCCESS","KeySetInformationClass: KeySetHandleTagsInformation, Length: 0"
"10:34:46.0680463","雷小伊脱机日常 Beta 1.6.24.exe","1496","RegQueryKey","HKCR\AllFilesystemObjects","SUCCESS","Query: Name"
"10:34:46.0680674","雷小伊脱机日常 Beta 1.6.24.exe","1496","RegQueryKey","HKCR\AllFilesystemObjects","SUCCESS","Query: HandleTags, HandleTags: 0x401"
"10:34:46.0680754","雷小伊脱机日常 Beta 1.6.24.exe","1496","RegOpenKey","HKCU\Software\Classes\AllFilesystemObjects\ShellEx\PropertyHandler","NAME NOT FOUND","Desired Access: Query Value"
"10:34:46.0680829","雷小伊脱机日常 Beta 1.6.24.exe","1496","RegQueryKey","HKCR\AllFilesystemObjects","SUCCESS","Query: HandleTags, HandleTags: 0x401"
"10:34:46.0680870","雷小伊脱机日常 Beta 1.6.24.exe","1496","RegOpenKey","HKCR\AllFilesystemObjects\ShellEx\PropertyHandler","NAME NOT FOUND","Desired Access: Query Value"
"10:34:46.0680966","雷小伊脱机日常 Beta 1.6.24.exe","1496","RegCloseKey","HKCU\Software\Classes\Directory","SUCCESS",""
"10:34:46.0681023","雷小伊脱机日常 Beta 1.6.24.exe","1496","RegCloseKey","HKCR\Folder","SUCCESS",""
"10:34:46.0681075","雷小伊脱机日常 Beta 1.6.24.exe","1496","RegCloseKey","HKCR\AllFilesystemObjects","SUCCESS",""
"10:34:46.0681271","雷小伊脱机日常 Beta 1.6.24.exe","1496","RegQueryKey","HKLM","SUCCESS","Query: HandleTags, HandleTags: 0x0"
"10:34:46.0681320","雷小伊脱机日常 Beta 1.6.24.exe","1496","RegOpenKey","HKLM\Software\Microsoft\Windows\CurrentVersion\Explorer\SyncRootManager","SUCCESS","Desired Access: Read"
"10:34:46.0681410","雷小伊脱机日常 Beta 1.6.24.exe","1496","RegSetInfoKey","HKLM\SOFTWARE\Microsoft\Windows\CurrentVersion\Explorer\SyncRootManager","SUCCESS","KeySetInformationClass: KeySetHandleTagsInformation, Length: 0"
"10:34:46.0681456","雷小伊脱机日常 Beta 1.6.24.exe","1496","RegQueryKey","HKLM\SOFTWARE\Microsoft\Windows\CurrentVersion\Explorer\SyncRootManager","SUCCESS","Query: Cached, SubKeys: 0, Values: 0"
"10:34:46.0681510","雷小伊脱机日常 Beta 1.6.24.exe","1496","RegCloseKey","HKLM\SOFTWARE\Microsoft\Windows\CurrentVersion\Explorer\SyncRootManager","SUCCESS",""
"10:34:46.0685838","雷小伊脱机日常 Beta 1.6.24.exe","1496","RegQueryKey","HKCR","SUCCESS","Query: HandleTags, HandleTags: 0x1"
"10:34:46.0685885","雷小伊脱机日常 Beta 1.6.24.exe","1496","RegQueryKey","HKCR","SUCCESS","Query: Name"
"10:34:46.0685979","雷小伊脱机日常 Beta 1.6.24.exe","1496","RegOpenKey","HKCR\WOW6432Node\CLSID\{76765B11-3F95-4AF2-AC9D-EA55D8994F1A}","SUCCESS","Desired Access: Read"
"10:34:46.0686127","雷小伊脱机日常 Beta 1.6.24.exe","1496","RegSetInfoKey","HKCR\WOW6432Node\CLSID\{76765b11-3f95-4af2-ac9d-ea55d8994f1a}","SUCCESS","KeySetInformationClass: KeySetHandleTagsInformation, Length: 0"
"10:34:46.0686190","雷小伊脱机日常 Beta 1.6.24.exe","1496","RegQueryKey","HKCR\WOW6432Node\CLSID\{76765b11-3f95-4af2-ac9d-ea55d8994f1a}","SUCCESS","Query: HandleTags, HandleTags: 0x401"
"10:34:46.0686238","雷小伊脱机日常 Beta 1.6.24.exe","1496","RegOpenKey","HKCR\WOW6432Node\CLSID\{76765b11-3f95-4af2-ac9d-ea55d8994f1a}\TreatAs","NAME NOT FOUND","Desired Access: Query Value"
"10:34:46.0686316","雷小伊脱机日常 Beta 1.6.24.exe","1496","RegQueryKey","HKCR\WOW6432Node\CLSID\{76765b11-3f95-4af2-ac9d-ea55d8994f1a}","SUCCESS","Query: Name"
"10:34:46.0686398","雷小伊脱机日常 Beta 1.6.24.exe","1496","RegQueryValue","HKCR\WOW6432Node\CLSID\{76765b11-3f95-4af2-ac9d-ea55d8994f1a}\ActivateOnHostFlags","NAME NOT FOUND","Length: 16"
"10:34:46.0686468","雷小伊脱机日常 Beta 1.6.24.exe","1496","RegQueryValue","HKCR\WOW6432Node\CLSID\{76765b11-3f95-4af2-ac9d-ea55d8994f1a}\(Default)","BUFFER OVERFLOW","Length: 12"
"10:34:46.0686518","雷小伊脱机日常 Beta 1.6.24.exe","1496","RegQueryValue","HKCR\WOW6432Node\CLSID\{76765b11-3f95-4af2-ac9d-ea55d8994f1a}\(Default)","SUCCESS","Type: REG_SZ, Length: 70, Data: Property System Both Class Factory"
"10:34:46.0686839","雷小伊脱机日常 Beta 1.6.24.exe","1496","RegQueryKey","HKCR\WOW6432Node\CLSID\{76765b11-3f95-4af2-ac9d-ea55d8994f1a}","SUCCESS","Query: HandleTags, HandleTags: 0x401"
"10:34:46.0686889","雷小伊脱机日常 Beta 1.6.24.exe","1496","RegOpenKey","HKCR\WOW6432Node\CLSID\{76765b11-3f95-4af2-ac9d-ea55d8994f1a}\InprocServer32","SUCCESS","Desired Access: Read"
"10:34:46.0686987","雷小伊脱机日常 Beta 1.6.24.exe","1496","RegQueryValue","HKCR\WOW6432Node\CLSID\{76765b11-3f95-4af2-ac9d-ea55d8994f1a}\InProcServer32\InprocServer32","NAME NOT FOUND","Length: 12"
"10:34:46.0687036","雷小伊脱机日常 Beta 1.6.24.exe","1496","RegQueryValue","HKCR\WOW6432Node\CLSID\{76765b11-3f95-4af2-ac9d-ea55d8994f1a}\InProcServer32\(Default)","BUFFER OVERFLOW","Length: 12"
"10:34:46.0687081","雷小伊脱机日常 Beta 1.6.24.exe","1496","RegQueryValue","HKCR\WOW6432Node\CLSID\{76765b11-3f95-4af2-ac9d-ea55d8994f1a}\InProcServer32\(Default)","SUCCESS","Type: REG_EXPAND_SZ, Length: 68, Data: %SystemRoot%\system32\propsys.dll"
"10:34:46.0687146","雷小伊脱机日常 Beta 1.6.24.exe","1496","RegQueryValue","HKCR\WOW6432Node\CLSID\{76765b11-3f95-4af2-ac9d-ea55d8994f1a}\InProcServer32\(Default)","SUCCESS","Type: REG_EXPAND_SZ, Length: 68, Data: %SystemRoot%\system32\propsys.dll"
"10:34:46.0687200","雷小伊脱机日常 Beta 1.6.24.exe","1496","RegQueryValue","HKCR\WOW6432Node\CLSID\{76765b11-3f95-4af2-ac9d-ea55d8994f1a}\InProcServer32\ThreadingModel","SUCCESS","Type: REG_SZ, Length: 10, Data: Both"
"10:34:46.0687271","雷小伊脱机日常 Beta 1.6.24.exe","1496","RegCloseKey","HKCR\WOW6432Node\CLSID\{76765b11-3f95-4af2-ac9d-ea55d8994f1a}\InProcServer32","SUCCESS",""
"10:34:46.0687458","雷小伊脱机日常 Beta 1.6.24.exe","1496","RegQueryKey","HKCR\WOW6432Node\CLSID\{76765b11-3f95-4af2-ac9d-ea55d8994f1a}","SUCCESS","Query: HandleTags, HandleTags: 0x401"
"10:34:46.0687503","雷小伊脱机日常 Beta 1.6.24.exe","1496","RegOpenKey","HKCR\WOW6432Node\CLSID\{76765b11-3f95-4af2-ac9d-ea55d8994f1a}\InprocHandler32","NAME NOT FOUND","Desired Access: Query Value"
"10:34:46.0687587","雷小伊脱机日常 Beta 1.6.24.exe","1496","RegQueryKey","HKCR\WOW6432Node\CLSID\{76765b11-3f95-4af2-ac9d-ea55d8994f1a}","SUCCESS","Query: HandleTags, HandleTags: 0x401"
"10:34:46.0687681","雷小伊脱机日常 Beta 1.6.24.exe","1496","RegOpenKey","HKCR\WOW6432Node\CLSID\{76765b11-3f95-4af2-ac9d-ea55d8994f1a}\InprocHandler","NAME NOT FOUND","Desired Access: Query Value"
"10:34:46.0687802","雷小伊脱机日常 Beta 1.6.24.exe","1496","RegCloseKey","HKCR\WOW6432Node\CLSID\{76765b11-3f95-4af2-ac9d-ea55d8994f1a}","SUCCESS",""
"10:34:46.0688023","雷小伊脱机日常 Beta 1.6.24.exe","1496","RegQueryKey","HKCR","SUCCESS","Query: HandleTags, HandleTags: 0x1"
"10:34:46.0688063","雷小伊脱机日常 Beta 1.6.24.exe","1496","RegQueryKey","HKCR","SUCCESS","Query: Name"
"10:34:46.0688145","雷小伊脱机日常 Beta 1.6.24.exe","1496","RegOpenKey","HKCR\WOW6432Node\CLSID\{76765B11-3F95-4AF2-AC9D-EA55D8994F1A}","SUCCESS","Desired Access: Read"
"10:34:46.0688213","雷小伊脱机日常 Beta 1.6.24.exe","1496","RegSetInfoKey","HKCR\WOW6432Node\CLSID\{76765b11-3f95-4af2-ac9d-ea55d8994f1a}","SUCCESS","KeySetInformationClass: KeySetHandleTagsInformation, Length: 0"
"10:34:46.0688275","雷小伊脱机日常 Beta 1.6.24.exe","1496","RegQueryKey","HKCR\WOW6432Node\CLSID\{76765b11-3f95-4af2-ac9d-ea55d8994f1a}","SUCCESS","Query: HandleTags, HandleTags: 0x401"
"10:34:46.0688316","雷小伊脱机日常 Beta 1.6.24.exe","1496","RegOpenKey","HKCR\WOW6432Node\CLSID\{76765b11-3f95-4af2-ac9d-ea55d8994f1a}\TreatAs","NAME NOT FOUND","Desired Access: Query Value"
"10:34:46.0688366","雷小伊脱机日常 Beta 1.6.24.exe","1496","RegQueryKey","HKCR\WOW6432Node\CLSID\{76765b11-3f95-4af2-ac9d-ea55d8994f1a}","SUCCESS","Query: Name"
"10:34:46.0688450","雷小伊脱机日常 Beta 1.6.24.exe","1496","RegQueryValue","HKCR\WOW6432Node\CLSID\{76765b11-3f95-4af2-ac9d-ea55d8994f1a}\ActivateOnHostFlags","NAME NOT FOUND","Length: 16"
"10:34:46.0688502","雷小伊脱机日常 Beta 1.6.24.exe","1496","RegQueryValue","HKCR\WOW6432Node\CLSID\{76765b11-3f95-4af2-ac9d-ea55d8994f1a}\(Default)","BUFFER OVERFLOW","Length: 12"
"10:34:46.0688551","雷小伊脱机日常 Beta 1.6.24.exe","1496","RegQueryValue","HKCR\WOW6432Node\CLSID\{76765b11-3f95-4af2-ac9d-ea55d8994f1a}\(Default)","SUCCESS","Type: REG_SZ, Length: 70, Data: Property System Both Class Factory"
"10:34:46.0688624","雷小伊脱机日常 Beta 1.6.24.exe","1496","RegQueryKey","HKCR\WOW6432Node\CLSID\{76765b11-3f95-4af2-ac9d-ea55d8994f1a}","SUCCESS","Query: HandleTags, HandleTags: 0x401"
"10:34:46.0688688","雷小伊脱机日常 Beta 1.6.24.exe","1496","RegOpenKey","HKCR\WOW6432Node\CLSID\{76765b11-3f95-4af2-ac9d-ea55d8994f1a}\InprocServer32","SUCCESS","Desired Access: Read"
"10:34:46.0688804","雷小伊脱机日常 Beta 1.6.24.exe","1496","RegQueryValue","HKCR\WOW6432Node\CLSID\{76765b11-3f95-4af2-ac9d-ea55d8994f1a}\InProcServer32\InprocServer32","NAME NOT FOUND","Length: 12"
"10:34:46.0688864","雷小伊脱机日常 Beta 1.6.24.exe","1496","RegQueryValue","HKCR\WOW6432Node\CLSID\{76765b11-3f95-4af2-ac9d-ea55d8994f1a}\InProcServer32\(Default)","BUFFER OVERFLOW","Length: 12"
"10:34:46.0688909","雷小伊脱机日常 Beta 1.6.24.exe","1496","RegQueryValue","HKCR\WOW6432Node\CLSID\{76765b11-3f95-4af2-ac9d-ea55d8994f1a}\InProcServer32\(Default)","SUCCESS","Type: REG_EXPAND_SZ, Length: 68, Data: %SystemRoot%\system32\propsys.dll"
"10:34:46.0688960","雷小伊脱机日常 Beta 1.6.24.exe","1496","RegQueryValue","HKCR\WOW6432Node\CLSID\{76765b11-3f95-4af2-ac9d-ea55d8994f1a}\InProcServer32\(Default)","SUCCESS","Type: REG_EXPAND_SZ, Length: 68, Data: %SystemRoot%\system32\propsys.dll"
"10:34:46.0689011","雷小伊脱机日常 Beta 1.6.24.exe","1496","RegQueryValue","HKCR\WOW6432Node\CLSID\{76765b11-3f95-4af2-ac9d-ea55d8994f1a}\InProcServer32\ThreadingModel","SUCCESS","Type: REG_SZ, Length: 10, Data: Both"
"10:34:46.0689066","雷小伊脱机日常 Beta 1.6.24.exe","1496","RegCloseKey","HKCR\WOW6432Node\CLSID\{76765b11-3f95-4af2-ac9d-ea55d8994f1a}\InProcServer32","SUCCESS",""
"10:34:46.0689126","雷小伊脱机日常 Beta 1.6.24.exe","1496","RegQueryKey","HKCR\WOW6432Node\CLSID\{76765b11-3f95-4af2-ac9d-ea55d8994f1a}","SUCCESS","Query: HandleTags, HandleTags: 0x401"
"10:34:46.0689166","雷小伊脱机日常 Beta 1.6.24.exe","1496","RegOpenKey","HKCR\WOW6432Node\CLSID\{76765b11-3f95-4af2-ac9d-ea55d8994f1a}\InprocHandler32","NAME NOT FOUND","Desired Access: Query Value"
"10:34:46.0689230","雷小伊脱机日常 Beta 1.6.24.exe","1496","RegQueryKey","HKCR\WOW6432Node\CLSID\{76765b11-3f95-4af2-ac9d-ea55d8994f1a}","SUCCESS","Query: HandleTags, HandleTags: 0x401"
"10:34:46.0689270","雷小伊脱机日常 Beta 1.6.24.exe","1496","RegOpenKey","HKCR\WOW6432Node\CLSID\{76765b11-3f95-4af2-ac9d-ea55d8994f1a}\InprocHandler","NAME NOT FOUND","Desired Access: Query Value"
"10:34:46.0689335","雷小伊脱机日常 Beta 1.6.24.exe","1496","RegQueryKey","HKCR\WOW6432Node\CLSID\{76765b11-3f95-4af2-ac9d-ea55d8994f1a}","SUCCESS","Query: HandleTags, HandleTags: 0x401"
"10:34:46.0689374","雷小伊脱机日常 Beta 1.6.24.exe","1496","RegOpenKey","HKCR\WOW6432Node\CLSID\{76765b11-3f95-4af2-ac9d-ea55d8994f1a}\LocalServer32","NAME NOT FOUND","Desired Access: Read"
"10:34:46.0689429","雷小伊脱机日常 Beta 1.6.24.exe","1496","RegQueryValue","HKCR\WOW6432Node\CLSID\{76765b11-3f95-4af2-ac9d-ea55d8994f1a}\AppID","NAME NOT FOUND","Length: 112"
"10:34:46.0689492","雷小伊脱机日常 Beta 1.6.24.exe","1496","RegQueryKey","HKCR\WOW6432Node\CLSID\{76765b11-3f95-4af2-ac9d-ea55d8994f1a}","SUCCESS","Query: HandleTags, HandleTags: 0x401"
"10:34:46.0689533","雷小伊脱机日常 Beta 1.6.24.exe","1496","RegOpenKey","HKCR\WOW6432Node\CLSID\{76765b11-3f95-4af2-ac9d-ea55d8994f1a}\LocalServer","NAME NOT FOUND","Desired Access: Query Value"
"10:34:46.0689604","雷小伊脱机日常 Beta 1.6.24.exe","1496","RegQueryKey","HKCR","SUCCESS","Query: HandleTags, HandleTags: 0x1"
"10:34:46.0689641","雷小伊脱机日常 Beta 1.6.24.exe","1496","RegQueryKey","HKCR","SUCCESS","Query: Name"
"10:34:46.0689709","雷小伊脱机日常 Beta 1.6.24.exe","1496","RegOpenKey","HKCR\WOW6432Node\CLSID\{76765B11-3F95-4AF2-AC9D-EA55D8994F1A}","SUCCESS","Desired Access: Read"
"10:34:46.0689767","雷小伊脱机日常 Beta 1.6.24.exe","1496","RegSetInfoKey","HKCR\WOW6432Node\CLSID\{76765b11-3f95-4af2-ac9d-ea55d8994f1a}","SUCCESS","KeySetInformationClass: KeySetHandleTagsInformation, Length: 0"
"10:34:46.0689824","雷小伊脱机日常 Beta 1.6.24.exe","1496","RegQueryKey","HKCR\WOW6432Node\CLSID\{76765b11-3f95-4af2-ac9d-ea55d8994f1a}","SUCCESS","Query: HandleTags, HandleTags: 0x401"
"10:34:46.0689867","雷小伊脱机日常 Beta 1.6.24.exe","1496","RegOpenKey","HKCR\WOW6432Node\CLSID\{76765b11-3f95-4af2-ac9d-ea55d8994f1a}\Elevation","NAME NOT FOUND","Desired Access: Read"
"10:34:46.0689928","雷小伊脱机日常 Beta 1.6.24.exe","1496","RegCloseKey","HKCR\WOW6432Node\CLSID\{76765b11-3f95-4af2-ac9d-ea55d8994f1a}","SUCCESS",""
"10:34:46.0689975","雷小伊脱机日常 Beta 1.6.24.exe","1496","RegCloseKey","HKCR\WOW6432Node\CLSID\{76765b11-3f95-4af2-ac9d-ea55d8994f1a}","SUCCESS",""
"10:34:46.0690058","雷小伊脱机日常 Beta 1.6.24.exe","1496","RegQueryKey","HKCR","SUCCESS","Query: HandleTags, HandleTags: 0x1"
"10:34:46.0690097","雷小伊脱机日常 Beta 1.6.24.exe","1496","RegQueryKey","HKCR","SUCCESS","Query: Name"
"10:34:46.0690161","雷小伊脱机日常 Beta 1.6.24.exe","1496","RegOpenKey","HKCR\WOW6432Node\CLSID\{76765B11-3F95-4AF2-AC9D-EA55D8994F1A}","SUCCESS","Desired Access: Read"
"10:34:46.0690233","雷小伊脱机日常 Beta 1.6.24.exe","1496","RegSetInfoKey","HKCR\WOW6432Node\CLSID\{76765b11-3f95-4af2-ac9d-ea55d8994f1a}","SUCCESS","KeySetInformationClass: KeySetHandleTagsInformation, Length: 0"
"10:34:46.0690290","雷小伊脱机日常 Beta 1.6.24.exe","1496","RegQueryKey","HKCR\WOW6432Node\CLSID\{76765b11-3f95-4af2-ac9d-ea55d8994f1a}","SUCCESS","Query: HandleTags, HandleTags: 0x401"
"10:34:46.0690331","雷小伊脱机日常 Beta 1.6.24.exe","1496","RegOpenKey","HKCR\WOW6432Node\CLSID\{76765b11-3f95-4af2-ac9d-ea55d8994f1a}\TreatAs","NAME NOT FOUND","Desired Access: Read"
"10:34:46.0690385","雷小伊脱机日常 Beta 1.6.24.exe","1496","RegCloseKey","HKCR\WOW6432Node\CLSID\{76765b11-3f95-4af2-ac9d-ea55d8994f1a}","SUCCESS",""
"10:34:46.0690723","雷小伊脱机日常 Beta 1.6.24.exe","1496","RegQueryKey","HKLM","SUCCESS","Query: HandleTags, HandleTags: 0x0"
"10:34:46.0690763","雷小伊脱机日常 Beta 1.6.24.exe","1496","RegOpenKey","HKLM\Software\Microsoft\Windows\CurrentVersion\Explorer\SyncRootManager","SUCCESS","Desired Access: Read"
"10:34:46.0690850","雷小伊脱机日常 Beta 1.6.24.exe","1496","RegSetInfoKey","HKLM\SOFTWARE\Microsoft\Windows\CurrentVersion\Explorer\SyncRootManager","SUCCESS","KeySetInformationClass: KeySetHandleTagsInformation, Length: 0"
"10:34:46.0690942","雷小伊脱机日常 Beta 1.6.24.exe","1496","RegQueryKey","HKLM\SOFTWARE\Microsoft\Windows\CurrentVersion\Explorer\SyncRootManager","SUCCESS","Query: Cached, SubKeys: 0, Values: 0"
"10:34:46.0690995","雷小伊脱机日常 Beta 1.6.24.exe","1496","RegCloseKey","HKLM\SOFTWARE\Microsoft\Windows\CurrentVersion\Explorer\SyncRootManager","SUCCESS",""
"10:34:46.0695711","雷小伊脱机日常 Beta 1.6.24.exe","1496","CreateFile","C:\Windows\SysWOW64\propsys.dll","SUCCESS","Desired Access: Read Attributes, Disposition: Open, Options: Open Reparse Point, Attributes: n/a, ShareMode: Read, Write, Delete, AllocationSize: n/a, OpenResult: Opened"
"10:34:46.0695920","雷小伊脱机日常 Beta 1.6.24.exe","1496","QueryBasicInformationFile","C:\Windows\SysWOW64\propsys.dll","SUCCESS","CreationTime: 2023/12/4 10:46:03, LastAccessTime: 2025/12/31 10:33:51, LastWriteTime: 2023/12/4 10:46:03, ChangeTime: 2025/12/23 11:48:10, FileAttributes: A"
"10:34:46.0695981","雷小伊脱机日常 Beta 1.6.24.exe","1496","CloseFile","C:\Windows\SysWOW64\propsys.dll","SUCCESS",""
"10:34:46.0696938","雷小伊脱机日常 Beta 1.6.24.exe","1496","CreateFile","C:\Windows\SysWOW64\propsys.dll","SUCCESS","Desired Access: Read Attributes, Disposition: Open, Options: Open Reparse Point, Attributes: n/a, ShareMode: Read, Write, Delete, AllocationSize: n/a, OpenResult: Opened"
"10:34:46.0697051","雷小伊脱机日常 Beta 1.6.24.exe","1496","QueryNetworkOpenInformationFile","C:\Windows\SysWOW64\propsys.dll","SUCCESS","CreationTime: 2023/12/4 10:46:03, LastAccessTime: 2025/12/31 10:33:51, LastWriteTime: 2023/12/4 10:46:03, ChangeTime: 2025/12/23 11:48:10, AllocationSize: 1601/1/1 8:00:00, EndOfFile: 1601/1/1 8:00:00, FileAttributes: A"
"10:34:46.0697098","雷小伊脱机日常 Beta 1.6.24.exe","1496","CloseFile","C:\Windows\SysWOW64\propsys.dll","SUCCESS",""
"10:34:46.0697848","雷小伊脱机日常 Beta 1.6.24.exe","1496","CreateFile","C:\Windows\System32\propsys.dll","SUCCESS","Desired Access: Read Attributes, Disposition: Open, Options: Open Reparse Point, Attributes: n/a, ShareMode: Read, Write, Delete, AllocationSize: n/a, OpenResult: Opened"
"10:34:46.0698005","雷小伊脱机日常 Beta 1.6.24.exe","1496","QueryNetworkOpenInformationFile","C:\Windows\System32\propsys.dll","SUCCESS","CreationTime: 2023/12/4 10:45:18, LastAccessTime: 2025/12/31 10:34:31, LastWriteTime: 2023/12/4 10:45:18, ChangeTime: 2025/12/23 11:48:09, AllocationSize: 1601/1/1 8:00:00, EndOfFile: 1601/1/1 8:00:00, FileAttributes: A"
"10:34:46.0698052","雷小伊脱机日常 Beta 1.6.24.exe","1496","CloseFile","C:\Windows\System32\propsys.dll","SUCCESS",""
"10:34:46.0699319","雷小伊脱机日常 Beta 1.6.24.exe","1496","CreateFile","C:\Windows\SysWOW64\propsys.dll","SUCCESS","Desired Access: Read Attributes, Disposition: Open, Options: Open Reparse Point, Attributes: n/a, ShareMode: Read, Write, Delete, AllocationSize: n/a, OpenResult: Opened"
"10:34:46.0699434","雷小伊脱机日常 Beta 1.6.24.exe","1496","QueryBasicInformationFile","C:\Windows\SysWOW64\propsys.dll","SUCCESS","CreationTime: 2023/12/4 10:46:03, LastAccessTime: 2025/12/31 10:33:51, LastWriteTime: 2023/12/4 10:46:03, ChangeTime: 2025/12/23 11:48:10, FileAttributes: A"
"10:34:46.0699480","雷小伊脱机日常 Beta 1.6.24.exe","1496","CloseFile","C:\Windows\SysWOW64\propsys.dll","SUCCESS",""
"10:34:46.0700115","雷小伊脱机日常 Beta 1.6.24.exe","1496","CreateFile","C:\Windows\SysWOW64\propsys.dll","SUCCESS","Desired Access: Read Attributes, Disposition: Open, Options: Open Reparse Point, Attributes: n/a, ShareMode: Read, Write, Delete, AllocationSize: n/a, OpenResult: Opened"
"10:34:46.0700409","雷小伊脱机日常 Beta 1.6.24.exe","1496","QueryNetworkOpenInformationFile","C:\Windows\SysWOW64\propsys.dll","SUCCESS","CreationTime: 2023/12/4 10:46:03, LastAccessTime: 2025/12/31 10:33:51, LastWriteTime: 2023/12/4 10:46:03, ChangeTime: 2025/12/23 11:48:10, AllocationSize: 1601/1/1 8:00:00, EndOfFile: 1601/1/1 8:00:00, FileAttributes: A"
"10:34:46.0700452","雷小伊脱机日常 Beta 1.6.24.exe","1496","CloseFile","C:\Windows\SysWOW64\propsys.dll","SUCCESS",""
"10:34:46.0701137","雷小伊脱机日常 Beta 1.6.24.exe","1496","CreateFile","C:\Windows\System32\propsys.dll","SUCCESS","Desired Access: Read Attributes, Disposition: Open, Options: Open Reparse Point, Attributes: n/a, ShareMode: Read, Write, Delete, AllocationSize: n/a, OpenResult: Opened"
"10:34:46.0701248","雷小伊脱机日常 Beta 1.6.24.exe","1496","QueryNetworkOpenInformationFile","C:\Windows\System32\propsys.dll","SUCCESS","CreationTime: 2023/12/4 10:45:18, LastAccessTime: 2025/12/31 10:34:31, LastWriteTime: 2023/12/4 10:45:18, ChangeTime: 2025/12/23 11:48:09, AllocationSize: 1601/1/1 8:00:00, EndOfFile: 1601/1/1 8:00:00, FileAttributes: A"
"10:34:46.0701289","雷小伊脱机日常 Beta 1.6.24.exe","1496","CloseFile","C:\Windows\System32\propsys.dll","SUCCESS",""
"10:34:46.0701649","雷小伊脱机日常 Beta 1.6.24.exe","1496","RegQueryKey","HKCR\Folder","SUCCESS","Query: Name"
"10:34:46.0701724","雷小伊脱机日常 Beta 1.6.24.exe","1496","RegQueryKey","HKCR\Folder","SUCCESS","Query: HandleTags, HandleTags: 0x401"
"10:34:46.0701826","雷小伊脱机日常 Beta 1.6.24.exe","1496","RegOpenKey","HKCU\Software\Classes\Folder","NAME NOT FOUND","Desired Access: Maximum Allowed"
"10:34:46.0701905","雷小伊脱机日常 Beta 1.6.24.exe","1496","RegQueryValue","HKCR\Folder\AppUserModelID","SUCCESS","Type: REG_SZ, Length: 54, Data: Microsoft.Windows.Explorer"
"10:34:46.0702524","雷小伊脱机日常 Beta 1.6.24.exe","1496","RegQueryKey","HKCR\Folder\shell\explore","SUCCESS","Query: Name"
"10:34:46.0702584","雷小伊脱机日常 Beta 1.6.24.exe","1496","RegQueryKey","HKCR\Folder\shell\explore","SUCCESS","Query: HandleTags, HandleTags: 0x401"
"10:34:46.0702661","雷小伊脱机日常 Beta 1.6.24.exe","1496","RegOpenKey","HKCU\Software\Classes\Folder\shell\explore","NAME NOT FOUND","Desired Access: Maximum Allowed"
"10:34:46.0702724","雷小伊脱机日常 Beta 1.6.24.exe","1496","RegQueryValue","HKCR\Folder\shell\explore\NoSmartScreen","NAME NOT FOUND","Length: 12"
"10:34:46.0702818","雷小伊脱机日常 Beta 1.6.24.exe","1496","RegQueryKey","HKCR\Folder\shell\explore","SUCCESS","Query: Name"
"10:34:46.0702868","雷小伊脱机日常 Beta 1.6.24.exe","1496","RegQueryKey","HKCR\Folder\shell\explore","SUCCESS","Query: HandleTags, HandleTags: 0x401"
"10:34:46.0702934","雷小伊脱机日常 Beta 1.6.24.exe","1496","RegOpenKey","HKCU\Software\Classes\Folder\shell\explore\command","NAME NOT FOUND","Desired Access: Query Value"
"10:34:46.0703010","雷小伊脱机日常 Beta 1.6.24.exe","1496","RegQueryKey","HKCR\Folder\shell\explore","SUCCESS","Query: HandleTags, HandleTags: 0x401"
"10:34:46.0703051","雷小伊脱机日常 Beta 1.6.24.exe","1496","RegOpenKey","HKCR\Folder\shell\explore\command","SUCCESS","Desired Access: Query Value"
"10:34:46.0703199","雷小伊脱机日常 Beta 1.6.24.exe","1496","RegQueryKey","HKCR\Folder\shell\explore\command","SUCCESS","Query: Name"
"10:34:46.0703248","雷小伊脱机日常 Beta 1.6.24.exe","1496","RegQueryKey","HKCR\Folder\shell\explore\command","SUCCESS","Query: HandleTags, HandleTags: 0x401"
"10:34:46.0703313","雷小伊脱机日常 Beta 1.6.24.exe","1496","RegOpenKey","HKCU\Software\Classes\Folder\shell\explore\command","NAME NOT FOUND","Desired Access: Maximum Allowed"
"10:34:46.0703369","雷小伊脱机日常 Beta 1.6.24.exe","1496","RegQueryValue","HKCR\Folder\shell\explore\command\DelegateExecute","SUCCESS","Type: REG_SZ, Length: 78, Data: {11dbb47c-a525-400b-9e80-a54615a090c0}"
"10:34:46.0703437","雷小伊脱机日常 Beta 1.6.24.exe","1496","RegCloseKey","HKCR\Folder\shell\explore\command","SUCCESS",""
"10:34:46.0703642","雷小伊脱机日常 Beta 1.6.24.exe","1496","RegQueryKey","HKCR\Folder\shell\explore","SUCCESS","Query: Name"
"10:34:46.0703703","雷小伊脱机日常 Beta 1.6.24.exe","1496","RegQueryKey","HKCR\Folder\shell\explore","SUCCESS","Query: HandleTags, HandleTags: 0x401"
"10:34:46.0703796","雷小伊脱机日常 Beta 1.6.24.exe","1496","RegOpenKey","HKCU\Software\Classes\Folder\shell\explore","NAME NOT FOUND","Desired Access: Maximum Allowed"
"10:34:46.0703896","雷小伊脱机日常 Beta 1.6.24.exe","1496","RegQueryValue","HKCR\Folder\shell\explore\LocalServerOnly","NAME NOT FOUND","Length: 12"
"10:34:46.0704049","雷小伊脱机日常 Beta 1.6.24.exe","1496","RegQueryKey","HKCU\Software\Classes","SUCCESS","Query: Name"
"10:34:46.0704108","雷小伊脱机日常 Beta 1.6.24.exe","1496","RegQueryKey","HKCU\Software\Classes","SUCCESS","Query: HandleTags, HandleTags: 0x1"
"10:34:46.0704186","雷小伊脱机日常 Beta 1.6.24.exe","1496","RegQueryKey","HKCU\Software\Classes","SUCCESS","Query: HandleTags, HandleTags: 0x1"
"10:34:46.0704223","雷小伊脱机日常 Beta 1.6.24.exe","1496","RegQueryKey","HKCU\Software\Classes","SUCCESS","Query: Name"
"10:34:46.0704397","雷小伊脱机日常 Beta 1.6.24.exe","1496","RegOpenKey","HKCU\Software\Classes\WOW6432Node\CLSID\{11DBB47C-A525-400B-9E80-A54615A090C0}\Instance","NAME NOT FOUND","Desired Access: Read"
"10:34:46.0704518","雷小伊脱机日常 Beta 1.6.24.exe","1496","RegOpenKey","HKCR\WOW6432Node\CLSID\{11DBB47C-A525-400B-9E80-A54615A090C0}\Instance","NAME NOT FOUND","Desired Access: Read"
"10:34:46.0705178","雷小伊脱机日常 Beta 1.6.24.exe","1496","ReadFile","C:\Windows\SysWOW64\shell32.dll","SUCCESS","Offset: 541,696, Length: 32,768, I/O Flags: Non-cached, Paging I/O, Synchronous Paging I/O, Priority: Normal"
"10:34:46.0709744","雷小伊脱机日常 Beta 1.6.24.exe","1496","ReadFile","C:\Windows\SysWOW64\shell32.dll","SUCCESS","Offset: 590,848, Length: 32,768, I/O Flags: Non-cached, Paging I/O, Synchronous Paging I/O, Priority: Normal"
"10:34:46.0712075","雷小伊脱机日常 Beta 1.6.24.exe","1496","ReadFile","C:\Windows\SysWOW64\shell32.dll","SUCCESS","Offset: 1,582,080, Length: 4,096, I/O Flags: Non-cached, Paging I/O, Synchronous Paging I/O, Priority: Normal"
"10:34:46.0712717","雷小伊脱机日常 Beta 1.6.24.exe","1496","RegQueryKey","HKCU\Software\Classes","SUCCESS","Query: Name"
"10:34:46.0712795","雷小伊脱机日常 Beta 1.6.24.exe","1496","RegQueryKey","HKCU\Software\Classes","SUCCESS","Query: HandleTags, HandleTags: 0x1"
"10:34:46.0712858","雷小伊脱机日常 Beta 1.6.24.exe","1496","RegQueryKey","HKCU\Software\Classes","SUCCESS","Query: HandleTags, HandleTags: 0x1"
"10:34:46.0712898","雷小伊脱机日常 Beta 1.6.24.exe","1496","RegQueryKey","HKCU\Software\Classes","SUCCESS","Query: Name"
"10:34:46.0712987","雷小伊脱机日常 Beta 1.6.24.exe","1496","RegOpenKey","HKCU\Software\Classes\WOW6432Node\CLSID\{11DBB47C-A525-400B-9E80-A54615A090C0}\Instance","NAME NOT FOUND","Desired Access: Read"
"10:34:46.0713086","雷小伊脱机日常 Beta 1.6.24.exe","1496","RegOpenKey","HKCR\WOW6432Node\CLSID\{11DBB47C-A525-400B-9E80-A54615A090C0}\Instance","NAME NOT FOUND","Desired Access: Read"
"10:34:46.0713232","雷小伊脱机日常 Beta 1.6.24.exe","1496","RegQueryKey","HKLM","SUCCESS","Query: HandleTags, HandleTags: 0x0"
"10:34:46.0713267","雷小伊脱机日常 Beta 1.6.24.exe","1496","RegQueryKey","HKLM","SUCCESS","Query: Name"
"10:34:46.0713333","雷小伊脱机日常 Beta 1.6.24.exe","1496","RegOpenKey","HKCR\WOW6432Node\CLSID\{11DBB47C-A525-400B-9E80-A54615A090C0}\InProcServer32","SUCCESS","Desired Access: Query Value"
"10:34:46.0713436","雷小伊脱机日常 Beta 1.6.24.exe","1496","RegSetInfoKey","HKCR\WOW6432Node\CLSID\{11dbb47c-a525-400b-9e80-a54615a090c0}\InProcServer32","SUCCESS","KeySetInformationClass: KeySetHandleTagsInformation, Length: 0"
"10:34:46.0713485","雷小伊脱机日常 Beta 1.6.24.exe","1496","RegQueryValue","HKCR\WOW6432Node\CLSID\{11dbb47c-a525-400b-9e80-a54615a090c0}\InProcServer32\(Default)","SUCCESS","Type: REG_EXPAND_SZ, Length: 80, Data: %SystemRoot%\system32\explorerframe.dll"
"10:34:46.0713576","雷小伊脱机日常 Beta 1.6.24.exe","1496","RegCloseKey","HKCR\WOW6432Node\CLSID\{11dbb47c-a525-400b-9e80-a54615a090c0}\InProcServer32","SUCCESS",""
"10:34:46.0713662","雷小伊脱机日常 Beta 1.6.24.exe","1496","RegQueryKey","HKLM","SUCCESS","Query: HandleTags, HandleTags: 0x0"
"10:34:46.0713697","雷小伊脱机日常 Beta 1.6.24.exe","1496","RegQueryKey","HKLM","SUCCESS","Query: Name"
"10:34:46.0713765","雷小伊脱机日常 Beta 1.6.24.exe","1496","RegOpenKey","HKLM\Software\WOW6432Node\Microsoft\Windows\CurrentVersion\Shell Extensions\Blocked","NAME NOT FOUND","Desired Access: Read"
"10:34:46.0713981","雷小伊脱机日常 Beta 1.6.24.exe","1496","RegQueryKey","HKCU","SUCCESS","Query: HandleTags, HandleTags: 0x0"
"10:34:46.0714016","雷小伊脱机日常 Beta 1.6.24.exe","1496","RegQueryKey","HKCU","SUCCESS","Query: Name"
"10:34:46.0714085","雷小伊脱机日常 Beta 1.6.24.exe","1496","RegOpenKey","HKCU\Software\Microsoft\Windows\CurrentVersion\Shell Extensions\Blocked","NAME NOT FOUND","Desired Access: Read"
"10:34:46.0716449","雷小伊脱机日常 Beta 1.6.24.exe","1496","RegOpenKey","HKCR\WOW6432Node\CLSID\{11dbb47c-a525-400b-9e80-a54615a090c0}\InProcServer32","SUCCESS","Desired Access: Read"
"10:34:46.0716553","雷小伊脱机日常 Beta 1.6.24.exe","1496","RegSetInfoKey","HKCR\WOW6432Node\CLSID\{11dbb47c-a525-400b-9e80-a54615a090c0}\InProcServer32","SUCCESS","KeySetInformationClass: KeySetHandleTagsInformation, Length: 0"
"10:34:46.0716603","雷小伊脱机日常 Beta 1.6.24.exe","1496","RegQueryValue","HKCR\WOW6432Node\CLSID\{11dbb47c-a525-400b-9e80-a54615a090c0}\InProcServer32\(Default)","SUCCESS","Type: REG_EXPAND_SZ, Length: 80, Data: %SystemRoot%\system32\explorerframe.dll"
"10:34:46.0716690","雷小伊脱机日常 Beta 1.6.24.exe","1496","RegCloseKey","HKCR\WOW6432Node\CLSID\{11dbb47c-a525-400b-9e80-a54615a090c0}\InProcServer32","SUCCESS",""
"10:34:46.0716902","雷小伊脱机日常 Beta 1.6.24.exe","1496","RegQueryKey","HKCU","SUCCESS","Query: HandleTags, HandleTags: 0x0"
"10:34:46.0716941","雷小伊脱机日常 Beta 1.6.24.exe","1496","RegQueryKey","HKCU","SUCCESS","Query: Name"
"10:34:46.0717010","雷小伊脱机日常 Beta 1.6.24.exe","1496","RegOpenKey","HKCU\Software\Microsoft\Windows\CurrentVersion\Shell Extensions\Cached","SUCCESS","Desired Access: Query Value"
"10:34:46.0717085","雷小伊脱机日常 Beta 1.6.24.exe","1496","RegSetInfoKey","HKCU\SOFTWARE\Microsoft\Windows\CurrentVersion\Shell Extensions\Cached","SUCCESS","KeySetInformationClass: KeySetHandleTagsInformation, Length: 0"
"10:34:46.0717136","雷小伊脱机日常 Beta 1.6.24.exe","1496","RegQueryValue","HKCU\SOFTWARE\Microsoft\Windows\CurrentVersion\Shell Extensions\Cached\{11DBB47C-A525-400B-9E80-A54615A090C0} {7F9185B0-CB92-43C5-80A9-92277A4F7B54} 0xFFFF","SUCCESS","Type: REG_BINARY, Length: 16, Data: 01 00 00 00 00 00 00 00 E6 65 57 D0 0F 73 DC 01"
"10:34:46.0717269","雷小伊脱机日常 Beta 1.6.24.exe","1496","RegCloseKey","HKCU\SOFTWARE\Microsoft\Windows\CurrentVersion\Shell Extensions\Cached","SUCCESS",""
"10:34:46.0717639","雷小伊脱机日常 Beta 1.6.24.exe","1496","RegQueryKey","HKCR","SUCCESS","Query: HandleTags, HandleTags: 0x1"
"10:34:46.0717677","雷小伊脱机日常 Beta 1.6.24.exe","1496","RegQueryKey","HKCR","SUCCESS","Query: Name"
"10:34:46.0717751","雷小伊脱机日常 Beta 1.6.24.exe","1496","RegOpenKey","HKCR\WOW6432Node\CLSID\{11DBB47C-A525-400B-9E80-A54615A090C0}","SUCCESS","Desired Access: Read"
"10:34:46.0717820","雷小伊脱机日常 Beta 1.6.24.exe","1496","RegSetInfoKey","HKCR\WOW6432Node\CLSID\{11dbb47c-a525-400b-9e80-a54615a090c0}","SUCCESS","KeySetInformationClass: KeySetHandleTagsInformation, Length: 0"
"10:34:46.0717886","雷小伊脱机日常 Beta 1.6.24.exe","1496","RegQueryKey","HKCR\WOW6432Node\CLSID\{11dbb47c-a525-400b-9e80-a54615a090c0}","SUCCESS","Query: HandleTags, HandleTags: 0x401"
"10:34:46.0717926","雷小伊脱机日常 Beta 1.6.24.exe","1496","RegOpenKey","HKCR\WOW6432Node\CLSID\{11dbb47c-a525-400b-9e80-a54615a090c0}\TreatAs","NAME NOT FOUND","Desired Access: Query Value"
"10:34:46.0717984","雷小伊脱机日常 Beta 1.6.24.exe","1496","RegQueryKey","HKCR\WOW6432Node\CLSID\{11dbb47c-a525-400b-9e80-a54615a090c0}","SUCCESS","Query: Name"
"10:34:46.0718054","雷小伊脱机日常 Beta 1.6.24.exe","1496","RegQueryValue","HKCR\WOW6432Node\CLSID\{11dbb47c-a525-400b-9e80-a54615a090c0}\ActivateOnHostFlags","NAME NOT FOUND","Length: 16"
"10:34:46.0718102","雷小伊脱机日常 Beta 1.6.24.exe","1496","RegQueryValue","HKCR\WOW6432Node\CLSID\{11dbb47c-a525-400b-9e80-a54615a090c0}\(Default)","BUFFER OVERFLOW","Length: 12"
"10:34:46.0718150","雷小伊脱机日常 Beta 1.6.24.exe","1496","RegQueryValue","HKCR\WOW6432Node\CLSID\{11dbb47c-a525-400b-9e80-a54615a090c0}\(Default)","SUCCESS","Type: REG_SZ, Length: 40, Data: CLSID_ExecuteFolder"
"10:34:46.0718219","雷小伊脱机日常 Beta 1.6.24.exe","1496","RegQueryKey","HKCR\WOW6432Node\CLSID\{11dbb47c-a525-400b-9e80-a54615a090c0}","SUCCESS","Query: HandleTags, HandleTags: 0x401"
"10:34:46.0718258","雷小伊脱机日常 Beta 1.6.24.exe","1496","RegOpenKey","HKCR\WOW6432Node\CLSID\{11dbb47c-a525-400b-9e80-a54615a090c0}\InprocServer32","SUCCESS","Desired Access: Read"
"10:34:46.0718311","雷小伊脱机日常 Beta 1.6.24.exe","1496","RegQueryValue","HKCR\WOW6432Node\CLSID\{11dbb47c-a525-400b-9e80-a54615a090c0}\InProcServer32\InprocServer32","NAME NOT FOUND","Length: 12"
"10:34:46.0718356","雷小伊脱机日常 Beta 1.6.24.exe","1496","RegQueryValue","HKCR\WOW6432Node\CLSID\{11dbb47c-a525-400b-9e80-a54615a090c0}\InProcServer32\(Default)","BUFFER OVERFLOW","Length: 12"
"10:34:46.0718406","雷小伊脱机日常 Beta 1.6.24.exe","1496","RegQueryValue","HKCR\WOW6432Node\CLSID\{11dbb47c-a525-400b-9e80-a54615a090c0}\InProcServer32\(Default)","SUCCESS","Type: REG_EXPAND_SZ, Length: 80, Data: %SystemRoot%\system32\explorerframe.dll"
"10:34:46.0718461","雷小伊脱机日常 Beta 1.6.24.exe","1496","RegQueryValue","HKCR\WOW6432Node\CLSID\{11dbb47c-a525-400b-9e80-a54615a090c0}\InProcServer32\(Default)","SUCCESS","Type: REG_EXPAND_SZ, Length: 80, Data: %SystemRoot%\system32\explorerframe.dll"
"10:34:46.0718513","雷小伊脱机日常 Beta 1.6.24.exe","1496","RegQueryValue","HKCR\WOW6432Node\CLSID\{11dbb47c-a525-400b-9e80-a54615a090c0}\InProcServer32\ThreadingModel","SUCCESS","Type: REG_SZ, Length: 20, Data: Apartment"
"10:34:46.0718575","雷小伊脱机日常 Beta 1.6.24.exe","1496","RegCloseKey","HKCR\WOW6432Node\CLSID\{11dbb47c-a525-400b-9e80-a54615a090c0}\InProcServer32","SUCCESS",""
"10:34:46.0718634","雷小伊脱机日常 Beta 1.6.24.exe","1496","RegQueryKey","HKCR\WOW6432Node\CLSID\{11dbb47c-a525-400b-9e80-a54615a090c0}","SUCCESS","Query: HandleTags, HandleTags: 0x401"
"10:34:46.0718674","雷小伊脱机日常 Beta 1.6.24.exe","1496","RegOpenKey","HKCR\WOW6432Node\CLSID\{11dbb47c-a525-400b-9e80-a54615a090c0}\InprocHandler32","NAME NOT FOUND","Desired Access: Query Value"
"10:34:46.0718744","雷小伊脱机日常 Beta 1.6.24.exe","1496","RegQueryKey","HKCR\WOW6432Node\CLSID\{11dbb47c-a525-400b-9e80-a54615a090c0}","SUCCESS","Query: HandleTags, HandleTags: 0x401"
"10:34:46.0718781","雷小伊脱机日常 Beta 1.6.24.exe","1496","RegOpenKey","HKCR\WOW6432Node\CLSID\{11dbb47c-a525-400b-9e80-a54615a090c0}\InprocHandler","NAME NOT FOUND","Desired Access: Query Value"
"10:34:46.0718841","雷小伊脱机日常 Beta 1.6.24.exe","1496","RegCloseKey","HKCR\WOW6432Node\CLSID\{11dbb47c-a525-400b-9e80-a54615a090c0}","SUCCESS",""
"10:34:46.0719028","雷小伊脱机日常 Beta 1.6.24.exe","1496","RegQueryKey","HKCR","SUCCESS","Query: HandleTags, HandleTags: 0x1"
"10:34:46.0719065","雷小伊脱机日常 Beta 1.6.24.exe","1496","RegQueryKey","HKCR","SUCCESS","Query: Name"
"10:34:46.0719135","雷小伊脱机日常 Beta 1.6.24.exe","1496","RegOpenKey","HKCR\WOW6432Node\CLSID\{11DBB47C-A525-400B-9E80-A54615A090C0}","SUCCESS","Desired Access: Read"
"10:34:46.0719192","雷小伊脱机日常 Beta 1.6.24.exe","1496","RegSetInfoKey","HKCR\WOW6432Node\CLSID\{11dbb47c-a525-400b-9e80-a54615a090c0}","SUCCESS","KeySetInformationClass: KeySetHandleTagsInformation, Length: 0"
"10:34:46.0719247","雷小伊脱机日常 Beta 1.6.24.exe","1496","RegQueryKey","HKCR\WOW6432Node\CLSID\{11dbb47c-a525-400b-9e80-a54615a090c0}","SUCCESS","Query: HandleTags, HandleTags: 0x401"
"10:34:46.0719286","雷小伊脱机日常 Beta 1.6.24.exe","1496","RegOpenKey","HKCR\WOW6432Node\CLSID\{11dbb47c-a525-400b-9e80-a54615a090c0}\TreatAs","NAME NOT FOUND","Desired Access: Query Value"
"10:34:46.0719333","雷小伊脱机日常 Beta 1.6.24.exe","1496","RegQueryKey","HKCR\WOW6432Node\CLSID\{11dbb47c-a525-400b-9e80-a54615a090c0}","SUCCESS","Query: Name"
"10:34:46.0719397","雷小伊脱机日常 Beta 1.6.24.exe","1496","RegQueryValue","HKCR\WOW6432Node\CLSID\{11dbb47c-a525-400b-9e80-a54615a090c0}\ActivateOnHostFlags","NAME NOT FOUND","Length: 16"
"10:34:46.0719442","雷小伊脱机日常 Beta 1.6.24.exe","1496","RegQueryValue","HKCR\WOW6432Node\CLSID\{11dbb47c-a525-400b-9e80-a54615a090c0}\(Default)","BUFFER OVERFLOW","Length: 12"
"10:34:46.0719487","雷小伊脱机日常 Beta 1.6.24.exe","1496","RegQueryValue","HKCR\WOW6432Node\CLSID\{11dbb47c-a525-400b-9e80-a54615a090c0}\(Default)","SUCCESS","Type: REG_SZ, Length: 40, Data: CLSID_ExecuteFolder"
"10:34:46.0719567","雷小伊脱机日常 Beta 1.6.24.exe","1496","RegQueryKey","HKCR\WOW6432Node\CLSID\{11dbb47c-a525-400b-9e80-a54615a090c0}","SUCCESS","Query: HandleTags, HandleTags: 0x401"
"10:34:46.0719607","雷小伊脱机日常 Beta 1.6.24.exe","1496","RegOpenKey","HKCR\WOW6432Node\CLSID\{11dbb47c-a525-400b-9e80-a54615a090c0}\InprocServer32","SUCCESS","Desired Access: Read"
"10:34:46.0719659","雷小伊脱机日常 Beta 1.6.24.exe","1496","RegQueryValue","HKCR\WOW6432Node\CLSID\{11dbb47c-a525-400b-9e80-a54615a090c0}\InProcServer32\InprocServer32","NAME NOT FOUND","Length: 12"
"10:34:46.0719703","雷小伊脱机日常 Beta 1.6.24.exe","1496","RegQueryValue","HKCR\WOW6432Node\CLSID\{11dbb47c-a525-400b-9e80-a54615a090c0}\InProcServer32\(Default)","BUFFER OVERFLOW","Length: 12"
"10:34:46.0719751","雷小伊脱机日常 Beta 1.6.24.exe","1496","RegQueryValue","HKCR\WOW6432Node\CLSID\{11dbb47c-a525-400b-9e80-a54615a090c0}\InProcServer32\(Default)","SUCCESS","Type: REG_EXPAND_SZ, Length: 80, Data: %SystemRoot%\system32\explorerframe.dll"
"10:34:46.0719803","雷小伊脱机日常 Beta 1.6.24.exe","1496","RegQueryValue","HKCR\WOW6432Node\CLSID\{11dbb47c-a525-400b-9e80-a54615a090c0}\InProcServer32\(Default)","SUCCESS","Type: REG_EXPAND_SZ, Length: 80, Data: %SystemRoot%\system32\explorerframe.dll"
"10:34:46.0719854","雷小伊脱机日常 Beta 1.6.24.exe","1496","RegQueryValue","HKCR\WOW6432Node\CLSID\{11dbb47c-a525-400b-9e80-a54615a090c0}\InProcServer32\ThreadingModel","SUCCESS","Type: REG_SZ, Length: 20, Data: Apartment"
"10:34:46.0719909","雷小伊脱机日常 Beta 1.6.24.exe","1496","RegCloseKey","HKCR\WOW6432Node\CLSID\{11dbb47c-a525-400b-9e80-a54615a090c0}\InProcServer32","SUCCESS",""
"10:34:46.0720245","雷小伊脱机日常 Beta 1.6.24.exe","1496","RegQueryKey","HKCR\WOW6432Node\CLSID\{11dbb47c-a525-400b-9e80-a54615a090c0}","SUCCESS","Query: HandleTags, HandleTags: 0x401"
"10:34:46.0720293","雷小伊脱机日常 Beta 1.6.24.exe","1496","RegOpenKey","HKCR\WOW6432Node\CLSID\{11dbb47c-a525-400b-9e80-a54615a090c0}\InprocHandler32","NAME NOT FOUND","Desired Access: Query Value"
"10:34:46.0720360","雷小伊脱机日常 Beta 1.6.24.exe","1496","RegQueryKey","HKCR\WOW6432Node\CLSID\{11dbb47c-a525-400b-9e80-a54615a090c0}","SUCCESS","Query: HandleTags, HandleTags: 0x401"
"10:34:46.0720399","雷小伊脱机日常 Beta 1.6.24.exe","1496","RegOpenKey","HKCR\WOW6432Node\CLSID\{11dbb47c-a525-400b-9e80-a54615a090c0}\InprocHandler","NAME NOT FOUND","Desired Access: Query Value"
"10:34:46.0720464","雷小伊脱机日常 Beta 1.6.24.exe","1496","RegQueryKey","HKCR\WOW6432Node\CLSID\{11dbb47c-a525-400b-9e80-a54615a090c0}","SUCCESS","Query: HandleTags, HandleTags: 0x401"
"10:34:46.0720503","雷小伊脱机日常 Beta 1.6.24.exe","1496","RegOpenKey","HKCR\WOW6432Node\CLSID\{11dbb47c-a525-400b-9e80-a54615a090c0}\LocalServer32","NAME NOT FOUND","Desired Access: Read"
"10:34:46.0720557","雷小伊脱机日常 Beta 1.6.24.exe","1496","RegQueryValue","HKCR\WOW6432Node\CLSID\{11dbb47c-a525-400b-9e80-a54615a090c0}\AppID","NAME NOT FOUND","Length: 112"
"10:34:46.0720619","雷小伊脱机日常 Beta 1.6.24.exe","1496","RegQueryKey","HKCR\WOW6432Node\CLSID\{11dbb47c-a525-400b-9e80-a54615a090c0}","SUCCESS","Query: HandleTags, HandleTags: 0x401"
"10:34:46.0720657","雷小伊脱机日常 Beta 1.6.24.exe","1496","RegOpenKey","HKCR\WOW6432Node\CLSID\{11dbb47c-a525-400b-9e80-a54615a090c0}\LocalServer","NAME NOT FOUND","Desired Access: Query Value"
"10:34:46.0720730","雷小伊脱机日常 Beta 1.6.24.exe","1496","RegQueryKey","HKCR","SUCCESS","Query: HandleTags, HandleTags: 0x1"
"10:34:46.0720766","雷小伊脱机日常 Beta 1.6.24.exe","1496","RegQueryKey","HKCR","SUCCESS","Query: Name"
"10:34:46.0720836","雷小伊脱机日常 Beta 1.6.24.exe","1496","RegOpenKey","HKCR\WOW6432Node\CLSID\{11DBB47C-A525-400B-9E80-A54615A090C0}","SUCCESS","Desired Access: Read"
"10:34:46.0720895","雷小伊脱机日常 Beta 1.6.24.exe","1496","RegSetInfoKey","HKCR\WOW6432Node\CLSID\{11dbb47c-a525-400b-9e80-a54615a090c0}","SUCCESS","KeySetInformationClass: KeySetHandleTagsInformation, Length: 0"
"10:34:46.0720949","雷小伊脱机日常 Beta 1.6.24.exe","1496","RegQueryKey","HKCR\WOW6432Node\CLSID\{11dbb47c-a525-400b-9e80-a54615a090c0}","SUCCESS","Query: HandleTags, HandleTags: 0x401"
"10:34:46.0720987","雷小伊脱机日常 Beta 1.6.24.exe","1496","RegOpenKey","HKCR\WOW6432Node\CLSID\{11dbb47c-a525-400b-9e80-a54615a090c0}\Elevation","NAME NOT FOUND","Desired Access: Read"
"10:34:46.0721040","雷小伊脱机日常 Beta 1.6.24.exe","1496","RegCloseKey","HKCR\WOW6432Node\CLSID\{11dbb47c-a525-400b-9e80-a54615a090c0}","SUCCESS",""
"10:34:46.0721084","雷小伊脱机日常 Beta 1.6.24.exe","1496","RegCloseKey","HKCR\WOW6432Node\CLSID\{11dbb47c-a525-400b-9e80-a54615a090c0}","SUCCESS",""
"10:34:46.0721155","雷小伊脱机日常 Beta 1.6.24.exe","1496","RegQueryKey","HKCR","SUCCESS","Query: HandleTags, HandleTags: 0x1"
"10:34:46.0721279","雷小伊脱机日常 Beta 1.6.24.exe","1496","RegQueryKey","HKCR","SUCCESS","Query: Name"
"10:34:46.0721354","雷小伊脱机日常 Beta 1.6.24.exe","1496","RegOpenKey","HKCR\WOW6432Node\CLSID\{11DBB47C-A525-400B-9E80-A54615A090C0}","SUCCESS","Desired Access: Read"
"10:34:46.0721411","雷小伊脱机日常 Beta 1.6.24.exe","1496","RegSetInfoKey","HKCR\WOW6432Node\CLSID\{11dbb47c-a525-400b-9e80-a54615a090c0}","SUCCESS","KeySetInformationClass: KeySetHandleTagsInformation, Length: 0"
"10:34:46.0721469","雷小伊脱机日常 Beta 1.6.24.exe","1496","RegQueryKey","HKCR\WOW6432Node\CLSID\{11dbb47c-a525-400b-9e80-a54615a090c0}","SUCCESS","Query: HandleTags, HandleTags: 0x401"
"10:34:46.0721509","雷小伊脱机日常 Beta 1.6.24.exe","1496","RegOpenKey","HKCR\WOW6432Node\CLSID\{11dbb47c-a525-400b-9e80-a54615a090c0}\TreatAs","NAME NOT FOUND","Desired Access: Read"
"10:34:46.0721639","雷小伊脱机日常 Beta 1.6.24.exe","1496","RegCloseKey","HKCR\WOW6432Node\CLSID\{11dbb47c-a525-400b-9e80-a54615a090c0}","SUCCESS",""
"10:34:46.0722642","雷小伊脱机日常 Beta 1.6.24.exe","1496","CreateFile","C:\Windows\SysWOW64\ExplorerFrame.dll","SUCCESS","Desired Access: Read Attributes, Disposition: Open, Options: Open Reparse Point, Attributes: n/a, ShareMode: Read, Write, Delete, AllocationSize: n/a, OpenResult: Opened"
"10:34:46.0722765","雷小伊脱机日常 Beta 1.6.24.exe","1496","QueryBasicInformationFile","C:\Windows\SysWOW64\ExplorerFrame.dll","SUCCESS","CreationTime: 2023/12/4 10:46:15, LastAccessTime: 2025/12/26 15:48:23, LastWriteTime: 2023/12/4 10:46:15, ChangeTime: 2025/12/23 11:48:10, FileAttributes: A"
"10:34:46.0722817","雷小伊脱机日常 Beta 1.6.24.exe","1496","CloseFile","C:\Windows\SysWOW64\ExplorerFrame.dll","SUCCESS",""
"10:34:46.0723288","雷小伊脱机日常 Beta 1.6.24.exe","1496","CreateFile","C:\Windows\SysWOW64\ExplorerFrame.dll","SUCCESS","Desired Access: Read Data/List Directory, Execute/Traverse, Synchronize, Disposition: Open, Options: Synchronous IO Non-Alert, Non-Directory File, Attributes: n/a, ShareMode: Read, Delete, AllocationSize: n/a, OpenResult: Opened"
"10:34:46.0723481","雷小伊脱机日常 Beta 1.6.24.exe","1496","CreateFileMapping","C:\Windows\SysWOW64\ExplorerFrame.dll","FILE LOCKED WITH ONLY READERS","SyncType: SyncTypeCreateSection, PageProtection: PAGE_EXECUTE_READWRITE|PAGE_NOCACHE"
"10:34:46.0723541","雷小伊脱机日常 Beta 1.6.24.exe","1496","QueryStandardInformationFile","C:\Windows\SysWOW64\ExplorerFrame.dll","SUCCESS","AllocationSize: 1,859,584, EndOfFile: 1,858,560, NumberOfLinks: 2, DeletePending: False, Directory: False"
"10:34:46.0723611","雷小伊脱机日常 Beta 1.6.24.exe","1496","ReadFile","C:\Windows\SysWOW64\ExplorerFrame.dll","SUCCESS","Offset: 0, Length: 4,096, I/O Flags: Non-cached, Paging I/O, Synchronous Paging I/O, Priority: Normal"
"10:34:46.0726378","雷小伊脱机日常 Beta 1.6.24.exe","1496","ReadFile","C:\Windows\SysWOW64\ExplorerFrame.dll","SUCCESS","Offset: 99,328, Length: 32,768, I/O Flags: Non-cached, Paging I/O, Synchronous Paging I/O, Priority: Normal"
"10:34:46.0729735","雷小伊脱机日常 Beta 1.6.24.exe","1496","ReadFile","C:\Windows\SysWOW64\ExplorerFrame.dll","SUCCESS","Offset: 37,888, Length: 32,768, I/O Flags: Non-cached, Paging I/O, Synchronous Paging I/O, Priority: Normal"
"10:34:46.0732384","雷小伊脱机日常 Beta 1.6.24.exe","1496","ReadFile","C:\Windows\SysWOW64\ExplorerFrame.dll","SUCCESS","Offset: 70,656, Length: 28,672, I/O Flags: Non-cached, Paging I/O, Synchronous Paging I/O, Priority: Normal"
"10:34:46.0737239","雷小伊脱机日常 Beta 1.6.24.exe","1496","ReadFile","C:\Windows\SysWOW64\ExplorerFrame.dll","SUCCESS","Offset: 1,742,848, Length: 16,384, I/O Flags: Non-cached, Paging I/O, Synchronous Paging I/O, Priority: Normal"
"10:34:46.0740384","雷小伊脱机日常 Beta 1.6.24.exe","1496","ReadFile","C:\Windows\SysWOW64\ExplorerFrame.dll","SUCCESS","Offset: 1,759,232, Length: 16,384, I/O Flags: Non-cached, Paging I/O, Synchronous Paging I/O, Priority: Normal"
"10:34:46.0742340","雷小伊脱机日常 Beta 1.6.24.exe","1496","ReadFile","C:\Windows\SysWOW64\ExplorerFrame.dll","SUCCESS","Offset: 1,775,616, Length: 16,384, I/O Flags: Non-cached, Paging I/O, Synchronous Paging I/O, Priority: Normal"
"10:34:46.0743700","雷小伊脱机日常 Beta 1.6.24.exe","1496","ReadFile","C:\Windows\SysWOW64\ExplorerFrame.dll","SUCCESS","Offset: 1,792,000, Length: 16,384, I/O Flags: Non-cached, Paging I/O, Synchronous Paging I/O, Priority: Normal"
"10:34:46.0745603","雷小伊脱机日常 Beta 1.6.24.exe","1496","ReadFile","C:\Windows\SysWOW64\ExplorerFrame.dll","SUCCESS","Offset: 1,808,384, Length: 16,384, I/O Flags: Non-cached, Paging I/O, Synchronous Paging I/O, Priority: Normal"
"10:34:46.0746982","雷小伊脱机日常 Beta 1.6.24.exe","1496","ReadFile","C:\Windows\SysWOW64\ExplorerFrame.dll","SUCCESS","Offset: 1,824,768, Length: 16,384, I/O Flags: Non-cached, Paging I/O, Synchronous Paging I/O, Priority: Normal"
"10:34:46.0748688","雷小伊脱机日常 Beta 1.6.24.exe","1496","ReadFile","C:\Windows\SysWOW64\ExplorerFrame.dll","SUCCESS","Offset: 1,841,152, Length: 16,384, I/O Flags: Non-cached, Paging I/O, Synchronous Paging I/O, Priority: Normal"
"10:34:46.0751786","雷小伊脱机日常 Beta 1.6.24.exe","1496","ReadFile","C:\Windows\SysWOW64\ExplorerFrame.dll","SUCCESS","Offset: 1,857,536, Length: 1,024, I/O Flags: Non-cached, Paging I/O, Synchronous Paging I/O, Priority: Normal"
"10:34:46.0755671","雷小伊脱机日常 Beta 1.6.24.exe","1496","CreateFileMapping","C:\Windows\SysWOW64\ExplorerFrame.dll","SUCCESS","SyncType: SyncTypeOther"
"10:34:46.0757218","雷小伊脱机日常 Beta 1.6.24.exe","1496","Load Image","C:\Windows\SysWOW64\ExplorerFrame.dll","SUCCESS","Image Base: 0x6f020000, Image Size: 0x1cb000"
"10:34:46.0757382","雷小伊脱机日常 Beta 1.6.24.exe","1496","ReadFile","C:\Windows\SysWOW64\ExplorerFrame.dll","SUCCESS","Offset: 1,680,384, Length: 30,208, I/O Flags: Non-cached, Paging I/O, Synchronous Paging I/O, Priority: Normal"
"10:34:46.0760619","雷小伊脱机日常 Beta 1.6.24.exe","1496","ReadFile","C:\Windows\SysWOW64\ExplorerFrame.dll","SUCCESS","Offset: 1,710,592, Length: 3,584, I/O Flags: Non-cached, Paging I/O, Synchronous Paging I/O, Priority: Normal"
"10:34:46.0762593","雷小伊脱机日常 Beta 1.6.24.exe","1496","ReadFile","C:\Windows\SysWOW64\ExplorerFrame.dll","SUCCESS","Offset: 1,647,616, Length: 32,768, I/O Flags: Non-cached, Paging I/O, Synchronous Paging I/O, Priority: Normal"
"10:34:46.0764904","雷小伊脱机日常 Beta 1.6.24.exe","1496","ReadFile","C:\Windows\SysWOW64\ExplorerFrame.dll","SUCCESS","Offset: 1,736,704, Length: 3,072, I/O Flags: Non-cached, Paging I/O, Synchronous Paging I/O, Priority: Normal"
"10:34:46.0770061","雷小伊脱机日常 Beta 1.6.24.exe","1496","ReadFile","C:\Windows\SysWOW64\ExplorerFrame.dll","SUCCESS","Offset: 1,739,776, Length: 3,072, I/O Flags: Non-cached, Paging I/O, Synchronous Paging I/O, Priority: Normal"
"10:34:46.0771408","雷小伊脱机日常 Beta 1.6.24.exe","1496","ReadFile","C:\Windows\SysWOW64\ExplorerFrame.dll","SUCCESS","Offset: 1,714,176, Length: 16,384, I/O Flags: Non-cached, Paging I/O, Synchronous Paging I/O, Priority: Normal"
"10:34:46.0774989","雷小伊脱机日常 Beta 1.6.24.exe","1496","ReadFile","C:\Windows\SysWOW64\ExplorerFrame.dll","SUCCESS","Offset: 1,730,560, Length: 6,144, I/O Flags: Non-cached, Paging I/O, Synchronous Paging I/O, Priority: Normal"
"10:34:46.0778381","雷小伊脱机日常 Beta 1.6.24.exe","1496","ReadFile","C:\Windows\SysWOW64\ExplorerFrame.dll","SUCCESS","Offset: 1,614,848, Length: 32,768, I/O Flags: Non-cached, Paging I/O, Synchronous Paging I/O, Priority: Normal"
"10:34:46.0781584","雷小伊脱机日常 Beta 1.6.24.exe","1496","CloseFile","C:\Windows\SysWOW64\ExplorerFrame.dll","SUCCESS",""
"10:34:46.0782401","雷小伊脱机日常 Beta 1.6.24.exe","1496","CreateFile","C:\Windows\SysWOW64\ExplorerFrame.dll","SUCCESS","Desired Access: Read Control, Disposition: Open, Options: , Attributes: n/a, ShareMode: Read, Delete, AllocationSize: n/a, OpenResult: Opened"
"10:34:46.0782537","雷小伊脱机日常 Beta 1.6.24.exe","1496","QuerySecurityFile","C:\Windows\SysWOW64\ExplorerFrame.dll","BUFFER OVERFLOW","Information: Owner"
"10:34:46.0782592","雷小伊脱机日常 Beta 1.6.24.exe","1496","QuerySecurityFile","C:\Windows\SysWOW64\ExplorerFrame.dll","SUCCESS","Information: Owner"
"10:34:46.0782643","雷小伊脱机日常 Beta 1.6.24.exe","1496","CloseFile","C:\Windows\SysWOW64\ExplorerFrame.dll","SUCCESS",""
"10:34:46.0785240","雷小伊脱机日常 Beta 1.6.24.exe","1496","ReadFile","C:\Windows\SysWOW64\ExplorerFrame.dll","SUCCESS","Offset: 553,984, Length: 32,768, I/O Flags: Non-cached, Paging I/O, Synchronous Paging I/O, Priority: Normal"
"10:34:46.0789113","雷小伊脱机日常 Beta 1.6.24.exe","1496","ReadFile","C:\Windows\SysWOW64\ExplorerFrame.dll","SUCCESS","Offset: 521,216, Length: 32,768, I/O Flags: Non-cached, Paging I/O, Synchronous Paging I/O, Priority: Normal"
"10:34:46.0791282","雷小伊脱机日常 Beta 1.6.24.exe","1496","ReadFile","C:\Windows\SysWOW64\ExplorerFrame.dll","SUCCESS","Offset: 181,248, Length: 32,768, I/O Flags: Non-cached, Paging I/O, Synchronous Paging I/O, Priority: Normal"
"10:34:46.0793628","雷小伊脱机日常 Beta 1.6.24.exe","1496","ReadFile","C:\Windows\SysWOW64\ExplorerFrame.dll","SUCCESS","Offset: 644,096, Length: 32,768, I/O Flags: Non-cached, Paging I/O, Synchronous Paging I/O, Priority: Normal"
"10:34:46.0796250","雷小伊脱机日常 Beta 1.6.24.exe","1496","ReadFile","C:\Windows\SysWOW64\ExplorerFrame.dll","SUCCESS","Offset: 603,136, Length: 32,768, I/O Flags: Non-cached, Paging I/O, Synchronous Paging I/O, Priority: Normal"
"10:34:46.0798977","雷小伊脱机日常 Beta 1.6.24.exe","1496","ReadFile","C:\Windows\SysWOW64\ExplorerFrame.dll","SUCCESS","Offset: 1,139,712, Length: 32,768, I/O Flags: Non-cached, Paging I/O, Synchronous Paging I/O, Priority: Normal"
"10:34:46.0802684","雷小伊脱机日常 Beta 1.6.24.exe","1496","ReadFile","C:\Windows\SysWOW64\ExplorerFrame.dll","SUCCESS","Offset: 140,288, Length: 32,768, I/O Flags: Non-cached, Paging I/O, Synchronous Paging I/O, Priority: Normal"
"10:34:46.0806842","雷小伊脱机日常 Beta 1.6.24.exe","1496","ReadFile","C:\Windows\SysWOW64\ExplorerFrame.dll","SUCCESS","Offset: 848,896, Length: 32,768, I/O Flags: Non-cached, Paging I/O, Synchronous Paging I/O, Priority: Normal"
"10:34:46.0810250","雷小伊脱机日常 Beta 1.6.24.exe","1496","ReadFile","C:\Windows\SysWOW64\ExplorerFrame.dll","SUCCESS","Offset: 1,024, Length: 32,768, I/O Flags: Non-cached, Paging I/O, Synchronous Paging I/O, Priority: Normal"
"10:34:46.0821377","雷小伊脱机日常 Beta 1.6.24.exe","1496","ReadFile","C:\Windows\SysWOW64\ExplorerFrame.dll","SUCCESS","Offset: 934,912, Length: 32,768, I/O Flags: Non-cached, Paging I/O, Synchronous Paging I/O, Priority: Normal"
"10:34:46.0824378","雷小伊脱机日常 Beta 1.6.24.exe","1496","ReadFile","C:\Windows\SysWOW64\ExplorerFrame.dll","SUCCESS","Offset: 787,456, Length: 32,768, I/O Flags: Non-cached, Paging I/O, Synchronous Paging I/O, Priority: Normal"
"10:34:46.0830188","雷小伊脱机日常 Beta 1.6.24.exe","1496","RegQueryKey","HKCR","SUCCESS","Query: HandleTags, HandleTags: 0x1"
"10:34:46.0830247","雷小伊脱机日常 Beta 1.6.24.exe","1496","RegQueryKey","HKCR","SUCCESS","Query: Name"
"10:34:46.0830397","雷小伊脱机日常 Beta 1.6.24.exe","1496","RegOpenKey","HKCR\WOW6432Node\CLSID\{CDC82860-468D-4D4E-B7E7-C298FF23AB2C}","SUCCESS","Desired Access: Read"
"10:34:46.0830577","雷小伊脱机日常 Beta 1.6.24.exe","1496","RegSetInfoKey","HKCR\WOW6432Node\CLSID\{CDC82860-468D-4d4e-B7E7-C298FF23AB2C}","SUCCESS","KeySetInformationClass: KeySetHandleTagsInformation, Length: 0"
"10:34:46.0830651","雷小伊脱机日常 Beta 1.6.24.exe","1496","RegQueryKey","HKCR\WOW6432Node\CLSID\{CDC82860-468D-4d4e-B7E7-C298FF23AB2C}","SUCCESS","Query: HandleTags, HandleTags: 0x401"
"10:34:46.0830698","雷小伊脱机日常 Beta 1.6.24.exe","1496","RegOpenKey","HKCR\WOW6432Node\CLSID\{CDC82860-468D-4d4e-B7E7-C298FF23AB2C}\TreatAs","NAME NOT FOUND","Desired Access: Query Value"
"10:34:46.0830764","雷小伊脱机日常 Beta 1.6.24.exe","1496","RegQueryKey","HKCR\WOW6432Node\CLSID\{CDC82860-468D-4d4e-B7E7-C298FF23AB2C}","SUCCESS","Query: Name"
"10:34:46.0830854","雷小伊脱机日常 Beta 1.6.24.exe","1496","RegQueryValue","HKCR\WOW6432Node\CLSID\{CDC82860-468D-4d4e-B7E7-C298FF23AB2C}\ActivateOnHostFlags","NAME NOT FOUND","Length: 16"
"10:34:46.0830910","雷小伊脱机日常 Beta 1.6.24.exe","1496","RegQueryValue","HKCR\WOW6432Node\CLSID\{CDC82860-468D-4d4e-B7E7-C298FF23AB2C}\(Default)","BUFFER OVERFLOW","Length: 12"
"10:34:46.0830965","雷小伊脱机日常 Beta 1.6.24.exe","1496","RegQueryValue","HKCR\WOW6432Node\CLSID\{CDC82860-468D-4d4e-B7E7-C298FF23AB2C}\(Default)","SUCCESS","Type: REG_SZ, Length: 76, Data: ShellItemArray Shell Namespace helper"
"10:34:46.0831066","雷小伊脱机日常 Beta 1.6.24.exe","1496","RegQueryKey","HKCR\WOW6432Node\CLSID\{CDC82860-468D-4d4e-B7E7-C298FF23AB2C}","SUCCESS","Query: HandleTags, HandleTags: 0x401"
"10:34:46.0831108","雷小伊脱机日常 Beta 1.6.24.exe","1496","RegOpenKey","HKCR\WOW6432Node\CLSID\{CDC82860-468D-4d4e-B7E7-C298FF23AB2C}\InprocServer32","SUCCESS","Desired Access: Read"
"10:34:46.0831194","雷小伊脱机日常 Beta 1.6.24.exe","1496","RegQueryValue","HKCR\WOW6432Node\CLSID\{CDC82860-468D-4d4e-B7E7-C298FF23AB2C}\InProcServer32\InprocServer32","NAME NOT FOUND","Length: 12"
"10:34:46.0831241","雷小伊脱机日常 Beta 1.6.24.exe","1496","RegQueryValue","HKCR\WOW6432Node\CLSID\{CDC82860-468D-4d4e-B7E7-C298FF23AB2C}\InProcServer32\(Default)","BUFFER OVERFLOW","Length: 12"
"10:34:46.0831287","雷小伊脱机日常 Beta 1.6.24.exe","1496","RegQueryValue","HKCR\WOW6432Node\CLSID\{CDC82860-468D-4d4e-B7E7-C298FF23AB2C}\InProcServer32\(Default)","SUCCESS","Type: REG_EXPAND_SZ, Length: 84, Data: %SystemRoot%\system32\windows.storage.dll"
"10:34:46.0831344","雷小伊脱机日常 Beta 1.6.24.exe","1496","RegQueryValue","HKCR\WOW6432Node\CLSID\{CDC82860-468D-4d4e-B7E7-C298FF23AB2C}\InProcServer32\(Default)","SUCCESS","Type: REG_EXPAND_SZ, Length: 84, Data: %SystemRoot%\system32\windows.storage.dll"
"10:34:46.0831396","雷小伊脱机日常 Beta 1.6.24.exe","1496","RegQueryValue","HKCR\WOW6432Node\CLSID\{CDC82860-468D-4d4e-B7E7-C298FF23AB2C}\InProcServer32\ThreadingModel","SUCCESS","Type: REG_SZ, Length: 10, Data: Both"
"10:34:46.0831471","雷小伊脱机日常 Beta 1.6.24.exe","1496","RegCloseKey","HKCR\WOW6432Node\CLSID\{CDC82860-468D-4d4e-B7E7-C298FF23AB2C}\InProcServer32","SUCCESS",""
"10:34:46.0831674","雷小伊脱机日常 Beta 1.6.24.exe","1496","RegQueryKey","HKCR\WOW6432Node\CLSID\{CDC82860-468D-4d4e-B7E7-C298FF23AB2C}","SUCCESS","Query: HandleTags, HandleTags: 0x401"
"10:34:46.0831914","雷小伊脱机日常 Beta 1.6.24.exe","1496","RegOpenKey","HKCR\WOW6432Node\CLSID\{CDC82860-468D-4d4e-B7E7-C298FF23AB2C}\InprocHandler32","NAME NOT FOUND","Desired Access: Query Value"
"10:34:46.0831991","雷小伊脱机日常 Beta 1.6.24.exe","1496","RegQueryKey","HKCR\WOW6432Node\CLSID\{CDC82860-468D-4d4e-B7E7-C298FF23AB2C}","SUCCESS","Query: HandleTags, HandleTags: 0x401"
"10:34:46.0832031","雷小伊脱机日常 Beta 1.6.24.exe","1496","RegOpenKey","HKCR\WOW6432Node\CLSID\{CDC82860-468D-4d4e-B7E7-C298FF23AB2C}\InprocHandler","NAME NOT FOUND","Desired Access: Query Value"
"10:34:46.0832097","雷小伊脱机日常 Beta 1.6.24.exe","1496","RegCloseKey","HKCR\WOW6432Node\CLSID\{CDC82860-468D-4d4e-B7E7-C298FF23AB2C}","SUCCESS",""
"10:34:46.0832321","雷小伊脱机日常 Beta 1.6.24.exe","1496","RegQueryKey","HKCR","SUCCESS","Query: HandleTags, HandleTags: 0x1"
"10:34:46.0832360","雷小伊脱机日常 Beta 1.6.24.exe","1496","RegQueryKey","HKCR","SUCCESS","Query: Name"
"10:34:46.0832442","雷小伊脱机日常 Beta 1.6.24.exe","1496","RegOpenKey","HKCR\WOW6432Node\CLSID\{CDC82860-468D-4D4E-B7E7-C298FF23AB2C}","SUCCESS","Desired Access: Read"
"10:34:46.0832512","雷小伊脱机日常 Beta 1.6.24.exe","1496","RegSetInfoKey","HKCR\WOW6432Node\CLSID\{CDC82860-468D-4d4e-B7E7-C298FF23AB2C}","SUCCESS","KeySetInformationClass: KeySetHandleTagsInformation, Length: 0"
"10:34:46.0832570","雷小伊脱机日常 Beta 1.6.24.exe","1496","RegQueryKey","HKCR\WOW6432Node\CLSID\{CDC82860-468D-4d4e-B7E7-C298FF23AB2C}","SUCCESS","Query: HandleTags, HandleTags: 0x401"
"10:34:46.0832612","雷小伊脱机日常 Beta 1.6.24.exe","1496","RegOpenKey","HKCR\WOW6432Node\CLSID\{CDC82860-468D-4d4e-B7E7-C298FF23AB2C}\TreatAs","NAME NOT FOUND","Desired Access: Query Value"
"10:34:46.0832662","雷小伊脱机日常 Beta 1.6.24.exe","1496","RegQueryKey","HKCR\WOW6432Node\CLSID\{CDC82860-468D-4d4e-B7E7-C298FF23AB2C}","SUCCESS","Query: Name"
"10:34:46.0832728","雷小伊脱机日常 Beta 1.6.24.exe","1496","RegQueryValue","HKCR\WOW6432Node\CLSID\{CDC82860-468D-4d4e-B7E7-C298FF23AB2C}\ActivateOnHostFlags","NAME NOT FOUND","Length: 16"
"10:34:46.0832775","雷小伊脱机日常 Beta 1.6.24.exe","1496","RegQueryValue","HKCR\WOW6432Node\CLSID\{CDC82860-468D-4d4e-B7E7-C298FF23AB2C}\(Default)","BUFFER OVERFLOW","Length: 12"
"10:34:46.0832821","雷小伊脱机日常 Beta 1.6.24.exe","1496","RegQueryValue","HKCR\WOW6432Node\CLSID\{CDC82860-468D-4d4e-B7E7-C298FF23AB2C}\(Default)","SUCCESS","Type: REG_SZ, Length: 76, Data: ShellItemArray Shell Namespace helper"
"10:34:46.0832888","雷小伊脱机日常 Beta 1.6.24.exe","1496","RegQueryKey","HKCR\WOW6432Node\CLSID\{CDC82860-468D-4d4e-B7E7-C298FF23AB2C}","SUCCESS","Query: HandleTags, HandleTags: 0x401"
"10:34:46.0832935","雷小伊脱机日常 Beta 1.6.24.exe","1496","RegOpenKey","HKCR\WOW6432Node\CLSID\{CDC82860-468D-4d4e-B7E7-C298FF23AB2C}\InprocServer32","SUCCESS","Desired Access: Read"
"10:34:46.0833093","雷小伊脱机日常 Beta 1.6.24.exe","1496","RegQueryValue","HKCR\WOW6432Node\CLSID\{CDC82860-468D-4d4e-B7E7-C298FF23AB2C}\InProcServer32\InprocServer32","NAME NOT FOUND","Length: 12"
"10:34:46.0833138","雷小伊脱机日常 Beta 1.6.24.exe","1496","RegQueryValue","HKCR\WOW6432Node\CLSID\{CDC82860-468D-4d4e-B7E7-C298FF23AB2C}\InProcServer32\(Default)","BUFFER OVERFLOW","Length: 12"
"10:34:46.0833182","雷小伊脱机日常 Beta 1.6.24.exe","1496","RegQueryValue","HKCR\WOW6432Node\CLSID\{CDC82860-468D-4d4e-B7E7-C298FF23AB2C}\InProcServer32\(Default)","SUCCESS","Type: REG_EXPAND_SZ, Length: 84, Data: %SystemRoot%\system32\windows.storage.dll"
"10:34:46.0833237","雷小伊脱机日常 Beta 1.6.24.exe","1496","RegQueryValue","HKCR\WOW6432Node\CLSID\{CDC82860-468D-4d4e-B7E7-C298FF23AB2C}\InProcServer32\(Default)","SUCCESS","Type: REG_EXPAND_SZ, Length: 84, Data: %SystemRoot%\system32\windows.storage.dll"
"10:34:46.0833292","雷小伊脱机日常 Beta 1.6.24.exe","1496","RegQueryValue","HKCR\WOW6432Node\CLSID\{CDC82860-468D-4d4e-B7E7-C298FF23AB2C}\InProcServer32\ThreadingModel","SUCCESS","Type: REG_SZ, Length: 10, Data: Both"
"10:34:46.0833348","雷小伊脱机日常 Beta 1.6.24.exe","1496","RegCloseKey","HKCR\WOW6432Node\CLSID\{CDC82860-468D-4d4e-B7E7-C298FF23AB2C}\InProcServer32","SUCCESS",""
"10:34:46.0833408","雷小伊脱机日常 Beta 1.6.24.exe","1496","RegQueryKey","HKCR\WOW6432Node\CLSID\{CDC82860-468D-4d4e-B7E7-C298FF23AB2C}","SUCCESS","Query: HandleTags, HandleTags: 0x401"
"10:34:46.0833447","雷小伊脱机日常 Beta 1.6.24.exe","1496","RegOpenKey","HKCR\WOW6432Node\CLSID\{CDC82860-468D-4d4e-B7E7-C298FF23AB2C}\InprocHandler32","NAME NOT FOUND","Desired Access: Query Value"
"10:34:46.0833509","雷小伊脱机日常 Beta 1.6.24.exe","1496","RegQueryKey","HKCR\WOW6432Node\CLSID\{CDC82860-468D-4d4e-B7E7-C298FF23AB2C}","SUCCESS","Query: HandleTags, HandleTags: 0x401"
"10:34:46.0833548","雷小伊脱机日常 Beta 1.6.24.exe","1496","RegOpenKey","HKCR\WOW6432Node\CLSID\{CDC82860-468D-4d4e-B7E7-C298FF23AB2C}\InprocHandler","NAME NOT FOUND","Desired Access: Query Value"
"10:34:46.0833613","雷小伊脱机日常 Beta 1.6.24.exe","1496","RegQueryKey","HKCR\WOW6432Node\CLSID\{CDC82860-468D-4d4e-B7E7-C298FF23AB2C}","SUCCESS","Query: HandleTags, HandleTags: 0x401"
"10:34:46.0833651","雷小伊脱机日常 Beta 1.6.24.exe","1496","RegOpenKey","HKCR\WOW6432Node\CLSID\{CDC82860-468D-4d4e-B7E7-C298FF23AB2C}\LocalServer32","NAME NOT FOUND","Desired Access: Read"
"10:34:46.0833713","雷小伊脱机日常 Beta 1.6.24.exe","1496","RegQueryValue","HKCR\WOW6432Node\CLSID\{CDC82860-468D-4d4e-B7E7-C298FF23AB2C}\AppID","NAME NOT FOUND","Length: 112"
"10:34:46.0833775","雷小伊脱机日常 Beta 1.6.24.exe","1496","RegQueryKey","HKCR\WOW6432Node\CLSID\{CDC82860-468D-4d4e-B7E7-C298FF23AB2C}","SUCCESS","Query: HandleTags, HandleTags: 0x401"
"10:34:46.0833814","雷小伊脱机日常 Beta 1.6.24.exe","1496","RegOpenKey","HKCR\WOW6432Node\CLSID\{CDC82860-468D-4d4e-B7E7-C298FF23AB2C}\LocalServer","NAME NOT FOUND","Desired Access: Query Value"
"10:34:46.0833886","雷小伊脱机日常 Beta 1.6.24.exe","1496","RegQueryKey","HKCR","SUCCESS","Query: HandleTags, HandleTags: 0x1"
"10:34:46.0833925","雷小伊脱机日常 Beta 1.6.24.exe","1496","RegQueryKey","HKCR","SUCCESS","Query: Name"
"10:34:46.0833991","雷小伊脱机日常 Beta 1.6.24.exe","1496","RegOpenKey","HKCR\WOW6432Node\CLSID\{CDC82860-468D-4D4E-B7E7-C298FF23AB2C}","SUCCESS","Desired Access: Read"
"10:34:46.0834047","雷小伊脱机日常 Beta 1.6.24.exe","1496","RegSetInfoKey","HKCR\WOW6432Node\CLSID\{CDC82860-468D-4d4e-B7E7-C298FF23AB2C}","SUCCESS","KeySetInformationClass: KeySetHandleTagsInformation, Length: 0"
"10:34:46.0834103","雷小伊脱机日常 Beta 1.6.24.exe","1496","RegQueryKey","HKCR\WOW6432Node\CLSID\{CDC82860-468D-4d4e-B7E7-C298FF23AB2C}","SUCCESS","Query: HandleTags, HandleTags: 0x401"
"10:34:46.0834142","雷小伊脱机日常 Beta 1.6.24.exe","1496","RegOpenKey","HKCR\WOW6432Node\CLSID\{CDC82860-468D-4d4e-B7E7-C298FF23AB2C}\Elevation","NAME NOT FOUND","Desired Access: Read"
"10:34:46.0834205","雷小伊脱机日常 Beta 1.6.24.exe","1496","RegCloseKey","HKCR\WOW6432Node\CLSID\{CDC82860-468D-4d4e-B7E7-C298FF23AB2C}","SUCCESS",""
"10:34:46.0834593","雷小伊脱机日常 Beta 1.6.24.exe","1496","RegCloseKey","HKCR\WOW6432Node\CLSID\{CDC82860-468D-4d4e-B7E7-C298FF23AB2C}","SUCCESS",""
"10:34:46.0834907","雷小伊脱机日常 Beta 1.6.24.exe","1496","RegQueryKey","HKCR","SUCCESS","Query: HandleTags, HandleTags: 0x1"
"10:34:46.0834971","雷小伊脱机日常 Beta 1.6.24.exe","1496","RegQueryKey","HKCR","SUCCESS","Query: Name"
"10:34:46.0835113","雷小伊脱机日常 Beta 1.6.24.exe","1496","RegOpenKey","HKCR\WOW6432Node\CLSID\{CDC82860-468D-4D4E-B7E7-C298FF23AB2C}","SUCCESS","Desired Access: Read"
"10:34:46.0835219","雷小伊脱机日常 Beta 1.6.24.exe","1496","RegSetInfoKey","HKCR\WOW6432Node\CLSID\{CDC82860-468D-4d4e-B7E7-C298FF23AB2C}","SUCCESS","KeySetInformationClass: KeySetHandleTagsInformation, Length: 0"
"10:34:46.0835294","雷小伊脱机日常 Beta 1.6.24.exe","1496","RegQueryKey","HKCR\WOW6432Node\CLSID\{CDC82860-468D-4d4e-B7E7-C298FF23AB2C}","SUCCESS","Query: HandleTags, HandleTags: 0x401"
"10:34:46.0835359","雷小伊脱机日常 Beta 1.6.24.exe","1496","RegOpenKey","HKCR\WOW6432Node\CLSID\{CDC82860-468D-4d4e-B7E7-C298FF23AB2C}\TreatAs","NAME NOT FOUND","Desired Access: Read"
"10:34:46.0835440","雷小伊脱机日常 Beta 1.6.24.exe","1496","RegCloseKey","HKCR\WOW6432Node\CLSID\{CDC82860-468D-4d4e-B7E7-C298FF23AB2C}","SUCCESS",""
"10:34:46.0835757","雷小伊脱机日常 Beta 1.6.24.exe","1496","RegQueryKey","HKLM","SUCCESS","Query: HandleTags, HandleTags: 0x0"
"10:34:46.0835808","雷小伊脱机日常 Beta 1.6.24.exe","1496","RegOpenKey","HKLM\Software\Microsoft\Windows\CurrentVersion\Explorer\SyncRootManager","SUCCESS","Desired Access: Read"
"10:34:46.0835887","雷小伊脱机日常 Beta 1.6.24.exe","1496","RegSetInfoKey","HKLM\SOFTWARE\Microsoft\Windows\CurrentVersion\Explorer\SyncRootManager","SUCCESS","KeySetInformationClass: KeySetHandleTagsInformation, Length: 0"
"10:34:46.0835937","雷小伊脱机日常 Beta 1.6.24.exe","1496","RegQueryKey","HKLM\SOFTWARE\Microsoft\Windows\CurrentVersion\Explorer\SyncRootManager","SUCCESS","Query: Cached, SubKeys: 0, Values: 0"
"10:34:46.0835998","雷小伊脱机日常 Beta 1.6.24.exe","1496","RegCloseKey","HKLM\SOFTWARE\Microsoft\Windows\CurrentVersion\Explorer\SyncRootManager","SUCCESS",""
"10:34:46.0836273","雷小伊脱机日常 Beta 1.6.24.exe","1496","ReadFile","C:\Windows\SysWOW64\ExplorerFrame.dll","SUCCESS","Offset: 1,328,128, Length: 32,768, I/O Flags: Non-cached, Paging I/O, Synchronous Paging I/O, Priority: Normal"
"10:34:46.0839359","雷小伊脱机日常 Beta 1.6.24.exe","1496","ReadFile","C:\Windows\SysWOW64\ExplorerFrame.dll","SUCCESS","Offset: 488,448, Length: 32,768, I/O Flags: Non-cached, Paging I/O, Synchronous Paging I/O, Priority: Normal"
"10:34:46.0847026","雷小伊脱机日常 Beta 1.6.24.exe","1496","ReadFile","C:\Windows\SysWOW64\ExplorerFrame.dll","SUCCESS","Offset: 902,144, Length: 32,768, I/O Flags: Non-cached, Paging I/O, Synchronous Paging I/O, Priority: Normal"
"10:34:46.0851287","雷小伊脱机日常 Beta 1.6.24.exe","1496","ReadFile","C:\Windows\SysWOW64\windows.storage.dll","SUCCESS","Offset: 4,195,328, Length: 32,768, I/O Flags: Non-cached, Paging I/O, Synchronous Paging I/O, Priority: Normal"
"10:34:46.0854699","雷小伊脱机日常 Beta 1.6.24.exe","1496","ReadFile","C:\Windows\SysWOW64\ExplorerFrame.dll","SUCCESS","Offset: 820,224, Length: 28,672, I/O Flags: Non-cached, Paging I/O, Synchronous Paging I/O, Priority: Normal"
"10:34:46.0856353","雷小伊脱机日常 Beta 1.6.24.exe","1496","ReadFile","C:\Windows\SysWOW64\ExplorerFrame.dll","SUCCESS","Offset: 394,240, Length: 32,768, I/O Flags: Non-cached, Paging I/O, Synchronous Paging I/O, Priority: Normal"
"10:34:46.0858819","雷小伊脱机日常 Beta 1.6.24.exe","1496","ReadFile","C:\Windows\SysWOW64\ExplorerFrame.dll","SUCCESS","Offset: 132,096, Length: 8,192, I/O Flags: Non-cached, Paging I/O, Synchronous Paging I/O, Priority: Normal"
"10:34:46.0860772","雷小伊脱机日常 Beta 1.6.24.exe","1496","ReadFile","C:\Windows\SysWOW64\ExplorerFrame.dll","SUCCESS","Offset: 361,472, Length: 32,768, I/O Flags: Non-cached, Paging I/O, Synchronous Paging I/O, Priority: Normal"
"10:34:46.0863529","雷小伊脱机日常 Beta 1.6.24.exe","1496","RegQueryKey","HKCU","SUCCESS","Query: HandleTags, HandleTags: 0x0"
"10:34:46.0863574","雷小伊脱机日常 Beta 1.6.24.exe","1496","RegQueryKey","HKCU","SUCCESS","Query: Name"
"10:34:46.0863662","雷小伊脱机日常 Beta 1.6.24.exe","1496","RegOpenKey","HKCU\Software\Microsoft\Windows\CurrentVersion\Explorer","SUCCESS","Desired Access: Query Value"
"10:34:46.0863760","雷小伊脱机日常 Beta 1.6.24.exe","1496","RegSetInfoKey","HKCU\SOFTWARE\Microsoft\Windows\CurrentVersion\Explorer","SUCCESS","KeySetInformationClass: KeySetHandleTagsInformation, Length: 0"
"10:34:46.0863808","雷小伊脱机日常 Beta 1.6.24.exe","1496","RegQueryValue","HKCU\SOFTWARE\Microsoft\Windows\CurrentVersion\Explorer\TelemetrySalt","SUCCESS","Type: REG_DWORD, Length: 4, Data: 6"
"10:34:46.0863894","雷小伊脱机日常 Beta 1.6.24.exe","1496","RegCloseKey","HKCU\SOFTWARE\Microsoft\Windows\CurrentVersion\Explorer","SUCCESS",""
"10:34:46.0864038","雷小伊脱机日常 Beta 1.6.24.exe","1496","ReadFile","C:\Windows\SysWOW64\ExplorerFrame.dll","SUCCESS","Offset: 689,152, Length: 32,768, I/O Flags: Non-cached, Paging I/O, Synchronous Paging I/O, Priority: Normal"
"10:34:46.0866424","雷小伊脱机日常 Beta 1.6.24.exe","1496","RegQueryKey","HKCR\Folder\shell\explore","SUCCESS","Query: Name"
"10:34:46.0866517","雷小伊脱机日常 Beta 1.6.24.exe","1496","RegQueryKey","HKCR\Folder\shell\explore","SUCCESS","Query: HandleTags, HandleTags: 0x401"
"10:34:46.0866654","雷小伊脱机日常 Beta 1.6.24.exe","1496","RegOpenKey","HKCU\Software\Classes\Folder\shell\explore","NAME NOT FOUND","Desired Access: Maximum Allowed"
"10:34:46.0866738","雷小伊脱机日常 Beta 1.6.24.exe","1496","RegQueryValue","HKCR\Folder\shell\explore\LaunchExplorerFlags","SUCCESS","Type: REG_DWORD, Length: 4, Data: 24"
"10:34:46.0866929","雷小伊脱机日常 Beta 1.6.24.exe","1496","ReadFile","C:\Windows\SysWOW64\ExplorerFrame.dll","SUCCESS","Offset: 971,776, Length: 32,768, I/O Flags: Non-cached, Paging I/O, Synchronous Paging I/O, Priority: Normal"
"10:34:46.0869412","雷小伊脱机日常 Beta 1.6.24.exe","1496","ReadFile","C:\Windows\SysWOW64\ExplorerFrame.dll","SUCCESS","Offset: 967,680, Length: 4,096, I/O Flags: Non-cached, Paging I/O, Synchronous Paging I/O, Priority: Normal"
"10:34:46.0870961","雷小伊脱机日常 Beta 1.6.24.exe","1496","RegQueryKey","HKCR\Folder\shell\explore","SUCCESS","Query: Name"
"10:34:46.0871057","雷小伊脱机日常 Beta 1.6.24.exe","1496","RegQueryKey","HKCR\Folder\shell\explore","SUCCESS","Query: HandleTags, HandleTags: 0x401"
"10:34:46.0871182","雷小伊脱机日常 Beta 1.6.24.exe","1496","RegOpenKey","HKCU\Software\Classes\Folder\shell\explore","NAME NOT FOUND","Desired Access: Maximum Allowed"
"10:34:46.0871272","雷小伊脱机日常 Beta 1.6.24.exe","1496","RegQueryValue","HKCR\Folder\shell\explore\ExplorerHost","NAME NOT FOUND","Length: 90"
"10:34:46.0871420","雷小伊脱机日常 Beta 1.6.24.exe","1496","ReadFile","C:\Windows\SysWOW64\ExplorerFrame.dll","SUCCESS","Offset: 1,295,360, Length: 32,768, I/O Flags: Non-cached, Paging I/O, Synchronous Paging I/O, Priority: Normal"
"10:34:46.0874153","雷小伊脱机日常 Beta 1.6.24.exe","1496","RegQueryKey","HKCU\Software\Classes","SUCCESS","Query: Name"
"10:34:46.0874273","雷小伊脱机日常 Beta 1.6.24.exe","1496","RegQueryKey","HKCU\Software\Classes","SUCCESS","Query: HandleTags, HandleTags: 0x1"
"10:34:46.0874356","雷小伊脱机日常 Beta 1.6.24.exe","1496","RegQueryKey","HKCU\Software\Classes","SUCCESS","Query: HandleTags, HandleTags: 0x1"
"10:34:46.0874395","雷小伊脱机日常 Beta 1.6.24.exe","1496","RegQueryKey","HKCU\Software\Classes","SUCCESS","Query: Name"
"10:34:46.0874506","雷小伊脱机日常 Beta 1.6.24.exe","1496","RegOpenKey","HKCU\Software\Classes\WOW6432Node\CLSID\{26EE0668-A00A-44D7-9371-BEB064C98683}\ShellFolder","NAME NOT FOUND","Desired Access: Query Value"
"10:34:46.0874640","雷小伊脱机日常 Beta 1.6.24.exe","1496","RegOpenKey","HKCR\WOW6432Node\CLSID\{26EE0668-A00A-44D7-9371-BEB064C98683}\ShellFolder","SUCCESS","Desired Access: Query Value"
"10:34:46.0874916","雷小伊脱机日常 Beta 1.6.24.exe","1496","RegSetInfoKey","HKCR\WOW6432Node\CLSID\{26EE0668-A00A-44D7-9371-BEB064C98683}\ShellFolder","SUCCESS","KeySetInformationClass: KeySetHandleTagsInformation, Length: 0"
"10:34:46.0874970","雷小伊脱机日常 Beta 1.6.24.exe","1496","RegQueryKey","HKCR\WOW6432Node\CLSID\{26EE0668-A00A-44D7-9371-BEB064C98683}\ShellFolder","SUCCESS","Query: Name"
"10:34:46.0875029","雷小伊脱机日常 Beta 1.6.24.exe","1496","RegQueryKey","HKCR\WOW6432Node\CLSID\{26EE0668-A00A-44D7-9371-BEB064C98683}\ShellFolder","SUCCESS","Query: HandleTags, HandleTags: 0x401"
"10:34:46.0875120","雷小伊脱机日常 Beta 1.6.24.exe","1496","RegOpenKey","HKCU\Software\Classes\WOW6432Node\CLSID\{26EE0668-A00A-44D7-9371-BEB064C98683}\ShellFolder","NAME NOT FOUND","Desired Access: Maximum Allowed"
"10:34:46.0875190","雷小伊脱机日常 Beta 1.6.24.exe","1496","RegQueryValue","HKCR\WOW6432Node\CLSID\{26EE0668-A00A-44D7-9371-BEB064C98683}\ShellFolder\Attributes","SUCCESS","Type: REG_DWORD, Length: 4, Data: 2684354564"
"10:34:46.0875245","雷小伊脱机日常 Beta 1.6.24.exe","1496","RegQueryKey","HKCR\WOW6432Node\CLSID\{26EE0668-A00A-44D7-9371-BEB064C98683}\ShellFolder","SUCCESS","Query: Name"
"10:34:46.0875297","雷小伊脱机日常 Beta 1.6.24.exe","1496","RegQueryKey","HKCR\WOW6432Node\CLSID\{26EE0668-A00A-44D7-9371-BEB064C98683}\ShellFolder","SUCCESS","Query: HandleTags, HandleTags: 0x401"
"10:34:46.0875382","雷小伊脱机日常 Beta 1.6.24.exe","1496","RegOpenKey","HKCU\Software\Classes\WOW6432Node\CLSID\{26EE0668-A00A-44D7-9371-BEB064C98683}\ShellFolder","NAME NOT FOUND","Desired Access: Maximum Allowed"
"10:34:46.0875457","雷小伊脱机日常 Beta 1.6.24.exe","1496","RegQueryValue","HKCR\WOW6432Node\CLSID\{26EE0668-A00A-44D7-9371-BEB064C98683}\ShellFolder\CallForAttributes","NAME NOT FOUND","Length: 16"
"10:34:46.0875507","雷小伊脱机日常 Beta 1.6.24.exe","1496","RegQueryKey","HKCR\WOW6432Node\CLSID\{26EE0668-A00A-44D7-9371-BEB064C98683}\ShellFolder","SUCCESS","Query: Name"
"10:34:46.0875557","雷小伊脱机日常 Beta 1.6.24.exe","1496","RegQueryKey","HKCR\WOW6432Node\CLSID\{26EE0668-A00A-44D7-9371-BEB064C98683}\ShellFolder","SUCCESS","Query: HandleTags, HandleTags: 0x401"
"10:34:46.0875641","雷小伊脱机日常 Beta 1.6.24.exe","1496","RegOpenKey","HKCU\Software\Classes\WOW6432Node\CLSID\{26EE0668-A00A-44D7-9371-BEB064C98683}\ShellFolder","NAME NOT FOUND","Desired Access: Maximum Allowed"
"10:34:46.0875701","雷小伊脱机日常 Beta 1.6.24.exe","1496","RegQueryValue","HKCR\WOW6432Node\CLSID\{26EE0668-A00A-44D7-9371-BEB064C98683}\ShellFolder\RestrictedAttributes","NAME NOT FOUND","Length: 16"
"10:34:46.0875746","雷小伊脱机日常 Beta 1.6.24.exe","1496","RegQueryKey","HKCR\WOW6432Node\CLSID\{26EE0668-A00A-44D7-9371-BEB064C98683}\ShellFolder","SUCCESS","Query: Name"
"10:34:46.0875796","雷小伊脱机日常 Beta 1.6.24.exe","1496","RegQueryKey","HKCR\WOW6432Node\CLSID\{26EE0668-A00A-44D7-9371-BEB064C98683}\ShellFolder","SUCCESS","Query: HandleTags, HandleTags: 0x401"
"10:34:46.0875864","雷小伊脱机日常 Beta 1.6.24.exe","1496","RegOpenKey","HKCU\Software\Classes\WOW6432Node\CLSID\{26EE0668-A00A-44D7-9371-BEB064C98683}\ShellFolder","NAME NOT FOUND","Desired Access: Maximum Allowed"
"10:34:46.0875922","雷小伊脱机日常 Beta 1.6.24.exe","1496","RegQueryValue","HKCR\WOW6432Node\CLSID\{26EE0668-A00A-44D7-9371-BEB064C98683}\ShellFolder\FolderValueFlags","SUCCESS","Type: REG_DWORD, Length: 4, Data: 4609"
"10:34:46.0876001","雷小伊脱机日常 Beta 1.6.24.exe","1496","RegCloseKey","HKCR\WOW6432Node\CLSID\{26EE0668-A00A-44D7-9371-BEB064C98683}\ShellFolder","SUCCESS",""
"10:34:46.0876259","雷小伊脱机日常 Beta 1.6.24.exe","1496","RegQueryKey","HKCU","SUCCESS","Query: HandleTags, HandleTags: 0x0"
"10:34:46.0876352","雷小伊脱机日常 Beta 1.6.24.exe","1496","RegQueryKey","HKCU","SUCCESS","Query: Name"
"10:34:46.0876508","雷小伊脱机日常 Beta 1.6.24.exe","1496","RegOpenKey","HKCU\Software\Microsoft\Windows\CurrentVersion\Explorer\CLSID\{26EE0668-A00A-44D7-9371-BEB064C98683}\ShellFolder","NAME NOT FOUND","Desired Access: Query Value"
"10:34:46.0876615","雷小伊脱机日常 Beta 1.6.24.exe","1496","RegQueryKey","HKLM","SUCCESS","Query: HandleTags, HandleTags: 0x0"
"10:34:46.0876650","雷小伊脱机日常 Beta 1.6.24.exe","1496","RegQueryKey","HKLM","SUCCESS","Query: Name"
"10:34:46.0876739","雷小伊脱机日常 Beta 1.6.24.exe","1496","RegOpenKey","HKLM\Software\WOW6432Node\Microsoft\Windows\CurrentVersion\Explorer\CLSID\{26EE0668-A00A-44D7-9371-BEB064C98683}\ShellFolder","NAME NOT FOUND","Desired Access: Query Value"
"10:34:46.0876874","雷小伊脱机日常 Beta 1.6.24.exe","1496","RegQueryKey","HKCU","SUCCESS","Query: HandleTags, HandleTags: 0x0"
"10:34:46.0876910","雷小伊脱机日常 Beta 1.6.24.exe","1496","RegQueryKey","HKCU","SUCCESS","Query: Name"
"10:34:46.0876970","雷小伊脱机日常 Beta 1.6.24.exe","1496","RegOpenKey","HKCU\Software\Microsoft\Windows\CurrentVersion\Policies\NonEnum","NAME NOT FOUND","Desired Access: Query Value"
"10:34:46.0877062","雷小伊脱机日常 Beta 1.6.24.exe","1496","RegQueryKey","HKLM","SUCCESS","Query: HandleTags, HandleTags: 0x0"
"10:34:46.0877099","雷小伊脱机日常 Beta 1.6.24.exe","1496","RegQueryKey","HKLM","SUCCESS","Query: Name"
"10:34:46.0877165","雷小伊脱机日常 Beta 1.6.24.exe","1496","RegOpenKey","HKLM\Software\WOW6432Node\Microsoft\Windows\CurrentVersion\Policies\NonEnum","REPARSE","Desired Access: Query Value"
"10:34:46.0877236","雷小伊脱机日常 Beta 1.6.24.exe","1496","RegOpenKey","HKLM\SOFTWARE\Microsoft\Windows\CurrentVersion\Policies\NonEnum","SUCCESS","Desired Access: Query Value"
"10:34:46.0877312","雷小伊脱机日常 Beta 1.6.24.exe","1496","RegSetInfoKey","HKLM\SOFTWARE\Microsoft\Windows\CurrentVersion\Policies\NonEnum","SUCCESS","KeySetInformationClass: KeySetHandleTagsInformation, Length: 0"
"10:34:46.0877361","雷小伊脱机日常 Beta 1.6.24.exe","1496","RegQueryValue","HKLM\SOFTWARE\Microsoft\Windows\CurrentVersion\Policies\NonEnum\{26EE0668-A00A-44D7-9371-BEB064C98683}","NAME NOT FOUND","Length: 16"
"10:34:46.0877428","雷小伊脱机日常 Beta 1.6.24.exe","1496","RegCloseKey","HKLM\SOFTWARE\Microsoft\Windows\CurrentVersion\Policies\NonEnum","SUCCESS",""
"10:34:46.0877741","雷小伊脱机日常 Beta 1.6.24.exe","1496","RegQueryKey","HKLM","SUCCESS","Query: HandleTags, HandleTags: 0x0"
"10:34:46.0877777","雷小伊脱机日常 Beta 1.6.24.exe","1496","RegQueryKey","HKLM","SUCCESS","Query: Name"
"10:34:46.0877843","雷小伊脱机日常 Beta 1.6.24.exe","1496","RegOpenKey","HKLM\Software\WOW6432Node\Microsoft\Windows\CurrentVersion\Policies\Explorer","REPARSE","Desired Access: Query Value"
"10:34:46.0877895","雷小伊脱机日常 Beta 1.6.24.exe","1496","RegOpenKey","HKLM\SOFTWARE\Microsoft\Windows\CurrentVersion\Policies\Explorer","SUCCESS","Desired Access: Query Value"
"10:34:46.0877964","雷小伊脱机日常 Beta 1.6.24.exe","1496","RegSetInfoKey","HKLM\SOFTWARE\Microsoft\Windows\CurrentVersion\Policies\Explorer","SUCCESS","KeySetInformationClass: KeySetHandleTagsInformation, Length: 0"
"10:34:46.0878006","雷小伊脱机日常 Beta 1.6.24.exe","1496","RegQueryValue","HKLM\SOFTWARE\Microsoft\Windows\CurrentVersion\Policies\Explorer\SeparateProcess","NAME NOT FOUND","Length: 16"
"10:34:46.0878061","雷小伊脱机日常 Beta 1.6.24.exe","1496","RegCloseKey","HKLM\SOFTWARE\Microsoft\Windows\CurrentVersion\Policies\Explorer","SUCCESS",""
"10:34:46.0878122","雷小伊脱机日常 Beta 1.6.24.exe","1496","RegQueryKey","HKCU","SUCCESS","Query: HandleTags, HandleTags: 0x0"
"10:34:46.0878157","雷小伊脱机日常 Beta 1.6.24.exe","1496","RegQueryKey","HKCU","SUCCESS","Query: Name"
"10:34:46.0878217","雷小伊脱机日常 Beta 1.6.24.exe","1496","RegOpenKey","HKCU\Software\Microsoft\Windows\CurrentVersion\Policies\Explorer","NAME NOT FOUND","Desired Access: Query Value"
"10:34:46.0878338","雷小伊脱机日常 Beta 1.6.24.exe","1496","RegQueryKey","HKCU\SOFTWARE\Microsoft\Windows\CurrentVersion\Explorer","SUCCESS","Query: HandleTags, HandleTags: 0x400"
"10:34:46.0878376","雷小伊脱机日常 Beta 1.6.24.exe","1496","RegOpenKey","HKCU\SOFTWARE\Microsoft\Windows\CurrentVersion\Explorer","SUCCESS","Desired Access: Query Value"
"10:34:46.0880489","雷小伊脱机日常 Beta 1.6.24.exe","1496","RegQueryValue","HKCU\SOFTWARE\Microsoft\Windows\CurrentVersion\Explorer\ShellState","BUFFER OVERFLOW","Length: 12"
"10:34:46.0880570","雷小伊脱机日常 Beta 1.6.24.exe","1496","RegQueryValue","HKCU\SOFTWARE\Microsoft\Windows\CurrentVersion\Explorer\ShellState","SUCCESS","Type: REG_BINARY, Length: 36, Data: 24 00 00 00 3F 28 00 00 00 00 00 00 00 00 00 00"
"10:34:46.0880639","雷小伊脱机日常 Beta 1.6.24.exe","1496","RegCloseKey","HKCU\SOFTWARE\Microsoft\Windows\CurrentVersion\Explorer","SUCCESS",""
"10:34:46.0880746","雷小伊脱机日常 Beta 1.6.24.exe","1496","RegQueryKey","HKLM","SUCCESS","Query: HandleTags, HandleTags: 0x0"
"10:34:46.0880784","雷小伊脱机日常 Beta 1.6.24.exe","1496","RegQueryKey","HKLM","SUCCESS","Query: Name"
"10:34:46.0880864","雷小伊脱机日常 Beta 1.6.24.exe","1496","RegOpenKey","HKLM\Software\WOW6432Node\Microsoft\Windows\CurrentVersion\Policies\Explorer","REPARSE","Desired Access: Query Value"
"10:34:46.0880947","雷小伊脱机日常 Beta 1.6.24.exe","1496","RegOpenKey","HKLM\SOFTWARE\Microsoft\Windows\CurrentVersion\Policies\Explorer","SUCCESS","Desired Access: Query Value"
"10:34:46.0881013","雷小伊脱机日常 Beta 1.6.24.exe","1496","RegSetInfoKey","HKLM\SOFTWARE\Microsoft\Windows\CurrentVersion\Policies\Explorer","SUCCESS","KeySetInformationClass: KeySetHandleTagsInformation, Length: 0"
"10:34:46.0881058","雷小伊脱机日常 Beta 1.6.24.exe","1496","RegQueryValue","HKLM\SOFTWARE\Microsoft\Windows\CurrentVersion\Policies\Explorer\NoWebView","NAME NOT FOUND","Length: 16"
"10:34:46.0881113","雷小伊脱机日常 Beta 1.6.24.exe","1496","RegCloseKey","HKLM\SOFTWARE\Microsoft\Windows\CurrentVersion\Policies\Explorer","SUCCESS",""
"10:34:46.0881176","雷小伊脱机日常 Beta 1.6.24.exe","1496","RegQueryKey","HKCU","SUCCESS","Query: HandleTags, HandleTags: 0x0"
"10:34:46.0881210","雷小伊脱机日常 Beta 1.6.24.exe","1496","RegQueryKey","HKCU","SUCCESS","Query: Name"
"10:34:46.0881270","雷小伊脱机日常 Beta 1.6.24.exe","1496","RegOpenKey","HKCU\Software\Microsoft\Windows\CurrentVersion\Policies\Explorer","NAME NOT FOUND","Desired Access: Query Value"
"10:34:46.0881361","雷小伊脱机日常 Beta 1.6.24.exe","1496","RegQueryKey","HKLM","SUCCESS","Query: HandleTags, HandleTags: 0x0"
"10:34:46.0881395","雷小伊脱机日常 Beta 1.6.24.exe","1496","RegQueryKey","HKLM","SUCCESS","Query: Name"
"10:34:46.0881456","雷小伊脱机日常 Beta 1.6.24.exe","1496","RegOpenKey","HKLM\Software\WOW6432Node\Microsoft\Windows\CurrentVersion\Policies\Explorer","REPARSE","Desired Access: Query Value"
"10:34:46.0881505","雷小伊脱机日常 Beta 1.6.24.exe","1496","RegOpenKey","HKLM\SOFTWARE\Microsoft\Windows\CurrentVersion\Policies\Explorer","SUCCESS","Desired Access: Query Value"
"10:34:46.0881552","雷小伊脱机日常 Beta 1.6.24.exe","1496","RegSetInfoKey","HKLM\SOFTWARE\Microsoft\Windows\CurrentVersion\Policies\Explorer","SUCCESS","KeySetInformationClass: KeySetHandleTagsInformation, Length: 0"
"10:34:46.0881596","雷小伊脱机日常 Beta 1.6.24.exe","1496","RegQueryValue","HKLM\SOFTWARE\Microsoft\Windows\CurrentVersion\Policies\Explorer\ClassicShell","NAME NOT FOUND","Length: 16"
"10:34:46.0881643","雷小伊脱机日常 Beta 1.6.24.exe","1496","RegCloseKey","HKLM\SOFTWARE\Microsoft\Windows\CurrentVersion\Policies\Explorer","SUCCESS",""
"10:34:46.0881698","雷小伊脱机日常 Beta 1.6.24.exe","1496","RegQueryKey","HKCU","SUCCESS","Query: HandleTags, HandleTags: 0x0"
"10:34:46.0881733","雷小伊脱机日常 Beta 1.6.24.exe","1496","RegQueryKey","HKCU","SUCCESS","Query: Name"
"10:34:46.0881934","雷小伊脱机日常 Beta 1.6.24.exe","1496","RegOpenKey","HKCU\Software\Microsoft\Windows\CurrentVersion\Policies\Explorer","NAME NOT FOUND","Desired Access: Query Value"
"10:34:46.0882018","雷小伊脱机日常 Beta 1.6.24.exe","1496","RegQueryKey","HKLM","SUCCESS","Query: HandleTags, HandleTags: 0x0"
"10:34:46.0882053","雷小伊脱机日常 Beta 1.6.24.exe","1496","RegQueryKey","HKLM","SUCCESS","Query: Name"
"10:34:46.0882119","雷小伊脱机日常 Beta 1.6.24.exe","1496","RegOpenKey","HKLM\Software\WOW6432Node\Microsoft\Windows\CurrentVersion\Policies\Explorer","REPARSE","Desired Access: Query Value"
"10:34:46.0882182","雷小伊脱机日常 Beta 1.6.24.exe","1496","RegOpenKey","HKLM\SOFTWARE\Microsoft\Windows\CurrentVersion\Policies\Explorer","SUCCESS","Desired Access: Query Value"
"10:34:46.0882234","雷小伊脱机日常 Beta 1.6.24.exe","1496","RegSetInfoKey","HKLM\SOFTWARE\Microsoft\Windows\CurrentVersion\Policies\Explorer","SUCCESS","KeySetInformationClass: KeySetHandleTagsInformation, Length: 0"
"10:34:46.0882277","雷小伊脱机日常 Beta 1.6.24.exe","1496","RegQueryValue","HKLM\SOFTWARE\Microsoft\Windows\CurrentVersion\Policies\Explorer\DontShowSuperHidden","NAME NOT FOUND","Length: 16"
"10:34:46.0882326","雷小伊脱机日常 Beta 1.6.24.exe","1496","RegCloseKey","HKLM\SOFTWARE\Microsoft\Windows\CurrentVersion\Policies\Explorer","SUCCESS",""
"10:34:46.0882386","雷小伊脱机日常 Beta 1.6.24.exe","1496","RegQueryKey","HKCU","SUCCESS","Query: HandleTags, HandleTags: 0x0"
"10:34:46.0882421","雷小伊脱机日常 Beta 1.6.24.exe","1496","RegQueryKey","HKCU","SUCCESS","Query: Name"
"10:34:46.0882480","雷小伊脱机日常 Beta 1.6.24.exe","1496","RegOpenKey","HKCU\Software\Microsoft\Windows\CurrentVersion\Policies\Explorer","NAME NOT FOUND","Desired Access: Query Value"
"10:34:46.0882554","雷小伊脱机日常 Beta 1.6.24.exe","1496","RegQueryKey","HKLM","SUCCESS","Query: HandleTags, HandleTags: 0x0"
"10:34:46.0882588","雷小伊脱机日常 Beta 1.6.24.exe","1496","RegQueryKey","HKLM","SUCCESS","Query: Name"
"10:34:46.0882649","雷小伊脱机日常 Beta 1.6.24.exe","1496","RegOpenKey","HKLM\Software\WOW6432Node\Microsoft\Windows\CurrentVersion\Policies\Explorer","REPARSE","Desired Access: Query Value"
"10:34:46.0882713","雷小伊脱机日常 Beta 1.6.24.exe","1496","RegOpenKey","HKLM\SOFTWARE\Microsoft\Windows\CurrentVersion\Policies\Explorer","SUCCESS","Desired Access: Query Value"
"10:34:46.0882761","雷小伊脱机日常 Beta 1.6.24.exe","1496","RegSetInfoKey","HKLM\SOFTWARE\Microsoft\Windows\CurrentVersion\Policies\Explorer","SUCCESS","KeySetInformationClass: KeySetHandleTagsInformation, Length: 0"
"10:34:46.0882803","雷小伊脱机日常 Beta 1.6.24.exe","1496","RegQueryValue","HKLM\SOFTWARE\Microsoft\Windows\CurrentVersion\Policies\Explorer\NoNetCrawling","NAME NOT FOUND","Length: 16"
"10:34:46.0882864","雷小伊脱机日常 Beta 1.6.24.exe","1496","RegCloseKey","HKLM\SOFTWARE\Microsoft\Windows\CurrentVersion\Policies\Explorer","SUCCESS",""
"10:34:46.0882919","雷小伊脱机日常 Beta 1.6.24.exe","1496","RegQueryKey","HKCU","SUCCESS","Query: HandleTags, HandleTags: 0x0"
"10:34:46.0882954","雷小伊脱机日常 Beta 1.6.24.exe","1496","RegQueryKey","HKCU","SUCCESS","Query: Name"
"10:34:46.0883012","雷小伊脱机日常 Beta 1.6.24.exe","1496","RegOpenKey","HKCU\Software\Microsoft\Windows\CurrentVersion\Policies\Explorer","NAME NOT FOUND","Desired Access: Query Value"
"10:34:46.0883197","雷小伊脱机日常 Beta 1.6.24.exe","1496","RegQueryKey","HKCU\SOFTWARE\Microsoft\Windows\CurrentVersion\Explorer","SUCCESS","Query: HandleTags, HandleTags: 0x400"
"10:34:46.0883242","雷小伊脱机日常 Beta 1.6.24.exe","1496","RegOpenKey","HKCU\SOFTWARE\Microsoft\Windows\CurrentVersion\Explorer\Advanced","SUCCESS","Desired Access: Query Value"
"10:34:46.0883311","雷小伊脱机日常 Beta 1.6.24.exe","1496","RegQueryValue","HKCU\SOFTWARE\Microsoft\Windows\CurrentVersion\Explorer\Advanced\Hidden","SUCCESS","Type: REG_DWORD, Length: 4, Data: 1"
"10:34:46.0883576","雷小伊脱机日常 Beta 1.6.24.exe","1496","RegQueryValue","HKCU\SOFTWARE\Microsoft\Windows\CurrentVersion\Explorer\Advanced\ShowCompColor","SUCCESS","Type: REG_DWORD, Length: 4, Data: 1"
"10:34:46.0883630","雷小伊脱机日常 Beta 1.6.24.exe","1496","RegQueryValue","HKCU\SOFTWARE\Microsoft\Windows\CurrentVersion\Explorer\Advanced\HideFileExt","SUCCESS","Type: REG_DWORD, Length: 4, Data: 0"
"10:34:46.0883678","雷小伊脱机日常 Beta 1.6.24.exe","1496","RegQueryValue","HKCU\SOFTWARE\Microsoft\Windows\CurrentVersion\Explorer\Advanced\DontPrettyPath","SUCCESS","Type: REG_DWORD, Length: 4, Data: 0"
"10:34:46.0883727","雷小伊脱机日常 Beta 1.6.24.exe","1496","RegQueryValue","HKCU\SOFTWARE\Microsoft\Windows\CurrentVersion\Explorer\Advanced\ShowInfoTip","SUCCESS","Type: REG_DWORD, Length: 4, Data: 1"
"10:34:46.0883775","雷小伊脱机日常 Beta 1.6.24.exe","1496","RegQueryValue","HKCU\SOFTWARE\Microsoft\Windows\CurrentVersion\Explorer\Advanced\HideIcons","SUCCESS","Type: REG_DWORD, Length: 4, Data: 0"
"10:34:46.0883844","雷小伊脱机日常 Beta 1.6.24.exe","1496","RegQueryValue","HKCU\SOFTWARE\Microsoft\Windows\CurrentVersion\Explorer\Advanced\MapNetDrvBtn","SUCCESS","Type: REG_DWORD, Length: 4, Data: 0"
"10:34:46.0883900","雷小伊脱机日常 Beta 1.6.24.exe","1496","RegQueryValue","HKCU\SOFTWARE\Microsoft\Windows\CurrentVersion\Explorer\Advanced\WebView","SUCCESS","Type: REG_DWORD, Length: 4, Data: 1"
"10:34:46.0883949","雷小伊脱机日常 Beta 1.6.24.exe","1496","RegQueryValue","HKCU\SOFTWARE\Microsoft\Windows\CurrentVersion\Explorer\Advanced\Filter","SUCCESS","Type: REG_DWORD, Length: 4, Data: 0"
"10:34:46.0884004","雷小伊脱机日常 Beta 1.6.24.exe","1496","RegQueryValue","HKCU\SOFTWARE\Microsoft\Windows\CurrentVersion\Explorer\Advanced\ShowSuperHidden","SUCCESS","Type: REG_DWORD, Length: 4, Data: 0"
"10:34:46.0884057","雷小伊脱机日常 Beta 1.6.24.exe","1496","RegQueryValue","HKCU\SOFTWARE\Microsoft\Windows\CurrentVersion\Explorer\Advanced\SeparateProcess","SUCCESS","Type: REG_DWORD, Length: 4, Data: 0"
"10:34:46.0884727","雷小伊脱机日常 Beta 1.6.24.exe","1496","RegQueryValue","HKCU\SOFTWARE\Microsoft\Windows\CurrentVersion\Explorer\Advanced\NoNetCrawling","NAME NOT FOUND","Length: 16"
"10:34:46.0884805","雷小伊脱机日常 Beta 1.6.24.exe","1496","RegQueryValue","HKCU\SOFTWARE\Microsoft\Windows\CurrentVersion\Explorer\Advanced\AutoCheckSelect","SUCCESS","Type: REG_DWORD, Length: 4, Data: 0"
"10:34:46.0884860","雷小伊脱机日常 Beta 1.6.24.exe","1496","RegQueryValue","HKCU\SOFTWARE\Microsoft\Windows\CurrentVersion\Explorer\Advanced\IconsOnly","SUCCESS","Type: REG_DWORD, Length: 4, Data: 0"
"10:34:46.0884910","雷小伊脱机日常 Beta 1.6.24.exe","1496","RegQueryValue","HKCU\SOFTWARE\Microsoft\Windows\CurrentVersion\Explorer\Advanced\ShowTypeOverlay","SUCCESS","Type: REG_DWORD, Length: 4, Data: 1"
"10:34:46.0884960","雷小伊脱机日常 Beta 1.6.24.exe","1496","RegQueryValue","HKCU\SOFTWARE\Microsoft\Windows\CurrentVersion\Explorer\Advanced\ShowStatusBar","SUCCESS","Type: REG_DWORD, Length: 4, Data: 1"
"10:34:46.0885017","雷小伊脱机日常 Beta 1.6.24.exe","1496","RegCloseKey","HKCU\SOFTWARE\Microsoft\Windows\CurrentVersion\Explorer\Advanced","SUCCESS",""
"10:34:46.0885139","雷小伊脱机日常 Beta 1.6.24.exe","1496","ReadFile","C:\Windows\SysWOW64\ExplorerFrame.dll","SUCCESS","Offset: 1,577,984, Length: 32,768, I/O Flags: Non-cached, Paging I/O, Synchronous Paging I/O, Priority: Normal"
"10:34:46.0888267","雷小伊脱机日常 Beta 1.6.24.exe","1496","RegQueryKey","HKCU","SUCCESS","Query: HandleTags, HandleTags: 0x0"
"10:34:46.0888308","雷小伊脱机日常 Beta 1.6.24.exe","1496","RegQueryKey","HKCU","SUCCESS","Query: Name"
"10:34:46.0888388","雷小伊脱机日常 Beta 1.6.24.exe","1496","RegOpenKey","HKCU\Software\Microsoft\Windows\CurrentVersion\Explorer\CabinetState","SUCCESS","Desired Access: Query Value"
"10:34:46.0888510","雷小伊脱机日常 Beta 1.6.24.exe","1496","RegSetInfoKey","HKCU\SOFTWARE\Microsoft\Windows\CurrentVersion\Explorer\CabinetState","SUCCESS","KeySetInformationClass: KeySetHandleTagsInformation, Length: 0"
"10:34:46.0888556","雷小伊脱机日常 Beta 1.6.24.exe","1496","RegQueryValue","HKCU\SOFTWARE\Microsoft\Windows\CurrentVersion\Explorer\CabinetState\Settings","SUCCESS","Type: REG_BINARY, Length: 12, Data: 0C 00 02 00 0A 01 00 00 60 00 00 00"
"10:34:46.0888613","雷小伊脱机日常 Beta 1.6.24.exe","1496","RegQueryValue","HKCU\SOFTWARE\Microsoft\Windows\CurrentVersion\Explorer\CabinetState\FullPath","SUCCESS","Type: REG_DWORD, Length: 4, Data: 0"
"10:34:46.0888667","雷小伊脱机日常 Beta 1.6.24.exe","1496","RegCloseKey","HKCU\SOFTWARE\Microsoft\Windows\CurrentVersion\Explorer\CabinetState","SUCCESS",""
"10:34:46.0888989","雷小伊脱机日常 Beta 1.6.24.exe","1496","ReadFile","C:\Windows\SysWOW64\ExplorerFrame.dll","SUCCESS","Offset: 173,056, Length: 8,192, I/O Flags: Non-cached, Paging I/O, Synchronous Paging I/O, Priority: Normal"
"10:34:46.0890687","雷小伊脱机日常 Beta 1.6.24.exe","1496","RegQueryKey","HKCR","SUCCESS","Query: HandleTags, HandleTags: 0x1"
"10:34:46.0890730","雷小伊脱机日常 Beta 1.6.24.exe","1496","RegQueryKey","HKCR","SUCCESS","Query: Name"
"10:34:46.0890818","雷小伊脱机日常 Beta 1.6.24.exe","1496","RegOpenKey","HKCR\WOW6432Node\CLSID\{9BA05972-F6A8-11CF-A442-00A0C90A8F39}","SUCCESS","Desired Access: Read"
"10:34:46.0890942","雷小伊脱机日常 Beta 1.6.24.exe","1496","RegSetInfoKey","HKCR\WOW6432Node\CLSID\{9BA05972-F6A8-11CF-A442-00A0C90A8F39}","SUCCESS","KeySetInformationClass: KeySetHandleTagsInformation, Length: 0"
"10:34:46.0891001","雷小伊脱机日常 Beta 1.6.24.exe","1496","RegQueryKey","HKCR\WOW6432Node\CLSID\{9BA05972-F6A8-11CF-A442-00A0C90A8F39}","SUCCESS","Query: HandleTags, HandleTags: 0x401"
"10:34:46.0891042","雷小伊脱机日常 Beta 1.6.24.exe","1496","RegOpenKey","HKCR\WOW6432Node\CLSID\{9BA05972-F6A8-11CF-A442-00A0C90A8F39}\TreatAs","NAME NOT FOUND","Desired Access: Query Value"
"10:34:46.0891100","雷小伊脱机日常 Beta 1.6.24.exe","1496","RegQueryKey","HKCR\WOW6432Node\CLSID\{9BA05972-F6A8-11CF-A442-00A0C90A8F39}","SUCCESS","Query: Name"
"10:34:46.0891193","雷小伊脱机日常 Beta 1.6.24.exe","1496","RegQueryValue","HKCR\WOW6432Node\CLSID\{9BA05972-F6A8-11CF-A442-00A0C90A8F39}\ActivateOnHostFlags","NAME NOT FOUND","Length: 16"
"10:34:46.0891244","雷小伊脱机日常 Beta 1.6.24.exe","1496","RegQueryValue","HKCR\WOW6432Node\CLSID\{9BA05972-F6A8-11CF-A442-00A0C90A8F39}\(Default)","BUFFER OVERFLOW","Length: 12"
"10:34:46.0891296","雷小伊脱机日常 Beta 1.6.24.exe","1496","RegQueryValue","HKCR\WOW6432Node\CLSID\{9BA05972-F6A8-11CF-A442-00A0C90A8F39}\(Default)","SUCCESS","Type: REG_SZ, Length: 26, Data: ShellWindows"
"10:34:46.0891381","雷小伊脱机日常 Beta 1.6.24.exe","1496","RegQueryKey","HKCR\WOW6432Node\CLSID\{9BA05972-F6A8-11CF-A442-00A0C90A8F39}","SUCCESS","Query: HandleTags, HandleTags: 0x401"
"10:34:46.0891422","雷小伊脱机日常 Beta 1.6.24.exe","1496","RegOpenKey","HKCR\WOW6432Node\CLSID\{9BA05972-F6A8-11CF-A442-00A0C90A8F39}\InprocServer32","NAME NOT FOUND","Desired Access: Read"
"10:34:46.0891498","雷小伊脱机日常 Beta 1.6.24.exe","1496","RegQueryKey","HKCR\WOW6432Node\CLSID\{9BA05972-F6A8-11CF-A442-00A0C90A8F39}","SUCCESS","Query: HandleTags, HandleTags: 0x401"
"10:34:46.0891537","雷小伊脱机日常 Beta 1.6.24.exe","1496","RegOpenKey","HKCR\WOW6432Node\CLSID\{9BA05972-F6A8-11CF-A442-00A0C90A8F39}\InprocHandler32","NAME NOT FOUND","Desired Access: Query Value"
"10:34:46.0891610","雷小伊脱机日常 Beta 1.6.24.exe","1496","RegQueryKey","HKCR\WOW6432Node\CLSID\{9BA05972-F6A8-11CF-A442-00A0C90A8F39}","SUCCESS","Query: HandleTags, HandleTags: 0x401"
"10:34:46.0891649","雷小伊脱机日常 Beta 1.6.24.exe","1496","RegOpenKey","HKCR\WOW6432Node\CLSID\{9BA05972-F6A8-11CF-A442-00A0C90A8F39}\InprocHandler","NAME NOT FOUND","Desired Access: Query Value"
"10:34:46.0891712","雷小伊脱机日常 Beta 1.6.24.exe","1496","RegCloseKey","HKCR\WOW6432Node\CLSID\{9BA05972-F6A8-11CF-A442-00A0C90A8F39}","SUCCESS",""
"10:34:46.0922123","雷小伊脱机日常 Beta 1.6.24.exe","1496","RegQueryKey","HKCR","SUCCESS","Query: HandleTags, HandleTags: 0x1"
"10:34:46.0922203","雷小伊脱机日常 Beta 1.6.24.exe","1496","RegQueryKey","HKCR","SUCCESS","Query: Name"
"10:34:46.0922297","雷小伊脱机日常 Beta 1.6.24.exe","1496","RegOpenKey","HKCR\WOW6432Node\CLSID\{0000032A-0000-0000-C000-000000000046}","NAME NOT FOUND","Desired Access: Read"
"10:34:46.0922417","雷小伊脱机日常 Beta 1.6.24.exe","1496","RegQueryKey","HKCR","SUCCESS","Query: HandleTags, HandleTags: 0x1"
"10:34:46.0922459","雷小伊脱机日常 Beta 1.6.24.exe","1496","RegOpenKey","HKCR\CLSID\{0000032A-0000-0000-C000-000000000046}","NAME NOT FOUND","Desired Access: Read"
"10:34:46.0922728","雷小伊脱机日常 Beta 1.6.24.exe","1496","RegQueryKey","HKCR\PackagedCom","SUCCESS","Query: HandleTags, HandleTags: 0x100"
"10:34:46.0922771","雷小伊脱机日常 Beta 1.6.24.exe","1496","RegOpenKey","HKCR\PackagedCom\TreatAsClassIndex","NAME NOT FOUND","Desired Access: Read"
"10:34:46.0922895","雷小伊脱机日常 Beta 1.6.24.exe","1496","RegQueryKey","HKCR\PackagedCom\ClassIndex","SUCCESS","Query: HandleTags, HandleTags: 0x100"
"10:34:46.0922936","雷小伊脱机日常 Beta 1.6.24.exe","1496","RegOpenKey","HKCR\PackagedCom\ClassIndex\{0000032A-0000-0000-C000-000000000046}","NAME NOT FOUND","Desired Access: Read"
"10:34:46.0923179","雷小伊脱机日常 Beta 1.6.24.exe","1496","RegQueryKey","HKCR","SUCCESS","Query: HandleTags, HandleTags: 0x1"
"10:34:46.0923218","雷小伊脱机日常 Beta 1.6.24.exe","1496","RegQueryKey","HKCR","SUCCESS","Query: Name"
"10:34:46.0923288","雷小伊脱机日常 Beta 1.6.24.exe","1496","RegOpenKey","HKCR\WOW6432Node\CLSID\{00000339-0000-0000-C000-000000000046}","NAME NOT FOUND","Desired Access: Read"
"10:34:46.0923380","雷小伊脱机日常 Beta 1.6.24.exe","1496","RegQueryKey","HKCR","SUCCESS","Query: HandleTags, HandleTags: 0x1"
"10:34:46.0923422","雷小伊脱机日常 Beta 1.6.24.exe","1496","RegOpenKey","HKCR\CLSID\{00000339-0000-0000-C000-000000000046}","NAME NOT FOUND","Desired Access: Read"
"10:34:46.0923547","雷小伊脱机日常 Beta 1.6.24.exe","1496","RegQueryKey","HKCR\PackagedCom","SUCCESS","Query: HandleTags, HandleTags: 0x100"
"10:34:46.0923588","雷小伊脱机日常 Beta 1.6.24.exe","1496","RegOpenKey","HKCR\PackagedCom\TreatAsClassIndex","NAME NOT FOUND","Desired Access: Read"
"10:34:46.0923668","雷小伊脱机日常 Beta 1.6.24.exe","1496","RegQueryKey","HKCR\PackagedCom\ClassIndex","SUCCESS","Query: HandleTags, HandleTags: 0x100"
"10:34:46.0923708","雷小伊脱机日常 Beta 1.6.24.exe","1496","RegOpenKey","HKCR\PackagedCom\ClassIndex\{00000339-0000-0000-C000-000000000046}","NAME NOT FOUND","Desired Access: Read"
"10:34:46.0924262","雷小伊脱机日常 Beta 1.6.24.exe","1496","RegQueryKey","HKLM","SUCCESS","Query: HandleTags, HandleTags: 0x0"
"10:34:46.0924300","雷小伊脱机日常 Beta 1.6.24.exe","1496","RegQueryKey","HKLM","SUCCESS","Query: Name"
"10:34:46.0924382","雷小伊脱机日常 Beta 1.6.24.exe","1496","RegOpenKey","HKLM\Software\WOW6432Node\Microsoft\Ole","REPARSE","Desired Access: Read"
"10:34:46.0924503","雷小伊脱机日常 Beta 1.6.24.exe","1496","RegOpenKey","HKLM\SOFTWARE\Microsoft\Ole","SUCCESS","Desired Access: Read"
"10:34:46.0924569","雷小伊脱机日常 Beta 1.6.24.exe","1496","RegSetInfoKey","HKLM\SOFTWARE\Microsoft\Ole","SUCCESS","KeySetInformationClass: KeySetHandleTagsInformation, Length: 0"
"10:34:46.0924617","雷小伊脱机日常 Beta 1.6.24.exe","1496","RegQueryValue","HKLM\SOFTWARE\Microsoft\Ole\MaximumAllowedAllocationSize","NAME NOT FOUND","Length: 16"
"10:34:46.0924685","雷小伊脱机日常 Beta 1.6.24.exe","1496","RegCloseKey","HKLM\SOFTWARE\Microsoft\Ole","SUCCESS",""
"10:34:46.0924832","雷小伊脱机日常 Beta 1.6.24.exe","1496","RegQueryKey","HKCR","SUCCESS","Query: HandleTags, HandleTags: 0x1"
"10:34:46.0924869","雷小伊脱机日常 Beta 1.6.24.exe","1496","RegQueryKey","HKCR","SUCCESS","Query: Name"
"10:34:46.0924941","雷小伊脱机日常 Beta 1.6.24.exe","1496","RegOpenKey","HKCR\WOW6432Node\Interface\{85CB6900-4D95-11CF-960C-0080C7F4EE85}","SUCCESS","Desired Access: Read"
"10:34:46.0925113","雷小伊脱机日常 Beta 1.6.24.exe","1496","RegSetInfoKey","HKCR\WOW6432Node\Interface\{85CB6900-4D95-11CF-960C-0080C7F4EE85}","SUCCESS","KeySetInformationClass: KeySetHandleTagsInformation, Length: 0"
"10:34:46.0925170","雷小伊脱机日常 Beta 1.6.24.exe","1496","RegQueryKey","HKCR\WOW6432Node\Interface\{85CB6900-4D95-11CF-960C-0080C7F4EE85}","SUCCESS","Query: HandleTags, HandleTags: 0x401"
"10:34:46.0925213","雷小伊脱机日常 Beta 1.6.24.exe","1496","RegOpenKey","HKCR\WOW6432Node\Interface\{85CB6900-4D95-11CF-960C-0080C7F4EE85}\ProxyStubClsid32","SUCCESS","Desired Access: Read"
"10:34:46.0925401","雷小伊脱机日常 Beta 1.6.24.exe","1496","RegQueryValue","HKCR\WOW6432Node\Interface\{85CB6900-4D95-11CF-960C-0080C7F4EE85}\ProxyStubClsid32\(Default)","SUCCESS","Type: REG_SZ, Length: 78, Data: {00020424-0000-0000-C000-000000000046}"
"10:34:46.0925460","雷小伊脱机日常 Beta 1.6.24.exe","1496","RegCloseKey","HKCR\WOW6432Node\Interface\{85CB6900-4D95-11CF-960C-0080C7F4EE85}\ProxyStubClsid32","SUCCESS",""
"10:34:46.0925633","雷小伊脱机日常 Beta 1.6.24.exe","1496","RegCloseKey","HKCR\WOW6432Node\Interface\{85CB6900-4D95-11CF-960C-0080C7F4EE85}","SUCCESS",""
"10:34:46.0925719","雷小伊脱机日常 Beta 1.6.24.exe","1496","RegQueryKey","HKCR","SUCCESS","Query: HandleTags, HandleTags: 0x1"
"10:34:46.0925772","雷小伊脱机日常 Beta 1.6.24.exe","1496","RegQueryKey","HKCR","SUCCESS","Query: Name"
"10:34:46.0925962","雷小伊脱机日常 Beta 1.6.24.exe","1496","RegOpenKey","HKCR\WOW6432Node\CLSID\{00020424-0000-0000-C000-000000000046}","SUCCESS","Desired Access: Read"
"10:34:46.0926067","雷小伊脱机日常 Beta 1.6.24.exe","1496","RegSetInfoKey","HKCR\WOW6432Node\CLSID\{00020424-0000-0000-C000-000000000046}","SUCCESS","KeySetInformationClass: KeySetHandleTagsInformation, Length: 0"
"10:34:46.0926125","雷小伊脱机日常 Beta 1.6.24.exe","1496","RegQueryKey","HKCR\WOW6432Node\CLSID\{00020424-0000-0000-C000-000000000046}","SUCCESS","Query: HandleTags, HandleTags: 0x401"
"10:34:46.0926166","雷小伊脱机日常 Beta 1.6.24.exe","1496","RegOpenKey","HKCR\WOW6432Node\CLSID\{00020424-0000-0000-C000-000000000046}\TreatAs","NAME NOT FOUND","Desired Access: Query Value"
"10:34:46.0926223","雷小伊脱机日常 Beta 1.6.24.exe","1496","RegQueryKey","HKCR\WOW6432Node\CLSID\{00020424-0000-0000-C000-000000000046}","SUCCESS","Query: Name"
"10:34:46.0926314","雷小伊脱机日常 Beta 1.6.24.exe","1496","RegQueryValue","HKCR\WOW6432Node\CLSID\{00020424-0000-0000-C000-000000000046}\ActivateOnHostFlags","NAME NOT FOUND","Length: 16"
"10:34:46.0926362","雷小伊脱机日常 Beta 1.6.24.exe","1496","RegQueryValue","HKCR\WOW6432Node\CLSID\{00020424-0000-0000-C000-000000000046}\(Default)","BUFFER OVERFLOW","Length: 12"
"10:34:46.0926429","雷小伊脱机日常 Beta 1.6.24.exe","1496","RegQueryValue","HKCR\WOW6432Node\CLSID\{00020424-0000-0000-C000-000000000046}\(Default)","SUCCESS","Type: REG_SZ, Length: 28, Data: PSOAInterface"
"10:34:46.0926505","雷小伊脱机日常 Beta 1.6.24.exe","1496","RegQueryKey","HKCR\WOW6432Node\CLSID\{00020424-0000-0000-C000-000000000046}","SUCCESS","Query: HandleTags, HandleTags: 0x401"
"10:34:46.0926545","雷小伊脱机日常 Beta 1.6.24.exe","1496","RegOpenKey","HKCR\WOW6432Node\CLSID\{00020424-0000-0000-C000-000000000046}\InprocServer32","SUCCESS","Desired Access: Read"
"10:34:46.0926623","雷小伊脱机日常 Beta 1.6.24.exe","1496","RegQueryValue","HKCR\WOW6432Node\CLSID\{00020424-0000-0000-C000-000000000046}\InprocServer32\InprocServer32","NAME NOT FOUND","Length: 12"
"10:34:46.0926673","雷小伊脱机日常 Beta 1.6.24.exe","1496","RegQueryValue","HKCR\WOW6432Node\CLSID\{00020424-0000-0000-C000-000000000046}\InprocServer32\(Default)","BUFFER OVERFLOW","Length: 12"
"10:34:46.0926721","雷小伊脱机日常 Beta 1.6.24.exe","1496","RegQueryValue","HKCR\WOW6432Node\CLSID\{00020424-0000-0000-C000-000000000046}\InprocServer32\(Default)","SUCCESS","Type: REG_SZ, Length: 66, Data: C:\Windows\SysWOW64\oleaut32.dll"
"10:34:46.0926770","雷小伊脱机日常 Beta 1.6.24.exe","1496","RegQueryValue","HKCR\WOW6432Node\CLSID\{00020424-0000-0000-C000-000000000046}\InprocServer32\ThreadingModel","SUCCESS","Type: REG_SZ, Length: 10, Data: Both"
"10:34:46.0926829","雷小伊脱机日常 Beta 1.6.24.exe","1496","RegCloseKey","HKCR\WOW6432Node\CLSID\{00020424-0000-0000-C000-000000000046}\InprocServer32","SUCCESS",""
"10:34:46.0927052","雷小伊脱机日常 Beta 1.6.24.exe","1496","RegQueryKey","HKCR\WOW6432Node\CLSID\{00020424-0000-0000-C000-000000000046}","SUCCESS","Query: HandleTags, HandleTags: 0x401"
"10:34:46.0927112","雷小伊脱机日常 Beta 1.6.24.exe","1496","RegOpenKey","HKCR\WOW6432Node\CLSID\{00020424-0000-0000-C000-000000000046}\InprocHandler32","NAME NOT FOUND","Desired Access: Query Value"
"10:34:46.0927384","雷小伊脱机日常 Beta 1.6.24.exe","1496","RegQueryKey","HKCR\WOW6432Node\CLSID\{00020424-0000-0000-C000-000000000046}","SUCCESS","Query: HandleTags, HandleTags: 0x401"
"10:34:46.0927424","雷小伊脱机日常 Beta 1.6.24.exe","1496","RegOpenKey","HKCR\WOW6432Node\CLSID\{00020424-0000-0000-C000-000000000046}\InprocHandler","NAME NOT FOUND","Desired Access: Query Value"
"10:34:46.0927482","雷小伊脱机日常 Beta 1.6.24.exe","1496","RegCloseKey","HKCR\WOW6432Node\CLSID\{00020424-0000-0000-C000-000000000046}","SUCCESS",""
"10:34:46.0927671","雷小伊脱机日常 Beta 1.6.24.exe","1496","RegQueryKey","HKCR","SUCCESS","Query: HandleTags, HandleTags: 0x1"
"10:34:46.0927709","雷小伊脱机日常 Beta 1.6.24.exe","1496","RegQueryKey","HKCR","SUCCESS","Query: Name"
"10:34:46.0927781","雷小伊脱机日常 Beta 1.6.24.exe","1496","RegOpenKey","HKCR\WOW6432Node\CLSID\{00020424-0000-0000-C000-000000000046}","SUCCESS","Desired Access: Read"
"10:34:46.0927845","雷小伊脱机日常 Beta 1.6.24.exe","1496","RegSetInfoKey","HKCR\WOW6432Node\CLSID\{00020424-0000-0000-C000-000000000046}","SUCCESS","KeySetInformationClass: KeySetHandleTagsInformation, Length: 0"
"10:34:46.0927902","雷小伊脱机日常 Beta 1.6.24.exe","1496","RegQueryKey","HKCR\WOW6432Node\CLSID\{00020424-0000-0000-C000-000000000046}","SUCCESS","Query: HandleTags, HandleTags: 0x401"
"10:34:46.0927942","雷小伊脱机日常 Beta 1.6.24.exe","1496","RegOpenKey","HKCR\WOW6432Node\CLSID\{00020424-0000-0000-C000-000000000046}\TreatAs","NAME NOT FOUND","Desired Access: Query Value"
"10:34:46.0928053","雷小伊脱机日常 Beta 1.6.24.exe","1496","RegQueryKey","HKCR\WOW6432Node\CLSID\{00020424-0000-0000-C000-000000000046}","SUCCESS","Query: Name"
"10:34:46.0928118","雷小伊脱机日常 Beta 1.6.24.exe","1496","RegQueryValue","HKCR\WOW6432Node\CLSID\{00020424-0000-0000-C000-000000000046}\ActivateOnHostFlags","NAME NOT FOUND","Length: 16"
"10:34:46.0928164","雷小伊脱机日常 Beta 1.6.24.exe","1496","RegQueryValue","HKCR\WOW6432Node\CLSID\{00020424-0000-0000-C000-000000000046}\(Default)","BUFFER OVERFLOW","Length: 12"
"10:34:46.0928209","雷小伊脱机日常 Beta 1.6.24.exe","1496","RegQueryValue","HKCR\WOW6432Node\CLSID\{00020424-0000-0000-C000-000000000046}\(Default)","SUCCESS","Type: REG_SZ, Length: 28, Data: PSOAInterface"
"10:34:46.0928274","雷小伊脱机日常 Beta 1.6.24.exe","1496","RegQueryKey","HKCR\WOW6432Node\CLSID\{00020424-0000-0000-C000-000000000046}","SUCCESS","Query: HandleTags, HandleTags: 0x401"
"10:34:46.0928314","雷小伊脱机日常 Beta 1.6.24.exe","1496","RegOpenKey","HKCR\WOW6432Node\CLSID\{00020424-0000-0000-C000-000000000046}\InprocServer32","SUCCESS","Desired Access: Read"
"10:34:46.0928367","雷小伊脱机日常 Beta 1.6.24.exe","1496","RegQueryValue","HKCR\WOW6432Node\CLSID\{00020424-0000-0000-C000-000000000046}\InprocServer32\InprocServer32","NAME NOT FOUND","Length: 12"
"10:34:46.0928411","雷小伊脱机日常 Beta 1.6.24.exe","1496","RegQueryValue","HKCR\WOW6432Node\CLSID\{00020424-0000-0000-C000-000000000046}\InprocServer32\(Default)","BUFFER OVERFLOW","Length: 12"
"10:34:46.0928461","雷小伊脱机日常 Beta 1.6.24.exe","1496","RegQueryValue","HKCR\WOW6432Node\CLSID\{00020424-0000-0000-C000-000000000046}\InprocServer32\(Default)","SUCCESS","Type: REG_SZ, Length: 66, Data: C:\Windows\SysWOW64\oleaut32.dll"
"10:34:46.0928510","雷小伊脱机日常 Beta 1.6.24.exe","1496","RegQueryValue","HKCR\WOW6432Node\CLSID\{00020424-0000-0000-C000-000000000046}\InprocServer32\ThreadingModel","SUCCESS","Type: REG_SZ, Length: 10, Data: Both"
"10:34:46.0928565","雷小伊脱机日常 Beta 1.6.24.exe","1496","RegCloseKey","HKCR\WOW6432Node\CLSID\{00020424-0000-0000-C000-000000000046}\InprocServer32","SUCCESS",""
"10:34:46.0928623","雷小伊脱机日常 Beta 1.6.24.exe","1496","RegQueryKey","HKCR\WOW6432Node\CLSID\{00020424-0000-0000-C000-000000000046}","SUCCESS","Query: HandleTags, HandleTags: 0x401"
"10:34:46.0928663","雷小伊脱机日常 Beta 1.6.24.exe","1496","RegOpenKey","HKCR\WOW6432Node\CLSID\{00020424-0000-0000-C000-000000000046}\InprocHandler32","NAME NOT FOUND","Desired Access: Query Value"
"10:34:46.0928726","雷小伊脱机日常 Beta 1.6.24.exe","1496","RegQueryKey","HKCR\WOW6432Node\CLSID\{00020424-0000-0000-C000-000000000046}","SUCCESS","Query: HandleTags, HandleTags: 0x401"
"10:34:46.0928764","雷小伊脱机日常 Beta 1.6.24.exe","1496","RegOpenKey","HKCR\WOW6432Node\CLSID\{00020424-0000-0000-C000-000000000046}\InprocHandler","NAME NOT FOUND","Desired Access: Query Value"
"10:34:46.0928828","雷小伊脱机日常 Beta 1.6.24.exe","1496","RegQueryKey","HKCR\WOW6432Node\CLSID\{00020424-0000-0000-C000-000000000046}","SUCCESS","Query: HandleTags, HandleTags: 0x401"
"10:34:46.0928867","雷小伊脱机日常 Beta 1.6.24.exe","1496","RegOpenKey","HKCR\WOW6432Node\CLSID\{00020424-0000-0000-C000-000000000046}\LocalServer32","NAME NOT FOUND","Desired Access: Read"
"10:34:46.0929033","雷小伊脱机日常 Beta 1.6.24.exe","1496","RegQueryValue","HKCR\WOW6432Node\CLSID\{00020424-0000-0000-C000-000000000046}\AppID","NAME NOT FOUND","Length: 112"
"10:34:46.0929098","雷小伊脱机日常 Beta 1.6.24.exe","1496","RegQueryKey","HKCR\WOW6432Node\CLSID\{00020424-0000-0000-C000-000000000046}","SUCCESS","Query: HandleTags, HandleTags: 0x401"
"10:34:46.0929140","雷小伊脱机日常 Beta 1.6.24.exe","1496","RegOpenKey","HKCR\WOW6432Node\CLSID\{00020424-0000-0000-C000-000000000046}\LocalServer","NAME NOT FOUND","Desired Access: Query Value"
"10:34:46.0929213","雷小伊脱机日常 Beta 1.6.24.exe","1496","RegQueryKey","HKCR","SUCCESS","Query: HandleTags, HandleTags: 0x1"
"10:34:46.0929252","雷小伊脱机日常 Beta 1.6.24.exe","1496","RegQueryKey","HKCR","SUCCESS","Query: Name"
"10:34:46.0929321","雷小伊脱机日常 Beta 1.6.24.exe","1496","RegOpenKey","HKCR\WOW6432Node\CLSID\{00020424-0000-0000-C000-000000000046}","SUCCESS","Desired Access: Read"
"10:34:46.0929379","雷小伊脱机日常 Beta 1.6.24.exe","1496","RegSetInfoKey","HKCR\WOW6432Node\CLSID\{00020424-0000-0000-C000-000000000046}","SUCCESS","KeySetInformationClass: KeySetHandleTagsInformation, Length: 0"
"10:34:46.0929434","雷小伊脱机日常 Beta 1.6.24.exe","1496","RegQueryKey","HKCR\WOW6432Node\CLSID\{00020424-0000-0000-C000-000000000046}","SUCCESS","Query: HandleTags, HandleTags: 0x401"
"10:34:46.0929474","雷小伊脱机日常 Beta 1.6.24.exe","1496","RegOpenKey","HKCR\WOW6432Node\CLSID\{00020424-0000-0000-C000-000000000046}\Elevation","NAME NOT FOUND","Desired Access: Read"
"10:34:46.0929530","雷小伊脱机日常 Beta 1.6.24.exe","1496","RegCloseKey","HKCR\WOW6432Node\CLSID\{00020424-0000-0000-C000-000000000046}","SUCCESS",""
"10:34:46.0929574","雷小伊脱机日常 Beta 1.6.24.exe","1496","RegCloseKey","HKCR\WOW6432Node\CLSID\{00020424-0000-0000-C000-000000000046}","SUCCESS",""
"10:34:46.0929644","雷小伊脱机日常 Beta 1.6.24.exe","1496","RegQueryKey","HKCR","SUCCESS","Query: HandleTags, HandleTags: 0x1"
"10:34:46.0929679","雷小伊脱机日常 Beta 1.6.24.exe","1496","RegQueryKey","HKCR","SUCCESS","Query: Name"
"10:34:46.0929754","雷小伊脱机日常 Beta 1.6.24.exe","1496","RegOpenKey","HKCR\WOW6432Node\CLSID\{00020424-0000-0000-C000-000000000046}","SUCCESS","Desired Access: Read"
"10:34:46.0929805","雷小伊脱机日常 Beta 1.6.24.exe","1496","RegSetInfoKey","HKCR\WOW6432Node\CLSID\{00020424-0000-0000-C000-000000000046}","SUCCESS","KeySetInformationClass: KeySetHandleTagsInformation, Length: 0"
"10:34:46.0929877","雷小伊脱机日常 Beta 1.6.24.exe","1496","RegQueryKey","HKCR\WOW6432Node\CLSID\{00020424-0000-0000-C000-000000000046}","SUCCESS","Query: HandleTags, HandleTags: 0x401"
"10:34:46.0929917","雷小伊脱机日常 Beta 1.6.24.exe","1496","RegOpenKey","HKCR\WOW6432Node\CLSID\{00020424-0000-0000-C000-000000000046}\TreatAs","NAME NOT FOUND","Desired Access: Read"
"10:34:46.0929967","雷小伊脱机日常 Beta 1.6.24.exe","1496","RegCloseKey","HKCR\WOW6432Node\CLSID\{00020424-0000-0000-C000-000000000046}","SUCCESS",""
"10:34:46.0930230","雷小伊脱机日常 Beta 1.6.24.exe","1496","RegQueryKey","HKLM","SUCCESS","Query: HandleTags, HandleTags: 0x0"
"10:34:46.0930266","雷小伊脱机日常 Beta 1.6.24.exe","1496","RegQueryKey","HKLM","SUCCESS","Query: Name"
"10:34:46.0930324","雷小伊脱机日常 Beta 1.6.24.exe","1496","RegOpenKey","HKCR","SUCCESS","Desired Access: Maximum Allowed, Granted Access: All Access"
"10:34:46.0930399","雷小伊脱机日常 Beta 1.6.24.exe","1496","RegSetInfoKey","HKCR","SUCCESS","KeySetInformationClass: KeySetHandleTagsInformation, Length: 0"
"10:34:46.0930458","雷小伊脱机日常 Beta 1.6.24.exe","1496","RegQueryKey","HKCR","SUCCESS","Query: HandleTags, HandleTags: 0x1"
"10:34:46.0930494","雷小伊脱机日常 Beta 1.6.24.exe","1496","RegQueryKey","HKCR","SUCCESS","Query: Name"
"10:34:46.0930562","雷小伊脱机日常 Beta 1.6.24.exe","1496","RegOpenKey","HKCR\WOW6432Node\Interface\{85CB6900-4D95-11CF-960C-0080C7F4EE85}\ProxyStubClsid32","SUCCESS","Desired Access: Maximum Allowed, Granted Access: Read"
"10:34:46.0930625","雷小伊脱机日常 Beta 1.6.24.exe","1496","RegSetInfoKey","HKCR\WOW6432Node\Interface\{85CB6900-4D95-11CF-960C-0080C7F4EE85}\ProxyStubClsid32","SUCCESS","KeySetInformationClass: KeySetHandleTagsInformation, Length: 0"
"10:34:46.0930668","雷小伊脱机日常 Beta 1.6.24.exe","1496","RegCloseKey","HKCR","SUCCESS",""
"10:34:46.0930710","雷小伊脱机日常 Beta 1.6.24.exe","1496","RegQueryValue","HKCR\WOW6432Node\Interface\{85CB6900-4D95-11CF-960C-0080C7F4EE85}\ProxyStubClsid32\(Default)","SUCCESS","Type: REG_SZ, Length: 78, Data: {00020424-0000-0000-C000-000000000046}"
"10:34:46.0930851","雷小伊脱机日常 Beta 1.6.24.exe","1496","RegCloseKey","HKCR\WOW6432Node\Interface\{85CB6900-4D95-11CF-960C-0080C7F4EE85}\ProxyStubClsid32","SUCCESS",""
"10:34:46.0931492","雷小伊脱机日常 Beta 1.6.24.exe","1496","RegQueryKey","HKLM","SUCCESS","Query: HandleTags, HandleTags: 0x0"
"10:34:46.0931535","雷小伊脱机日常 Beta 1.6.24.exe","1496","RegQueryKey","HKLM","SUCCESS","Query: Name"
"10:34:46.0931602","雷小伊脱机日常 Beta 1.6.24.exe","1496","RegOpenKey","HKCR","SUCCESS","Desired Access: Maximum Allowed, Granted Access: All Access"
"10:34:46.0931665","雷小伊脱机日常 Beta 1.6.24.exe","1496","RegSetInfoKey","HKCR","SUCCESS","KeySetInformationClass: KeySetHandleTagsInformation, Length: 0"
"10:34:46.0931729","雷小伊脱机日常 Beta 1.6.24.exe","1496","RegQueryKey","HKCR","SUCCESS","Query: HandleTags, HandleTags: 0x1"
"10:34:46.0931765","雷小伊脱机日常 Beta 1.6.24.exe","1496","RegQueryKey","HKCR","SUCCESS","Query: Name"
"10:34:46.0931839","雷小伊脱机日常 Beta 1.6.24.exe","1496","RegOpenKey","HKCR\WOW6432Node\Interface\{85CB6900-4D95-11CF-960C-0080C7F4EE85}\Forward","NAME NOT FOUND","Desired Access: Maximum Allowed"
"10:34:46.0931923","雷小伊脱机日常 Beta 1.6.24.exe","1496","RegQueryKey","HKCR","SUCCESS","Query: HandleTags, HandleTags: 0x1"
"10:34:46.0931963","雷小伊脱机日常 Beta 1.6.24.exe","1496","RegOpenKey","HKCR\Interface\{85CB6900-4D95-11CF-960C-0080C7F4EE85}\Forward","NAME NOT FOUND","Desired Access: Maximum Allowed"
"10:34:46.0932226","雷小伊脱机日常 Beta 1.6.24.exe","1496","RegCloseKey","HKCR","SUCCESS",""
"10:34:46.0932320","雷小伊脱机日常 Beta 1.6.24.exe","1496","RegQueryKey","HKLM","SUCCESS","Query: HandleTags, HandleTags: 0x0"
"10:34:46.0932356","雷小伊脱机日常 Beta 1.6.24.exe","1496","RegQueryKey","HKLM","SUCCESS","Query: Name"
"10:34:46.0932413","雷小伊脱机日常 Beta 1.6.24.exe","1496","RegOpenKey","HKCR","SUCCESS","Desired Access: Maximum Allowed, Granted Access: All Access"
"10:34:46.0932465","雷小伊脱机日常 Beta 1.6.24.exe","1496","RegSetInfoKey","HKCR","SUCCESS","KeySetInformationClass: KeySetHandleTagsInformation, Length: 0"
"10:34:46.0932525","雷小伊脱机日常 Beta 1.6.24.exe","1496","RegQueryKey","HKCR","SUCCESS","Query: HandleTags, HandleTags: 0x1"
"10:34:46.0932561","雷小伊脱机日常 Beta 1.6.24.exe","1496","RegQueryKey","HKCR","SUCCESS","Query: Name"
"10:34:46.0932631","雷小伊脱机日常 Beta 1.6.24.exe","1496","RegOpenKey","HKCR\WOW6432Node\Interface\{85CB6900-4D95-11CF-960C-0080C7F4EE85}\TypeLib","SUCCESS","Desired Access: Maximum Allowed, Granted Access: Read"
"10:34:46.0932725","雷小伊脱机日常 Beta 1.6.24.exe","1496","RegSetInfoKey","HKCR\WOW6432Node\Interface\{85CB6900-4D95-11CF-960C-0080C7F4EE85}\TypeLib","SUCCESS","KeySetInformationClass: KeySetHandleTagsInformation, Length: 0"
"10:34:46.0932768","雷小伊脱机日常 Beta 1.6.24.exe","1496","RegCloseKey","HKCR","SUCCESS",""
"10:34:46.0932810","雷小伊脱机日常 Beta 1.6.24.exe","1496","RegQueryValue","HKCR\WOW6432Node\Interface\{85CB6900-4D95-11CF-960C-0080C7F4EE85}\TypeLib\(Default)","SUCCESS","Type: REG_SZ, Length: 78, Data: {EAB22AC0-30C1-11CF-A7EB-0000C05BAE0B}"
"10:34:46.0932861","雷小伊脱机日常 Beta 1.6.24.exe","1496","RegQueryValue","HKCR\WOW6432Node\Interface\{85CB6900-4D95-11CF-960C-0080C7F4EE85}\TypeLib\Version","SUCCESS","Type: REG_SZ, Length: 8, Data: 1.1"
"10:34:46.0932923","雷小伊脱机日常 Beta 1.6.24.exe","1496","RegCloseKey","HKCR\WOW6432Node\Interface\{85CB6900-4D95-11CF-960C-0080C7F4EE85}\TypeLib","SUCCESS",""
"10:34:46.0932992","雷小伊脱机日常 Beta 1.6.24.exe","1496","RegQueryKey","HKLM","SUCCESS","Query: HandleTags, HandleTags: 0x0"
"10:34:46.0933030","雷小伊脱机日常 Beta 1.6.24.exe","1496","RegQueryKey","HKLM","SUCCESS","Query: Name"
"10:34:46.0933085","雷小伊脱机日常 Beta 1.6.24.exe","1496","RegOpenKey","HKCR","SUCCESS","Desired Access: Maximum Allowed, Granted Access: All Access"
"10:34:46.0933135","雷小伊脱机日常 Beta 1.6.24.exe","1496","RegSetInfoKey","HKCR","SUCCESS","KeySetInformationClass: KeySetHandleTagsInformation, Length: 0"
"10:34:46.0933191","雷小伊脱机日常 Beta 1.6.24.exe","1496","RegQueryKey","HKCR","SUCCESS","Query: HandleTags, HandleTags: 0x1"
"10:34:46.0933228","雷小伊脱机日常 Beta 1.6.24.exe","1496","RegQueryKey","HKCR","SUCCESS","Query: Name"
"10:34:46.0933287","雷小伊脱机日常 Beta 1.6.24.exe","1496","RegOpenKey","HKCR\TypeLib\{EAB22AC0-30C1-11CF-A7EB-0000C05BAE0B}","SUCCESS","Desired Access: Maximum Allowed, Granted Access: Read"
"10:34:46.0933378","雷小伊脱机日常 Beta 1.6.24.exe","1496","RegSetInfoKey","HKCR\TypeLib\{EAB22AC0-30C1-11CF-A7EB-0000C05BAE0B}","SUCCESS","KeySetInformationClass: KeySetHandleTagsInformation, Length: 0"
"10:34:46.0933421","雷小伊脱机日常 Beta 1.6.24.exe","1496","RegCloseKey","HKCR","SUCCESS",""
"10:34:46.0933468","雷小伊脱机日常 Beta 1.6.24.exe","1496","RegEnumKey","HKCR\TypeLib\{EAB22AC0-30C1-11CF-A7EB-0000C05BAE0B}","SUCCESS","Index: 0, Name: 1.1"
"10:34:46.0933543","雷小伊脱机日常 Beta 1.6.24.exe","1496","RegEnumKey","HKCR\TypeLib\{EAB22AC0-30C1-11CF-A7EB-0000C05BAE0B}","NO MORE ENTRIES","Index: 1, Length: 288"
"10:34:46.0933606","雷小伊脱机日常 Beta 1.6.24.exe","1496","RegQueryKey","HKCR\TypeLib\{EAB22AC0-30C1-11CF-A7EB-0000C05BAE0B}","SUCCESS","Query: HandleTags, HandleTags: 0x401"
"10:34:46.0933647","雷小伊脱机日常 Beta 1.6.24.exe","1496","RegOpenKey","HKCR\TypeLib\{EAB22AC0-30C1-11CF-A7EB-0000C05BAE0B}\1.1","SUCCESS","Desired Access: Maximum Allowed, Granted Access: Read"
"10:34:46.0933720","雷小伊脱机日常 Beta 1.6.24.exe","1496","RegEnumKey","HKCR\TypeLib\{EAB22AC0-30C1-11CF-A7EB-0000C05BAE0B}\1.1","SUCCESS","Index: 0, Name: 0"
"10:34:46.0933795","雷小伊脱机日常 Beta 1.6.24.exe","1496","RegQueryKey","HKCR\TypeLib\{EAB22AC0-30C1-11CF-A7EB-0000C05BAE0B}\1.1","SUCCESS","Query: HandleTags, HandleTags: 0x401"
"10:34:46.0933833","雷小伊脱机日常 Beta 1.6.24.exe","1496","RegOpenKey","HKCR\TypeLib\{EAB22AC0-30C1-11CF-A7EB-0000C05BAE0B}\1.1\0","SUCCESS","Desired Access: Maximum Allowed, Granted Access: Read"
"10:34:46.0933920","雷小伊脱机日常 Beta 1.6.24.exe","1496","RegQueryKey","HKCR\TypeLib\{EAB22AC0-30C1-11CF-A7EB-0000C05BAE0B}\1.1\0","SUCCESS","Query: HandleTags, HandleTags: 0x401"
"10:34:46.0933962","雷小伊脱机日常 Beta 1.6.24.exe","1496","RegOpenKey","HKCR\TypeLib\{EAB22AC0-30C1-11CF-A7EB-0000C05BAE0B}\1.1\0\win32","SUCCESS","Desired Access: Maximum Allowed, Granted Access: Read"
"10:34:46.0934034","雷小伊脱机日常 Beta 1.6.24.exe","1496","RegQueryValue","HKCR\TypeLib\{EAB22AC0-30C1-11CF-A7EB-0000C05BAE0B}\1.1\0\win32\(Default)","SUCCESS","Type: REG_SZ, Length: 64, Data: C:\Windows\SysWOW64\ieframe.dll"
"10:34:46.0934613","雷小伊脱机日常 Beta 1.6.24.exe","1496","CreateFile","C:\Windows\SysWOW64\ieframe.dll","SUCCESS","Desired Access: Generic Read, Disposition: Open, Options: Synchronous IO Non-Alert, Non-Directory File, Random Access, Attributes: n/a, ShareMode: Read, Delete, AllocationSize: n/a, OpenResult: Opened"
"10:34:46.0934920","雷小伊脱机日常 Beta 1.6.24.exe","1496","ReadFile","C:\Windows\SysWOW64\ieframe.dll","SUCCESS","Offset: 0, Length: 64, Priority: Normal"
"10:34:46.0935112","雷小伊脱机日常 Beta 1.6.24.exe","1496","ReadFile","C:\Windows\SysWOW64\ieframe.dll","SUCCESS","Offset: 256, Length: 4"
"10:34:46.0935169","雷小伊脱机日常 Beta 1.6.24.exe","1496","ReadFile","C:\Windows\SysWOW64\ieframe.dll","SUCCESS","Offset: 260, Length: 20"
"10:34:46.0935215","雷小伊脱机日常 Beta 1.6.24.exe","1496","ReadFile","C:\Windows\SysWOW64\ieframe.dll","SUCCESS","Offset: 504, Length: 40"
"10:34:46.0935277","雷小伊脱机日常 Beta 1.6.24.exe","1496","ReadFile","C:\Windows\SysWOW64\ieframe.dll","SUCCESS","Offset: 544, Length: 40"
"10:34:46.0935318","雷小伊脱机日常 Beta 1.6.24.exe","1496","ReadFile","C:\Windows\SysWOW64\ieframe.dll","SUCCESS","Offset: 584, Length: 40"
"10:34:46.0935358","雷小伊脱机日常 Beta 1.6.24.exe","1496","ReadFile","C:\Windows\SysWOW64\ieframe.dll","SUCCESS","Offset: 624, Length: 40"
"10:34:46.0935397","雷小伊脱机日常 Beta 1.6.24.exe","1496","ReadFile","C:\Windows\SysWOW64\ieframe.dll","SUCCESS","Offset: 664, Length: 40"
"10:34:46.0935439","雷小伊脱机日常 Beta 1.6.24.exe","1496","ReadFile","C:\Windows\SysWOW64\ieframe.dll","SUCCESS","Offset: 704, Length: 40"
"10:34:46.0935486","雷小伊脱机日常 Beta 1.6.24.exe","1496","ReadFile","C:\Windows\SysWOW64\ieframe.dll","SUCCESS","Offset: 6,121,472, Length: 16"
"10:34:46.0935621","雷小伊脱机日常 Beta 1.6.24.exe","1496","ReadFile","C:\Windows\SysWOW64\ieframe.dll","SUCCESS","Offset: 6,119,424, Length: 4,096, I/O Flags: Non-cached, Paging I/O, Priority: Normal"
"10:34:46.0937038","雷小伊脱机日常 Beta 1.6.24.exe","1496","ReadFile","C:\Windows\SysWOW64\ieframe.dll","SUCCESS","Offset: 6,121,488, Length: 8"
"10:34:46.0937219","雷小伊脱机日常 Beta 1.6.24.exe","1496","ReadFile","C:\Windows\SysWOW64\ieframe.dll","SUCCESS","Offset: 6,121,792, Length: 2"
"10:34:46.0937283","雷小伊脱机日常 Beta 1.6.24.exe","1496","ReadFile","C:\Windows\SysWOW64\ieframe.dll","SUCCESS","Offset: 6,121,496, Length: 8"
"10:34:46.0937334","雷小伊脱机日常 Beta 1.6.24.exe","1496","ReadFile","C:\Windows\SysWOW64\ieframe.dll","SUCCESS","Offset: 6,121,776, Length: 2"
"10:34:46.0937373","雷小伊脱机日常 Beta 1.6.24.exe","1496","ReadFile","C:\Windows\SysWOW64\ieframe.dll","SUCCESS","Offset: 6,121,778, Length: 14"
"10:34:46.0937426","雷小伊脱机日常 Beta 1.6.24.exe","1496","ReadFile","C:\Windows\SysWOW64\ieframe.dll","SUCCESS","Offset: 6,121,544, Length: 16"
"10:34:46.0937469","雷小伊脱机日常 Beta 1.6.24.exe","1496","ReadFile","C:\Windows\SysWOW64\ieframe.dll","SUCCESS","Offset: 6,121,560, Length: 8"
"10:34:46.0937518","雷小伊脱机日常 Beta 1.6.24.exe","1496","ReadFile","C:\Windows\SysWOW64\ieframe.dll","SUCCESS","Offset: 6,121,640, Length: 16"
"10:34:46.0937557","雷小伊脱机日常 Beta 1.6.24.exe","1496","ReadFile","C:\Windows\SysWOW64\ieframe.dll","SUCCESS","Offset: 6,121,656, Length: 8"
"10:34:46.0937601","雷小伊脱机日常 Beta 1.6.24.exe","1496","ReadFile","C:\Windows\SysWOW64\ieframe.dll","SUCCESS","Offset: 6,121,728, Length: 16"
"10:34:46.0937651","雷小伊脱机日常 Beta 1.6.24.exe","1496","QueryStandardInformationFile","C:\Windows\SysWOW64\ieframe.dll","SUCCESS","AllocationSize: 6,524,928, EndOfFile: 6,524,416, NumberOfLinks: 2, DeletePending: False, Directory: False"
"10:34:46.0937723","雷小伊脱机日常 Beta 1.6.24.exe","1496","CreateFileMapping","C:\Windows\SysWOW64\ieframe.dll","FILE LOCKED WITH ONLY READERS","SyncType: SyncTypeCreateSection, PageProtection: PAGE_EXECUTE_READWRITE|PAGE_NOCACHE"
"10:34:46.0937791","雷小伊脱机日常 Beta 1.6.24.exe","1496","QueryStandardInformationFile","C:\Windows\SysWOW64\ieframe.dll","SUCCESS","AllocationSize: 6,524,928, EndOfFile: 6,524,416, NumberOfLinks: 2, DeletePending: False, Directory: False"
"10:34:46.0937875","雷小伊脱机日常 Beta 1.6.24.exe","1496","CreateFileMapping","C:\Windows\SysWOW64\ieframe.dll","SUCCESS","SyncType: SyncTypeOther"
"10:34:46.0938200","雷小伊脱机日常 Beta 1.6.24.exe","1496","ReadFile","C:\Windows\SysWOW64\ieframe.dll","SUCCESS","Offset: 6,123,520, Length: 32,768, I/O Flags: Non-cached, Paging I/O, Synchronous Paging I/O, Priority: Normal"
"10:34:46.0940874","雷小伊脱机日常 Beta 1.6.24.exe","1496","RegCloseKey","HKCR\TypeLib\{EAB22AC0-30C1-11CF-A7EB-0000C05BAE0B}\1.1\0\win32","SUCCESS",""
"10:34:46.0941137","雷小伊脱机日常 Beta 1.6.24.exe","1496","RegCloseKey","HKCR\TypeLib\{EAB22AC0-30C1-11CF-A7EB-0000C05BAE0B}\1.1\0","SUCCESS",""
"10:34:46.0941184","雷小伊脱机日常 Beta 1.6.24.exe","1496","RegCloseKey","HKCR\TypeLib\{EAB22AC0-30C1-11CF-A7EB-0000C05BAE0B}\1.1","SUCCESS",""
"10:34:46.0941225","雷小伊脱机日常 Beta 1.6.24.exe","1496","RegCloseKey","HKCR\TypeLib\{EAB22AC0-30C1-11CF-A7EB-0000C05BAE0B}","SUCCESS",""
"10:34:46.0941619","雷小伊脱机日常 Beta 1.6.24.exe","1496","RegQueryKey","HKCR\PackagedCom","SUCCESS","Query: HandleTags, HandleTags: 0x100"
"10:34:46.0941684","雷小伊脱机日常 Beta 1.6.24.exe","1496","RegOpenKey","HKCR\PackagedCom\TypeLibIndex","NAME NOT FOUND","Desired Access: Read"
"10:34:46.0941820","雷小伊脱机日常 Beta 1.6.24.exe","1496","RegQueryKey","HKLM","SUCCESS","Query: HandleTags, HandleTags: 0x0"
"10:34:46.0941862","雷小伊脱机日常 Beta 1.6.24.exe","1496","RegQueryKey","HKLM","SUCCESS","Query: Name"
"10:34:46.0941936","雷小伊脱机日常 Beta 1.6.24.exe","1496","RegOpenKey","HKCR","SUCCESS","Desired Access: Maximum Allowed, Granted Access: All Access"
"10:34:46.0942016","雷小伊脱机日常 Beta 1.6.24.exe","1496","RegSetInfoKey","HKCR","SUCCESS","KeySetInformationClass: KeySetHandleTagsInformation, Length: 0"
"10:34:46.0942081","雷小伊脱机日常 Beta 1.6.24.exe","1496","RegQueryKey","HKCR","SUCCESS","Query: HandleTags, HandleTags: 0x1"
"10:34:46.0942118","雷小伊脱机日常 Beta 1.6.24.exe","1496","RegQueryKey","HKCR","SUCCESS","Query: Name"
"10:34:46.0942181","雷小伊脱机日常 Beta 1.6.24.exe","1496","RegOpenKey","HKCR\TypeLib","SUCCESS","Desired Access: Maximum Allowed, Granted Access: All Access"
"10:34:46.0942248","雷小伊脱机日常 Beta 1.6.24.exe","1496","RegSetInfoKey","HKCR\TypeLib","SUCCESS","KeySetInformationClass: KeySetHandleTagsInformation, Length: 0"
"10:34:46.0942293","雷小伊脱机日常 Beta 1.6.24.exe","1496","RegCloseKey","HKCR","SUCCESS",""
"10:34:46.0942354","雷小伊脱机日常 Beta 1.6.24.exe","1496","RegQueryKey","HKCR\TypeLib","SUCCESS","Query: HandleTags, HandleTags: 0x401"
"10:34:46.0942395","雷小伊脱机日常 Beta 1.6.24.exe","1496","RegOpenKey","HKCR\TypeLib\{00020430-0000-0000-C000-000000000046}","SUCCESS","Desired Access: Maximum Allowed, Granted Access: Read"
"10:34:46.0942498","雷小伊脱机日常 Beta 1.6.24.exe","1496","RegQueryKey","HKCR\TypeLib\{00020430-0000-0000-C000-000000000046}","SUCCESS","Query: HandleTags, HandleTags: 0x401"
"10:34:46.0942539","雷小伊脱机日常 Beta 1.6.24.exe","1496","RegOpenKey","HKCR\TypeLib\{00020430-0000-0000-C000-000000000046}\2.0","SUCCESS","Desired Access: Maximum Allowed, Granted Access: Read"
"10:34:46.0942614","雷小伊脱机日常 Beta 1.6.24.exe","1496","RegQueryKey","HKCR\TypeLib\{00020430-0000-0000-C000-000000000046}\2.0","SUCCESS","Query: HandleTags, HandleTags: 0x401"
"10:34:46.0942652","雷小伊脱机日常 Beta 1.6.24.exe","1496","RegOpenKey","HKCR\TypeLib\{00020430-0000-0000-C000-000000000046}\2.0\0","SUCCESS","Desired Access: Maximum Allowed, Granted Access: Read"
"10:34:46.0942724","雷小伊脱机日常 Beta 1.6.24.exe","1496","RegQueryKey","HKCR\TypeLib\{00020430-0000-0000-C000-000000000046}\2.0\0","SUCCESS","Query: HandleTags, HandleTags: 0x401"
"10:34:46.0942762","雷小伊脱机日常 Beta 1.6.24.exe","1496","RegOpenKey","HKCR\TypeLib\{00020430-0000-0000-C000-000000000046}\2.0\0\win32","SUCCESS","Desired Access: Maximum Allowed, Granted Access: Read"
"10:34:46.0942832","雷小伊脱机日常 Beta 1.6.24.exe","1496","RegCloseKey","HKCR\TypeLib\{00020430-0000-0000-C000-000000000046}\2.0\0\win32","SUCCESS",""
"10:34:46.0942876","雷小伊脱机日常 Beta 1.6.24.exe","1496","RegCloseKey","HKCR\TypeLib\{00020430-0000-0000-C000-000000000046}\2.0\0","SUCCESS",""
"10:34:46.0942931","雷小伊脱机日常 Beta 1.6.24.exe","1496","RegQueryKey","HKCR\TypeLib\{00020430-0000-0000-C000-000000000046}\2.0","SUCCESS","Query: HandleTags, HandleTags: 0x401"
"10:34:46.0942969","雷小伊脱机日常 Beta 1.6.24.exe","1496","RegOpenKey","HKCR\TypeLib\{00020430-0000-0000-C000-000000000046}\2.0\0","SUCCESS","Desired Access: Maximum Allowed, Granted Access: Read"
"10:34:46.0943033","雷小伊脱机日常 Beta 1.6.24.exe","1496","RegQueryKey","HKCR\TypeLib\{00020430-0000-0000-C000-000000000046}\2.0\0","SUCCESS","Query: HandleTags, HandleTags: 0x401"
"10:34:46.0943070","雷小伊脱机日常 Beta 1.6.24.exe","1496","RegOpenKey","HKCR\TypeLib\{00020430-0000-0000-C000-000000000046}\2.0\0\win32","SUCCESS","Desired Access: Query Value"
"10:34:46.0943142","雷小伊脱机日常 Beta 1.6.24.exe","1496","RegQueryValue","HKCR\TypeLib\{00020430-0000-0000-C000-000000000046}\2.0\0\win32\(Default)","SUCCESS","Type: REG_SZ, Length: 64, Data: C:\Windows\SysWOW64\stdole2.tlb"
"10:34:46.0943199","雷小伊脱机日常 Beta 1.6.24.exe","1496","RegCloseKey","HKCR\TypeLib\{00020430-0000-0000-C000-000000000046}\2.0\0\win32","SUCCESS",""
"10:34:46.0943241","雷小伊脱机日常 Beta 1.6.24.exe","1496","RegCloseKey","HKCR\TypeLib\{00020430-0000-0000-C000-000000000046}\2.0\0","SUCCESS",""
"10:34:46.0943280","雷小伊脱机日常 Beta 1.6.24.exe","1496","RegCloseKey","HKCR\TypeLib\{00020430-0000-0000-C000-000000000046}\2.0","SUCCESS",""
"10:34:46.0943319","雷小伊脱机日常 Beta 1.6.24.exe","1496","RegCloseKey","HKCR\TypeLib\{00020430-0000-0000-C000-000000000046}","SUCCESS",""
"10:34:46.0943358","雷小伊脱机日常 Beta 1.6.24.exe","1496","RegCloseKey","HKCR\TypeLib","SUCCESS",""
"10:34:46.0943900","雷小伊脱机日常 Beta 1.6.24.exe","1496","CreateFile","C:\Windows\SysWOW64\stdole2.tlb","SUCCESS","Desired Access: Generic Read, Disposition: Open, Options: Synchronous IO Non-Alert, Non-Directory File, Random Access, Attributes: n/a, ShareMode: Read, Delete, AllocationSize: n/a, OpenResult: Opened"
"10:34:46.0944163","雷小伊脱机日常 Beta 1.6.24.exe","1496","ReadFile","C:\Windows\SysWOW64\stdole2.tlb","SUCCESS","Offset: 0, Length: 64, Priority: Normal"
"10:34:46.0944297","雷小伊脱机日常 Beta 1.6.24.exe","1496","ReadFile","C:\Windows\SysWOW64\stdole2.tlb","SUCCESS","Offset: 184, Length: 4"
"10:34:46.0944345","雷小伊脱机日常 Beta 1.6.24.exe","1496","ReadFile","C:\Windows\SysWOW64\stdole2.tlb","SUCCESS","Offset: 188, Length: 20"
"10:34:46.0944390","雷小伊脱机日常 Beta 1.6.24.exe","1496","ReadFile","C:\Windows\SysWOW64\stdole2.tlb","SUCCESS","Offset: 432, Length: 40"
"10:34:46.0944442","雷小伊脱机日常 Beta 1.6.24.exe","1496","ReadFile","C:\Windows\SysWOW64\stdole2.tlb","SUCCESS","Offset: 472, Length: 40"
"10:34:46.0944491","雷小伊脱机日常 Beta 1.6.24.exe","1496","ReadFile","C:\Windows\SysWOW64\stdole2.tlb","SUCCESS","Offset: 1,024, Length: 16"
"10:34:46.0944530","雷小伊脱机日常 Beta 1.6.24.exe","1496","ReadFile","C:\Windows\SysWOW64\stdole2.tlb","SUCCESS","Offset: 1,040, Length: 8"
"10:34:46.0944575","雷小伊脱机日常 Beta 1.6.24.exe","1496","ReadFile","C:\Windows\SysWOW64\stdole2.tlb","SUCCESS","Offset: 1,272, Length: 2"
"10:34:46.0944617","雷小伊脱机日常 Beta 1.6.24.exe","1496","ReadFile","C:\Windows\SysWOW64\stdole2.tlb","SUCCESS","Offset: 1,048, Length: 8"
"10:34:46.0944662","雷小伊脱机日常 Beta 1.6.24.exe","1496","ReadFile","C:\Windows\SysWOW64\stdole2.tlb","SUCCESS","Offset: 1,256, Length: 2"
"10:34:46.0944700","雷小伊脱机日常 Beta 1.6.24.exe","1496","ReadFile","C:\Windows\SysWOW64\stdole2.tlb","SUCCESS","Offset: 1,258, Length: 14"
"10:34:46.0944750","雷小伊脱机日常 Beta 1.6.24.exe","1496","ReadFile","C:\Windows\SysWOW64\stdole2.tlb","SUCCESS","Offset: 1,088, Length: 16"
"10:34:46.0944792","雷小伊脱机日常 Beta 1.6.24.exe","1496","ReadFile","C:\Windows\SysWOW64\stdole2.tlb","SUCCESS","Offset: 1,104, Length: 8"
"10:34:46.0944839","雷小伊脱机日常 Beta 1.6.24.exe","1496","ReadFile","C:\Windows\SysWOW64\stdole2.tlb","SUCCESS","Offset: 1,160, Length: 16"
"10:34:46.0944877","雷小伊脱机日常 Beta 1.6.24.exe","1496","ReadFile","C:\Windows\SysWOW64\stdole2.tlb","SUCCESS","Offset: 1,176, Length: 8"
"10:34:46.0944919","雷小伊脱机日常 Beta 1.6.24.exe","1496","ReadFile","C:\Windows\SysWOW64\stdole2.tlb","SUCCESS","Offset: 1,224, Length: 16"
"10:34:46.0944963","雷小伊脱机日常 Beta 1.6.24.exe","1496","QueryStandardInformationFile","C:\Windows\SysWOW64\stdole2.tlb","SUCCESS","AllocationSize: 20,480, EndOfFile: 18,432, NumberOfLinks: 2, DeletePending: False, Directory: False"
"10:34:46.0945021","雷小伊脱机日常 Beta 1.6.24.exe","1496","CreateFileMapping","C:\Windows\SysWOW64\stdole2.tlb","FILE LOCKED WITH ONLY READERS","SyncType: SyncTypeCreateSection, PageProtection: PAGE_EXECUTE_READWRITE|PAGE_NOCACHE"
"10:34:46.0945073","雷小伊脱机日常 Beta 1.6.24.exe","1496","QueryStandardInformationFile","C:\Windows\SysWOW64\stdole2.tlb","SUCCESS","AllocationSize: 20,480, EndOfFile: 18,432, NumberOfLinks: 2, DeletePending: False, Directory: False"
"10:34:46.0945161","雷小伊脱机日常 Beta 1.6.24.exe","1496","CreateFileMapping","C:\Windows\SysWOW64\stdole2.tlb","SUCCESS","SyncType: SyncTypeOther"
"10:34:46.0945435","雷小伊脱机日常 Beta 1.6.24.exe","1496","ReadFile","C:\Windows\SysWOW64\ieframe.dll","SUCCESS","Offset: 6,164,480, Length: 32,768, I/O Flags: Non-cached, Paging I/O, Synchronous Paging I/O, Priority: Normal"
"10:34:46.0947072","雷小伊脱机日常 Beta 1.6.24.exe","1496","RegQueryKey","HKLM","SUCCESS","Query: HandleTags, HandleTags: 0x0"
"10:34:46.0947116","雷小伊脱机日常 Beta 1.6.24.exe","1496","RegQueryKey","HKLM","SUCCESS","Query: Name"
"10:34:46.0947206","雷小伊脱机日常 Beta 1.6.24.exe","1496","RegOpenKey","HKLM\Software\WOW6432Node\Microsoft\Rpc","REPARSE","Desired Access: Read"
"10:34:46.0947297","雷小伊脱机日常 Beta 1.6.24.exe","1496","RegOpenKey","HKLM\SOFTWARE\Microsoft\Rpc","SUCCESS","Desired Access: Read"
"10:34:46.0947444","雷小伊脱机日常 Beta 1.6.24.exe","1496","RegSetInfoKey","HKLM\SOFTWARE\Microsoft\Rpc","SUCCESS","KeySetInformationClass: KeySetHandleTagsInformation, Length: 0"
"10:34:46.0947496","雷小伊脱机日常 Beta 1.6.24.exe","1496","RegQueryValue","HKLM\SOFTWARE\Microsoft\Rpc\UDTAlignmentPolicy","NAME NOT FOUND","Length: 16"
"10:34:46.0947567","雷小伊脱机日常 Beta 1.6.24.exe","1496","RegCloseKey","HKLM\SOFTWARE\Microsoft\Rpc","SUCCESS",""
"10:34:46.0947657","雷小伊脱机日常 Beta 1.6.24.exe","1496","RegQueryKey","HKCR","SUCCESS","Query: HandleTags, HandleTags: 0x1"
"10:34:46.0947693","雷小伊脱机日常 Beta 1.6.24.exe","1496","RegQueryKey","HKCR","SUCCESS","Query: Name"
"10:34:46.0947786","雷小伊脱机日常 Beta 1.6.24.exe","1496","RegOpenKey","HKCR\WOW6432Node\Interface\{00020400-0000-0000-C000-000000000046}","SUCCESS","Desired Access: Read"
"10:34:46.0948022","雷小伊脱机日常 Beta 1.6.24.exe","1496","RegSetInfoKey","HKCR\WOW6432Node\Interface\{00020400-0000-0000-C000-000000000046}","SUCCESS","KeySetInformationClass: KeySetHandleTagsInformation, Length: 0"
"10:34:46.0948080","雷小伊脱机日常 Beta 1.6.24.exe","1496","RegQueryKey","HKCR\WOW6432Node\Interface\{00020400-0000-0000-C000-000000000046}","SUCCESS","Query: HandleTags, HandleTags: 0x401"
"10:34:46.0948119","雷小伊脱机日常 Beta 1.6.24.exe","1496","RegOpenKey","HKCR\WOW6432Node\Interface\{00020400-0000-0000-C000-000000000046}\ProxyStubClsid32","SUCCESS","Desired Access: Read"
"10:34:46.0948203","雷小伊脱机日常 Beta 1.6.24.exe","1496","RegQueryValue","HKCR\WOW6432Node\Interface\{00020400-0000-0000-C000-000000000046}\ProxyStubClsid32\(Default)","SUCCESS","Type: REG_SZ, Length: 78, Data: {00020420-0000-0000-C000-000000000046}"
"10:34:46.0948257","雷小伊脱机日常 Beta 1.6.24.exe","1496","RegCloseKey","HKCR\WOW6432Node\Interface\{00020400-0000-0000-C000-000000000046}\ProxyStubClsid32","SUCCESS",""
"10:34:46.0948401","雷小伊脱机日常 Beta 1.6.24.exe","1496","RegCloseKey","HKCR\WOW6432Node\Interface\{00020400-0000-0000-C000-000000000046}","SUCCESS",""
"10:34:46.0948508","雷小伊脱机日常 Beta 1.6.24.exe","1496","RegQueryKey","HKCR","SUCCESS","Query: HandleTags, HandleTags: 0x1"
"10:34:46.0948546","雷小伊脱机日常 Beta 1.6.24.exe","1496","RegQueryKey","HKCR","SUCCESS","Query: Name"
"10:34:46.0948622","雷小伊脱机日常 Beta 1.6.24.exe","1496","RegOpenKey","HKCR\WOW6432Node\CLSID\{00020420-0000-0000-C000-000000000046}","SUCCESS","Desired Access: Read"
"10:34:46.0948726","雷小伊脱机日常 Beta 1.6.24.exe","1496","RegSetInfoKey","HKCR\WOW6432Node\CLSID\{00020420-0000-0000-C000-000000000046}","SUCCESS","KeySetInformationClass: KeySetHandleTagsInformation, Length: 0"
"10:34:46.0948783","雷小伊脱机日常 Beta 1.6.24.exe","1496","RegQueryKey","HKCR\WOW6432Node\CLSID\{00020420-0000-0000-C000-000000000046}","SUCCESS","Query: HandleTags, HandleTags: 0x401"
"10:34:46.0948824","雷小伊脱机日常 Beta 1.6.24.exe","1496","RegOpenKey","HKCR\WOW6432Node\CLSID\{00020420-0000-0000-C000-000000000046}\TreatAs","NAME NOT FOUND","Desired Access: Query Value"
"10:34:46.0948878","雷小伊脱机日常 Beta 1.6.24.exe","1496","RegQueryKey","HKCR\WOW6432Node\CLSID\{00020420-0000-0000-C000-000000000046}","SUCCESS","Query: Name"
"10:34:46.0948952","雷小伊脱机日常 Beta 1.6.24.exe","1496","RegQueryValue","HKCR\WOW6432Node\CLSID\{00020420-0000-0000-C000-000000000046}\ActivateOnHostFlags","NAME NOT FOUND","Length: 16"
"10:34:46.0949002","雷小伊脱机日常 Beta 1.6.24.exe","1496","RegQueryValue","HKCR\WOW6432Node\CLSID\{00020420-0000-0000-C000-000000000046}\(Default)","BUFFER OVERFLOW","Length: 12"
"10:34:46.0949049","雷小伊脱机日常 Beta 1.6.24.exe","1496","RegQueryValue","HKCR\WOW6432Node\CLSID\{00020420-0000-0000-C000-000000000046}\(Default)","SUCCESS","Type: REG_SZ, Length: 22, Data: PSDispatch"
"10:34:46.0949125","雷小伊脱机日常 Beta 1.6.24.exe","1496","RegQueryKey","HKCR\WOW6432Node\CLSID\{00020420-0000-0000-C000-000000000046}","SUCCESS","Query: HandleTags, HandleTags: 0x401"
"10:34:46.0949170","雷小伊脱机日常 Beta 1.6.24.exe","1496","RegOpenKey","HKCR\WOW6432Node\CLSID\{00020420-0000-0000-C000-000000000046}\InprocServer32","SUCCESS","Desired Access: Read"
"10:34:46.0949248","雷小伊脱机日常 Beta 1.6.24.exe","1496","RegQueryValue","HKCR\WOW6432Node\CLSID\{00020420-0000-0000-C000-000000000046}\InprocServer32\InprocServer32","NAME NOT FOUND","Length: 12"
"10:34:46.0949295","雷小伊脱机日常 Beta 1.6.24.exe","1496","RegQueryValue","HKCR\WOW6432Node\CLSID\{00020420-0000-0000-C000-000000000046}\InprocServer32\(Default)","BUFFER OVERFLOW","Length: 12"
"10:34:46.0949340","雷小伊脱机日常 Beta 1.6.24.exe","1496","RegQueryValue","HKCR\WOW6432Node\CLSID\{00020420-0000-0000-C000-000000000046}\InprocServer32\(Default)","SUCCESS","Type: REG_SZ, Length: 66, Data: C:\Windows\SysWOW64\oleaut32.dll"
"10:34:46.0949521","雷小伊脱机日常 Beta 1.6.24.exe","1496","RegQueryValue","HKCR\WOW6432Node\CLSID\{00020420-0000-0000-C000-000000000046}\InprocServer32\ThreadingModel","SUCCESS","Type: REG_SZ, Length: 10, Data: Both"
"10:34:46.0949587","雷小伊脱机日常 Beta 1.6.24.exe","1496","RegCloseKey","HKCR\WOW6432Node\CLSID\{00020420-0000-0000-C000-000000000046}\InprocServer32","SUCCESS",""
"10:34:46.0949873","雷小伊脱机日常 Beta 1.6.24.exe","1496","RegQueryKey","HKCR\WOW6432Node\CLSID\{00020420-0000-0000-C000-000000000046}","SUCCESS","Query: HandleTags, HandleTags: 0x401"
"10:34:46.0949917","雷小伊脱机日常 Beta 1.6.24.exe","1496","RegOpenKey","HKCR\WOW6432Node\CLSID\{00020420-0000-0000-C000-000000000046}\InprocHandler32","NAME NOT FOUND","Desired Access: Query Value"
"10:34:46.0949985","雷小伊脱机日常 Beta 1.6.24.exe","1496","RegQueryKey","HKCR\WOW6432Node\CLSID\{00020420-0000-0000-C000-000000000046}","SUCCESS","Query: HandleTags, HandleTags: 0x401"
"10:34:46.0950039","雷小伊脱机日常 Beta 1.6.24.exe","1496","RegOpenKey","HKCR\WOW6432Node\CLSID\{00020420-0000-0000-C000-000000000046}\InprocHandler","NAME NOT FOUND","Desired Access: Query Value"
"10:34:46.0950163","雷小伊脱机日常 Beta 1.6.24.exe","1496","RegCloseKey","HKCR\WOW6432Node\CLSID\{00020420-0000-0000-C000-000000000046}","SUCCESS",""
"10:34:46.0950517","雷小伊脱机日常 Beta 1.6.24.exe","1496","RegQueryKey","HKCR","SUCCESS","Query: HandleTags, HandleTags: 0x1"
"10:34:46.0950557","雷小伊脱机日常 Beta 1.6.24.exe","1496","RegQueryKey","HKCR","SUCCESS","Query: Name"
"10:34:46.0950633","雷小伊脱机日常 Beta 1.6.24.exe","1496","RegOpenKey","HKCR\WOW6432Node\CLSID\{00020420-0000-0000-C000-000000000046}","SUCCESS","Desired Access: Read"
"10:34:46.0950698","雷小伊脱机日常 Beta 1.6.24.exe","1496","RegSetInfoKey","HKCR\WOW6432Node\CLSID\{00020420-0000-0000-C000-000000000046}","SUCCESS","KeySetInformationClass: KeySetHandleTagsInformation, Length: 0"
"10:34:46.0950760","雷小伊脱机日常 Beta 1.6.24.exe","1496","RegQueryKey","HKCR\WOW6432Node\CLSID\{00020420-0000-0000-C000-000000000046}","SUCCESS","Query: HandleTags, HandleTags: 0x401"
"10:34:46.0950800","雷小伊脱机日常 Beta 1.6.24.exe","1496","RegOpenKey","HKCR\WOW6432Node\CLSID\{00020420-0000-0000-C000-000000000046}\TreatAs","NAME NOT FOUND","Desired Access: Query Value"
"10:34:46.0950849","雷小伊脱机日常 Beta 1.6.24.exe","1496","RegQueryKey","HKCR\WOW6432Node\CLSID\{00020420-0000-0000-C000-000000000046}","SUCCESS","Query: Name"
"10:34:46.0950915","雷小伊脱机日常 Beta 1.6.24.exe","1496","RegQueryValue","HKCR\WOW6432Node\CLSID\{00020420-0000-0000-C000-000000000046}\ActivateOnHostFlags","NAME NOT FOUND","Length: 16"
"10:34:46.0950960","雷小伊脱机日常 Beta 1.6.24.exe","1496","RegQueryValue","HKCR\WOW6432Node\CLSID\{00020420-0000-0000-C000-000000000046}\(Default)","BUFFER OVERFLOW","Length: 12"
"10:34:46.0951008","雷小伊脱机日常 Beta 1.6.24.exe","1496","RegQueryValue","HKCR\WOW6432Node\CLSID\{00020420-0000-0000-C000-000000000046}\(Default)","SUCCESS","Type: REG_SZ, Length: 22, Data: PSDispatch"
"10:34:46.0951076","雷小伊脱机日常 Beta 1.6.24.exe","1496","RegQueryKey","HKCR\WOW6432Node\CLSID\{00020420-0000-0000-C000-000000000046}","SUCCESS","Query: HandleTags, HandleTags: 0x401"
"10:34:46.0951117","雷小伊脱机日常 Beta 1.6.24.exe","1496","RegOpenKey","HKCR\WOW6432Node\CLSID\{00020420-0000-0000-C000-000000000046}\InprocServer32","SUCCESS","Desired Access: Read"
"10:34:46.0951239","雷小伊脱机日常 Beta 1.6.24.exe","1496","RegQueryValue","HKCR\WOW6432Node\CLSID\{00020420-0000-0000-C000-000000000046}\InprocServer32\InprocServer32","NAME NOT FOUND","Length: 12"
"10:34:46.0951284","雷小伊脱机日常 Beta 1.6.24.exe","1496","RegQueryValue","HKCR\WOW6432Node\CLSID\{00020420-0000-0000-C000-000000000046}\InprocServer32\(Default)","BUFFER OVERFLOW","Length: 12"
"10:34:46.0951330","雷小伊脱机日常 Beta 1.6.24.exe","1496","RegQueryValue","HKCR\WOW6432Node\CLSID\{00020420-0000-0000-C000-000000000046}\InprocServer32\(Default)","SUCCESS","Type: REG_SZ, Length: 66, Data: C:\Windows\SysWOW64\oleaut32.dll"
"10:34:46.0951396","雷小伊脱机日常 Beta 1.6.24.exe","1496","RegQueryValue","HKCR\WOW6432Node\CLSID\{00020420-0000-0000-C000-000000000046}\InprocServer32\ThreadingModel","SUCCESS","Type: REG_SZ, Length: 10, Data: Both"
"10:34:46.0951449","雷小伊脱机日常 Beta 1.6.24.exe","1496","RegCloseKey","HKCR\WOW6432Node\CLSID\{00020420-0000-0000-C000-000000000046}\InprocServer32","SUCCESS",""
"10:34:46.0951507","雷小伊脱机日常 Beta 1.6.24.exe","1496","RegQueryKey","HKCR\WOW6432Node\CLSID\{00020420-0000-0000-C000-000000000046}","SUCCESS","Query: HandleTags, HandleTags: 0x401"
"10:34:46.0951546","雷小伊脱机日常 Beta 1.6.24.exe","1496","RegOpenKey","HKCR\WOW6432Node\CLSID\{00020420-0000-0000-C000-000000000046}\InprocHandler32","NAME NOT FOUND","Desired Access: Query Value"
"10:34:46.0951609","雷小伊脱机日常 Beta 1.6.24.exe","1496","RegQueryKey","HKCR\WOW6432Node\CLSID\{00020420-0000-0000-C000-000000000046}","SUCCESS","Query: HandleTags, HandleTags: 0x401"
"10:34:46.0951646","雷小伊脱机日常 Beta 1.6.24.exe","1496","RegOpenKey","HKCR\WOW6432Node\CLSID\{00020420-0000-0000-C000-000000000046}\InprocHandler","NAME NOT FOUND","Desired Access: Query Value"
"10:34:46.0951710","雷小伊脱机日常 Beta 1.6.24.exe","1496","RegQueryKey","HKCR\WOW6432Node\CLSID\{00020420-0000-0000-C000-000000000046}","SUCCESS","Query: HandleTags, HandleTags: 0x401"
"10:34:46.0951748","雷小伊脱机日常 Beta 1.6.24.exe","1496","RegOpenKey","HKCR\WOW6432Node\CLSID\{00020420-0000-0000-C000-000000000046}\LocalServer32","NAME NOT FOUND","Desired Access: Read"
"10:34:46.0951805","雷小伊脱机日常 Beta 1.6.24.exe","1496","RegQueryValue","HKCR\WOW6432Node\CLSID\{00020420-0000-0000-C000-000000000046}\AppID","NAME NOT FOUND","Length: 112"
"10:34:46.0951864","雷小伊脱机日常 Beta 1.6.24.exe","1496","RegQueryKey","HKCR\WOW6432Node\CLSID\{00020420-0000-0000-C000-000000000046}","SUCCESS","Query: HandleTags, HandleTags: 0x401"
"10:34:46.0951902","雷小伊脱机日常 Beta 1.6.24.exe","1496","RegOpenKey","HKCR\WOW6432Node\CLSID\{00020420-0000-0000-C000-000000000046}\LocalServer","NAME NOT FOUND","Desired Access: Query Value"
"10:34:46.0951969","雷小伊脱机日常 Beta 1.6.24.exe","1496","RegQueryKey","HKCR","SUCCESS","Query: HandleTags, HandleTags: 0x1"
"10:34:46.0952004","雷小伊脱机日常 Beta 1.6.24.exe","1496","RegQueryKey","HKCR","SUCCESS","Query: Name"
"10:34:46.0952068","雷小伊脱机日常 Beta 1.6.24.exe","1496","RegOpenKey","HKCR\WOW6432Node\CLSID\{00020420-0000-0000-C000-000000000046}","SUCCESS","Desired Access: Read"
"10:34:46.0952120","雷小伊脱机日常 Beta 1.6.24.exe","1496","RegSetInfoKey","HKCR\WOW6432Node\CLSID\{00020420-0000-0000-C000-000000000046}","SUCCESS","KeySetInformationClass: KeySetHandleTagsInformation, Length: 0"
"10:34:46.0952173","雷小伊脱机日常 Beta 1.6.24.exe","1496","RegQueryKey","HKCR\WOW6432Node\CLSID\{00020420-0000-0000-C000-000000000046}","SUCCESS","Query: HandleTags, HandleTags: 0x401"
"10:34:46.0952212","雷小伊脱机日常 Beta 1.6.24.exe","1496","RegOpenKey","HKCR\WOW6432Node\CLSID\{00020420-0000-0000-C000-000000000046}\Elevation","NAME NOT FOUND","Desired Access: Read"
"10:34:46.0952267","雷小伊脱机日常 Beta 1.6.24.exe","1496","RegCloseKey","HKCR\WOW6432Node\CLSID\{00020420-0000-0000-C000-000000000046}","SUCCESS",""
"10:34:46.0952311","雷小伊脱机日常 Beta 1.6.24.exe","1496","RegCloseKey","HKCR\WOW6432Node\CLSID\{00020420-0000-0000-C000-000000000046}","SUCCESS",""
"10:34:46.0952379","雷小伊脱机日常 Beta 1.6.24.exe","1496","RegQueryKey","HKCR","SUCCESS","Query: HandleTags, HandleTags: 0x1"
"10:34:46.0952416","雷小伊脱机日常 Beta 1.6.24.exe","1496","RegQueryKey","HKCR","SUCCESS","Query: Name"
"10:34:46.0952479","雷小伊脱机日常 Beta 1.6.24.exe","1496","RegOpenKey","HKCR\WOW6432Node\CLSID\{00020420-0000-0000-C000-000000000046}","SUCCESS","Desired Access: Read"
"10:34:46.0952548","雷小伊脱机日常 Beta 1.6.24.exe","1496","RegSetInfoKey","HKCR\WOW6432Node\CLSID\{00020420-0000-0000-C000-000000000046}","SUCCESS","KeySetInformationClass: KeySetHandleTagsInformation, Length: 0"
"10:34:46.0952605","雷小伊脱机日常 Beta 1.6.24.exe","1496","RegQueryKey","HKCR\WOW6432Node\CLSID\{00020420-0000-0000-C000-000000000046}","SUCCESS","Query: HandleTags, HandleTags: 0x401"
"10:34:46.0952643","雷小伊脱机日常 Beta 1.6.24.exe","1496","RegOpenKey","HKCR\WOW6432Node\CLSID\{00020420-0000-0000-C000-000000000046}\TreatAs","NAME NOT FOUND","Desired Access: Read"
"10:34:46.0952692","雷小伊脱机日常 Beta 1.6.24.exe","1496","RegCloseKey","HKCR\WOW6432Node\CLSID\{00020420-0000-0000-C000-000000000046}","SUCCESS",""
"10:34:46.0952885","雷小伊脱机日常 Beta 1.6.24.exe","1496","CloseFile","C:\Windows\SysWOW64\stdole2.tlb","SUCCESS",""
"10:34:46.0953091","雷小伊脱机日常 Beta 1.6.24.exe","1496","CloseFile","C:\Windows\SysWOW64\ieframe.dll","SUCCESS",""
"10:34:46.0967802","雷小伊脱机日常 Beta 1.6.24.exe","1496","RegQueryKey","HKCR","SUCCESS","Query: HandleTags, HandleTags: 0x1"
"10:34:46.0967850","雷小伊脱机日常 Beta 1.6.24.exe","1496","RegQueryKey","HKCR","SUCCESS","Query: Name"
"10:34:46.0967949","雷小伊脱机日常 Beta 1.6.24.exe","1496","RegOpenKey","HKCR\WOW6432Node\CLSID\{682159D9-C321-47CA-B3F1-30E36B2EC8B9}","SUCCESS","Desired Access: Read"
"10:34:46.0968081","雷小伊脱机日常 Beta 1.6.24.exe","1496","RegSetInfoKey","HKCR\WOW6432Node\CLSID\{682159d9-c321-47ca-b3f1-30e36b2ec8b9}","SUCCESS","KeySetInformationClass: KeySetHandleTagsInformation, Length: 0"
"10:34:46.0968143","雷小伊脱机日常 Beta 1.6.24.exe","1496","RegQueryKey","HKCR\WOW6432Node\CLSID\{682159d9-c321-47ca-b3f1-30e36b2ec8b9}","SUCCESS","Query: HandleTags, HandleTags: 0x401"
"10:34:46.0968204","雷小伊脱机日常 Beta 1.6.24.exe","1496","RegOpenKey","HKCR\WOW6432Node\CLSID\{682159d9-c321-47ca-b3f1-30e36b2ec8b9}\TreatAs","NAME NOT FOUND","Desired Access: Query Value"
"10:34:46.0968262","雷小伊脱机日常 Beta 1.6.24.exe","1496","RegQueryKey","HKCR\WOW6432Node\CLSID\{682159d9-c321-47ca-b3f1-30e36b2ec8b9}","SUCCESS","Query: Name"
"10:34:46.0968337","雷小伊脱机日常 Beta 1.6.24.exe","1496","RegQueryValue","HKCR\WOW6432Node\CLSID\{682159d9-c321-47ca-b3f1-30e36b2ec8b9}\ActivateOnHostFlags","NAME NOT FOUND","Length: 16"
"10:34:46.0968387","雷小伊脱机日常 Beta 1.6.24.exe","1496","RegQueryValue","HKCR\WOW6432Node\CLSID\{682159d9-c321-47ca-b3f1-30e36b2ec8b9}\(Default)","BUFFER OVERFLOW","Length: 12"
"10:34:46.0968434","雷小伊脱机日常 Beta 1.6.24.exe","1496","RegQueryValue","HKCR\WOW6432Node\CLSID\{682159d9-c321-47ca-b3f1-30e36b2ec8b9}\(Default)","SUCCESS","Type: REG_SZ, Length: 52, Data: CLSID_DesktopExplorerHost"
"10:34:46.0968504","雷小伊脱机日常 Beta 1.6.24.exe","1496","RegQueryKey","HKCR\WOW6432Node\CLSID\{682159d9-c321-47ca-b3f1-30e36b2ec8b9}","SUCCESS","Query: HandleTags, HandleTags: 0x401"
"10:34:46.0968544","雷小伊脱机日常 Beta 1.6.24.exe","1496","RegOpenKey","HKCR\WOW6432Node\CLSID\{682159d9-c321-47ca-b3f1-30e36b2ec8b9}\InprocServer32","NAME NOT FOUND","Desired Access: Read"
"10:34:46.0968614","雷小伊脱机日常 Beta 1.6.24.exe","1496","RegQueryKey","HKCR\WOW6432Node\CLSID\{682159d9-c321-47ca-b3f1-30e36b2ec8b9}","SUCCESS","Query: HandleTags, HandleTags: 0x401"
"10:34:46.0968668","雷小伊脱机日常 Beta 1.6.24.exe","1496","RegOpenKey","HKCR\WOW6432Node\CLSID\{682159d9-c321-47ca-b3f1-30e36b2ec8b9}\InprocHandler32","NAME NOT FOUND","Desired Access: Query Value"
"10:34:46.0968740","雷小伊脱机日常 Beta 1.6.24.exe","1496","RegQueryKey","HKCR\WOW6432Node\CLSID\{682159d9-c321-47ca-b3f1-30e36b2ec8b9}","SUCCESS","Query: HandleTags, HandleTags: 0x401"
"10:34:46.0968780","雷小伊脱机日常 Beta 1.6.24.exe","1496","RegOpenKey","HKCR\WOW6432Node\CLSID\{682159d9-c321-47ca-b3f1-30e36b2ec8b9}\InprocHandler","NAME NOT FOUND","Desired Access: Query Value"
"10:34:46.0968849","雷小伊脱机日常 Beta 1.6.24.exe","1496","RegCloseKey","HKCR\WOW6432Node\CLSID\{682159d9-c321-47ca-b3f1-30e36b2ec8b9}","SUCCESS",""
"10:34:46.0992038","雷小伊脱机日常 Beta 1.6.24.exe","1496","RegQueryKey","HKCR","SUCCESS","Query: HandleTags, HandleTags: 0x1"
"10:34:46.0992100","雷小伊脱机日常 Beta 1.6.24.exe","1496","RegQueryKey","HKCR","SUCCESS","Query: Name"
"10:34:46.0992228","雷小伊脱机日常 Beta 1.6.24.exe","1496","RegOpenKey","HKCR\WOW6432Node\Interface\{FF9CE68E-060D-4120-81F9-F3061C703225}","SUCCESS","Desired Access: Read"
"10:34:46.0992549","雷小伊脱机日常 Beta 1.6.24.exe","1496","RegSetInfoKey","HKCR\WOW6432Node\Interface\{FF9CE68E-060D-4120-81F9-F3061C703225}","SUCCESS","KeySetInformationClass: KeySetHandleTagsInformation, Length: 0"
"10:34:46.0992618","雷小伊脱机日常 Beta 1.6.24.exe","1496","RegQueryKey","HKCR\WOW6432Node\Interface\{FF9CE68E-060D-4120-81F9-F3061C703225}","SUCCESS","Query: HandleTags, HandleTags: 0x401"
"10:34:46.0992669","雷小伊脱机日常 Beta 1.6.24.exe","1496","RegOpenKey","HKCR\WOW6432Node\Interface\{FF9CE68E-060D-4120-81F9-F3061C703225}\ProxyStubClsid32","SUCCESS","Desired Access: Read"
"10:34:46.0992768","雷小伊脱机日常 Beta 1.6.24.exe","1496","RegQueryValue","HKCR\WOW6432Node\Interface\{FF9CE68E-060D-4120-81F9-F3061C703225}\ProxyStubClsid32\(Default)","SUCCESS","Type: REG_SZ, Length: 78, Data: {C90250F3-4D7D-4991-9B69-A5C5BC1C2AE6}"
"10:34:46.0992848","雷小伊脱机日常 Beta 1.6.24.exe","1496","RegCloseKey","HKCR\WOW6432Node\Interface\{FF9CE68E-060D-4120-81F9-F3061C703225}\ProxyStubClsid32","SUCCESS",""
"10:34:46.0993021","雷小伊脱机日常 Beta 1.6.24.exe","1496","RegCloseKey","HKCR\WOW6432Node\Interface\{FF9CE68E-060D-4120-81F9-F3061C703225}","SUCCESS",""
"10:34:46.0993197","雷小伊脱机日常 Beta 1.6.24.exe","1496","RegQueryKey","HKCR","SUCCESS","Query: HandleTags, HandleTags: 0x1"
"10:34:46.0993239","雷小伊脱机日常 Beta 1.6.24.exe","1496","RegQueryKey","HKCR","SUCCESS","Query: Name"
"10:34:46.0993325","雷小伊脱机日常 Beta 1.6.24.exe","1496","RegOpenKey","HKCR\WOW6432Node\CLSID\{C90250F3-4D7D-4991-9B69-A5C5BC1C2AE6}","SUCCESS","Desired Access: Read"
"10:34:46.0993451","雷小伊脱机日常 Beta 1.6.24.exe","1496","RegSetInfoKey","HKCR\WOW6432Node\CLSID\{C90250F3-4D7D-4991-9B69-A5C5BC1C2AE6}","SUCCESS","KeySetInformationClass: KeySetHandleTagsInformation, Length: 0"
"10:34:46.0993511","雷小伊脱机日常 Beta 1.6.24.exe","1496","RegQueryKey","HKCR\WOW6432Node\CLSID\{C90250F3-4D7D-4991-9B69-A5C5BC1C2AE6}","SUCCESS","Query: HandleTags, HandleTags: 0x401"
"10:34:46.0993552","雷小伊脱机日常 Beta 1.6.24.exe","1496","RegOpenKey","HKCR\WOW6432Node\CLSID\{C90250F3-4D7D-4991-9B69-A5C5BC1C2AE6}\TreatAs","NAME NOT FOUND","Desired Access: Query Value"
"10:34:46.0993617","雷小伊脱机日常 Beta 1.6.24.exe","1496","RegQueryKey","HKCR\WOW6432Node\CLSID\{C90250F3-4D7D-4991-9B69-A5C5BC1C2AE6}","SUCCESS","Query: Name"
"10:34:46.0993708","雷小伊脱机日常 Beta 1.6.24.exe","1496","RegQueryValue","HKCR\WOW6432Node\CLSID\{C90250F3-4D7D-4991-9B69-A5C5BC1C2AE6}\ActivateOnHostFlags","NAME NOT FOUND","Length: 16"
"10:34:46.0993757","雷小伊脱机日常 Beta 1.6.24.exe","1496","RegQueryValue","HKCR\WOW6432Node\CLSID\{C90250F3-4D7D-4991-9B69-A5C5BC1C2AE6}\(Default)","BUFFER OVERFLOW","Length: 12"
"10:34:46.0993815","雷小伊脱机日常 Beta 1.6.24.exe","1496","RegQueryValue","HKCR\WOW6432Node\CLSID\{C90250F3-4D7D-4991-9B69-A5C5BC1C2AE6}\(Default)","SUCCESS","Type: REG_SZ, Length: 32, Data: PSFactoryBuffer"
"10:34:46.0993908","雷小伊脱机日常 Beta 1.6.24.exe","1496","RegQueryKey","HKCR\WOW6432Node\CLSID\{C90250F3-4D7D-4991-9B69-A5C5BC1C2AE6}","SUCCESS","Query: HandleTags, HandleTags: 0x401"
"10:34:46.0993952","雷小伊脱机日常 Beta 1.6.24.exe","1496","RegOpenKey","HKCR\WOW6432Node\CLSID\{C90250F3-4D7D-4991-9B69-A5C5BC1C2AE6}\InprocServer32","SUCCESS","Desired Access: Read"
"10:34:46.0994031","雷小伊脱机日常 Beta 1.6.24.exe","1496","RegQueryValue","HKCR\WOW6432Node\CLSID\{C90250F3-4D7D-4991-9B69-A5C5BC1C2AE6}\InProcServer32\InprocServer32","NAME NOT FOUND","Length: 12"
"10:34:46.0994077","雷小伊脱机日常 Beta 1.6.24.exe","1496","RegQueryValue","HKCR\WOW6432Node\CLSID\{C90250F3-4D7D-4991-9B69-A5C5BC1C2AE6}\InProcServer32\(Default)","BUFFER OVERFLOW","Length: 12"
"10:34:46.0994123","雷小伊脱机日常 Beta 1.6.24.exe","1496","RegQueryValue","HKCR\WOW6432Node\CLSID\{C90250F3-4D7D-4991-9B69-A5C5BC1C2AE6}\InProcServer32\(Default)","SUCCESS","Type: REG_SZ, Length: 66, Data: C:\Windows\SysWOW64\ActXPrxy.dll"
"10:34:46.0994176","雷小伊脱机日常 Beta 1.6.24.exe","1496","RegQueryValue","HKCR\WOW6432Node\CLSID\{C90250F3-4D7D-4991-9B69-A5C5BC1C2AE6}\InProcServer32\ThreadingModel","SUCCESS","Type: REG_SZ, Length: 10, Data: Both"
"10:34:46.0994239","雷小伊脱机日常 Beta 1.6.24.exe","1496","RegCloseKey","HKCR\WOW6432Node\CLSID\{C90250F3-4D7D-4991-9B69-A5C5BC1C2AE6}\InProcServer32","SUCCESS",""
"10:34:46.0994480","雷小伊脱机日常 Beta 1.6.24.exe","1496","RegQueryKey","HKCR\WOW6432Node\CLSID\{C90250F3-4D7D-4991-9B69-A5C5BC1C2AE6}","SUCCESS","Query: HandleTags, HandleTags: 0x401"
"10:34:46.0994524","雷小伊脱机日常 Beta 1.6.24.exe","1496","RegOpenKey","HKCR\WOW6432Node\CLSID\{C90250F3-4D7D-4991-9B69-A5C5BC1C2AE6}\InprocHandler32","NAME NOT FOUND","Desired Access: Query Value"
"10:34:46.0994595","雷小伊脱机日常 Beta 1.6.24.exe","1496","RegQueryKey","HKCR\WOW6432Node\CLSID\{C90250F3-4D7D-4991-9B69-A5C5BC1C2AE6}","SUCCESS","Query: HandleTags, HandleTags: 0x401"
"10:34:46.0994633","雷小伊脱机日常 Beta 1.6.24.exe","1496","RegOpenKey","HKCR\WOW6432Node\CLSID\{C90250F3-4D7D-4991-9B69-A5C5BC1C2AE6}\InprocHandler","NAME NOT FOUND","Desired Access: Query Value"
"10:34:46.0994702","雷小伊脱机日常 Beta 1.6.24.exe","1496","RegCloseKey","HKCR\WOW6432Node\CLSID\{C90250F3-4D7D-4991-9B69-A5C5BC1C2AE6}","SUCCESS",""
"10:34:46.0994903","雷小伊脱机日常 Beta 1.6.24.exe","1496","RegQueryKey","HKCR","SUCCESS","Query: HandleTags, HandleTags: 0x1"
"10:34:46.0994940","雷小伊脱机日常 Beta 1.6.24.exe","1496","RegQueryKey","HKCR","SUCCESS","Query: Name"
"10:34:46.0995016","雷小伊脱机日常 Beta 1.6.24.exe","1496","RegOpenKey","HKCR\WOW6432Node\CLSID\{C90250F3-4D7D-4991-9B69-A5C5BC1C2AE6}","SUCCESS","Desired Access: Read"
"10:34:46.0995079","雷小伊脱机日常 Beta 1.6.24.exe","1496","RegSetInfoKey","HKCR\WOW6432Node\CLSID\{C90250F3-4D7D-4991-9B69-A5C5BC1C2AE6}","SUCCESS","KeySetInformationClass: KeySetHandleTagsInformation, Length: 0"
"10:34:46.0995134","雷小伊脱机日常 Beta 1.6.24.exe","1496","RegQueryKey","HKCR\WOW6432Node\CLSID\{C90250F3-4D7D-4991-9B69-A5C5BC1C2AE6}","SUCCESS","Query: HandleTags, HandleTags: 0x401"
"10:34:46.0995173","雷小伊脱机日常 Beta 1.6.24.exe","1496","RegOpenKey","HKCR\WOW6432Node\CLSID\{C90250F3-4D7D-4991-9B69-A5C5BC1C2AE6}\TreatAs","NAME NOT FOUND","Desired Access: Query Value"
"10:34:46.0995223","雷小伊脱机日常 Beta 1.6.24.exe","1496","RegQueryKey","HKCR\WOW6432Node\CLSID\{C90250F3-4D7D-4991-9B69-A5C5BC1C2AE6}","SUCCESS","Query: Name"
"10:34:46.0995304","雷小伊脱机日常 Beta 1.6.24.exe","1496","RegQueryValue","HKCR\WOW6432Node\CLSID\{C90250F3-4D7D-4991-9B69-A5C5BC1C2AE6}\ActivateOnHostFlags","NAME NOT FOUND","Length: 16"
"10:34:46.0995350","雷小伊脱机日常 Beta 1.6.24.exe","1496","RegQueryValue","HKCR\WOW6432Node\CLSID\{C90250F3-4D7D-4991-9B69-A5C5BC1C2AE6}\(Default)","BUFFER OVERFLOW","Length: 12"
"10:34:46.0995394","雷小伊脱机日常 Beta 1.6.24.exe","1496","RegQueryValue","HKCR\WOW6432Node\CLSID\{C90250F3-4D7D-4991-9B69-A5C5BC1C2AE6}\(Default)","SUCCESS","Type: REG_SZ, Length: 32, Data: PSFactoryBuffer"
"10:34:46.0995463","雷小伊脱机日常 Beta 1.6.24.exe","1496","RegQueryKey","HKCR\WOW6432Node\CLSID\{C90250F3-4D7D-4991-9B69-A5C5BC1C2AE6}","SUCCESS","Query: HandleTags, HandleTags: 0x401"
"10:34:46.0995502","雷小伊脱机日常 Beta 1.6.24.exe","1496","RegOpenKey","HKCR\WOW6432Node\CLSID\{C90250F3-4D7D-4991-9B69-A5C5BC1C2AE6}\InprocServer32","SUCCESS","Desired Access: Read"
"10:34:46.0995556","雷小伊脱机日常 Beta 1.6.24.exe","1496","RegQueryValue","HKCR\WOW6432Node\CLSID\{C90250F3-4D7D-4991-9B69-A5C5BC1C2AE6}\InProcServer32\InprocServer32","NAME NOT FOUND","Length: 12"
"10:34:46.0995599","雷小伊脱机日常 Beta 1.6.24.exe","1496","RegQueryValue","HKCR\WOW6432Node\CLSID\{C90250F3-4D7D-4991-9B69-A5C5BC1C2AE6}\InProcServer32\(Default)","BUFFER OVERFLOW","Length: 12"
"10:34:46.0995644","雷小伊脱机日常 Beta 1.6.24.exe","1496","RegQueryValue","HKCR\WOW6432Node\CLSID\{C90250F3-4D7D-4991-9B69-A5C5BC1C2AE6}\InProcServer32\(Default)","SUCCESS","Type: REG_SZ, Length: 66, Data: C:\Windows\SysWOW64\ActXPrxy.dll"
"10:34:46.0995693","雷小伊脱机日常 Beta 1.6.24.exe","1496","RegQueryValue","HKCR\WOW6432Node\CLSID\{C90250F3-4D7D-4991-9B69-A5C5BC1C2AE6}\InProcServer32\ThreadingModel","SUCCESS","Type: REG_SZ, Length: 10, Data: Both"
"10:34:46.0995748","雷小伊脱机日常 Beta 1.6.24.exe","1496","RegCloseKey","HKCR\WOW6432Node\CLSID\{C90250F3-4D7D-4991-9B69-A5C5BC1C2AE6}\InProcServer32","SUCCESS",""
"10:34:46.0995805","雷小伊脱机日常 Beta 1.6.24.exe","1496","RegQueryKey","HKCR\WOW6432Node\CLSID\{C90250F3-4D7D-4991-9B69-A5C5BC1C2AE6}","SUCCESS","Query: HandleTags, HandleTags: 0x401"
"10:34:46.0995844","雷小伊脱机日常 Beta 1.6.24.exe","1496","RegOpenKey","HKCR\WOW6432Node\CLSID\{C90250F3-4D7D-4991-9B69-A5C5BC1C2AE6}\InprocHandler32","NAME NOT FOUND","Desired Access: Query Value"
"10:34:46.0995906","雷小伊脱机日常 Beta 1.6.24.exe","1496","RegQueryKey","HKCR\WOW6432Node\CLSID\{C90250F3-4D7D-4991-9B69-A5C5BC1C2AE6}","SUCCESS","Query: HandleTags, HandleTags: 0x401"
"10:34:46.0995945","雷小伊脱机日常 Beta 1.6.24.exe","1496","RegOpenKey","HKCR\WOW6432Node\CLSID\{C90250F3-4D7D-4991-9B69-A5C5BC1C2AE6}\InprocHandler","NAME NOT FOUND","Desired Access: Query Value"
"10:34:46.0996008","雷小伊脱机日常 Beta 1.6.24.exe","1496","RegQueryKey","HKCR\WOW6432Node\CLSID\{C90250F3-4D7D-4991-9B69-A5C5BC1C2AE6}","SUCCESS","Query: HandleTags, HandleTags: 0x401"
"10:34:46.0996149","雷小伊脱机日常 Beta 1.6.24.exe","1496","RegOpenKey","HKCR\WOW6432Node\CLSID\{C90250F3-4D7D-4991-9B69-A5C5BC1C2AE6}\LocalServer32","NAME NOT FOUND","Desired Access: Read"
"10:34:46.0996205","雷小伊脱机日常 Beta 1.6.24.exe","1496","RegQueryValue","HKCR\WOW6432Node\CLSID\{C90250F3-4D7D-4991-9B69-A5C5BC1C2AE6}\AppID","NAME NOT FOUND","Length: 112"
"10:34:46.0996270","雷小伊脱机日常 Beta 1.6.24.exe","1496","RegQueryKey","HKCR\WOW6432Node\CLSID\{C90250F3-4D7D-4991-9B69-A5C5BC1C2AE6}","SUCCESS","Query: HandleTags, HandleTags: 0x401"
"10:34:46.0996309","雷小伊脱机日常 Beta 1.6.24.exe","1496","RegOpenKey","HKCR\WOW6432Node\CLSID\{C90250F3-4D7D-4991-9B69-A5C5BC1C2AE6}\LocalServer","NAME NOT FOUND","Desired Access: Query Value"
"10:34:46.0996382","雷小伊脱机日常 Beta 1.6.24.exe","1496","RegQueryKey","HKCR","SUCCESS","Query: HandleTags, HandleTags: 0x1"
"10:34:46.0996419","雷小伊脱机日常 Beta 1.6.24.exe","1496","RegQueryKey","HKCR","SUCCESS","Query: Name"
"10:34:46.0996487","雷小伊脱机日常 Beta 1.6.24.exe","1496","RegOpenKey","HKCR\WOW6432Node\CLSID\{C90250F3-4D7D-4991-9B69-A5C5BC1C2AE6}","SUCCESS","Desired Access: Read"
"10:34:46.0996546","雷小伊脱机日常 Beta 1.6.24.exe","1496","RegSetInfoKey","HKCR\WOW6432Node\CLSID\{C90250F3-4D7D-4991-9B69-A5C5BC1C2AE6}","SUCCESS","KeySetInformationClass: KeySetHandleTagsInformation, Length: 0"
"10:34:46.0996600","雷小伊脱机日常 Beta 1.6.24.exe","1496","RegQueryKey","HKCR\WOW6432Node\CLSID\{C90250F3-4D7D-4991-9B69-A5C5BC1C2AE6}","SUCCESS","Query: HandleTags, HandleTags: 0x401"
"10:34:46.0996638","雷小伊脱机日常 Beta 1.6.24.exe","1496","RegOpenKey","HKCR\WOW6432Node\CLSID\{C90250F3-4D7D-4991-9B69-A5C5BC1C2AE6}\Elevation","NAME NOT FOUND","Desired Access: Read"
"10:34:46.0996692","雷小伊脱机日常 Beta 1.6.24.exe","1496","RegCloseKey","HKCR\WOW6432Node\CLSID\{C90250F3-4D7D-4991-9B69-A5C5BC1C2AE6}","SUCCESS",""
"10:34:46.0996735","雷小伊脱机日常 Beta 1.6.24.exe","1496","RegCloseKey","HKCR\WOW6432Node\CLSID\{C90250F3-4D7D-4991-9B69-A5C5BC1C2AE6}","SUCCESS",""
"10:34:46.0996808","雷小伊脱机日常 Beta 1.6.24.exe","1496","RegQueryKey","HKCR","SUCCESS","Query: HandleTags, HandleTags: 0x1"
"10:34:46.0996843","雷小伊脱机日常 Beta 1.6.24.exe","1496","RegQueryKey","HKCR","SUCCESS","Query: Name"
"10:34:46.0996926","雷小伊脱机日常 Beta 1.6.24.exe","1496","RegOpenKey","HKCR\WOW6432Node\CLSID\{C90250F3-4D7D-4991-9B69-A5C5BC1C2AE6}","SUCCESS","Desired Access: Read"
"10:34:46.0996980","雷小伊脱机日常 Beta 1.6.24.exe","1496","RegSetInfoKey","HKCR\WOW6432Node\CLSID\{C90250F3-4D7D-4991-9B69-A5C5BC1C2AE6}","SUCCESS","KeySetInformationClass: KeySetHandleTagsInformation, Length: 0"
"10:34:46.0997035","雷小伊脱机日常 Beta 1.6.24.exe","1496","RegQueryKey","HKCR\WOW6432Node\CLSID\{C90250F3-4D7D-4991-9B69-A5C5BC1C2AE6}","SUCCESS","Query: HandleTags, HandleTags: 0x401"
"10:34:46.0997088","雷小伊脱机日常 Beta 1.6.24.exe","1496","RegOpenKey","HKCR\WOW6432Node\CLSID\{C90250F3-4D7D-4991-9B69-A5C5BC1C2AE6}\TreatAs","NAME NOT FOUND","Desired Access: Read"
"10:34:46.0997140","雷小伊脱机日常 Beta 1.6.24.exe","1496","RegCloseKey","HKCR\WOW6432Node\CLSID\{C90250F3-4D7D-4991-9B69-A5C5BC1C2AE6}","SUCCESS",""
"10:34:46.0998097","雷小伊脱机日常 Beta 1.6.24.exe","1496","CreateFile","C:\Windows\SysWOW64\actxprxy.dll","SUCCESS","Desired Access: Read Attributes, Disposition: Open, Options: Open Reparse Point, Attributes: n/a, ShareMode: Read, Write, Delete, AllocationSize: n/a, OpenResult: Opened"
"10:34:46.0998305","雷小伊脱机日常 Beta 1.6.24.exe","1496","QueryBasicInformationFile","C:\Windows\SysWOW64\actxprxy.dll","SUCCESS","CreationTime: 2023/12/4 10:46:11, LastAccessTime: 2025/12/26 15:42:35, LastWriteTime: 2023/12/4 10:46:11, ChangeTime: 2025/12/23 11:48:10, FileAttributes: A"
"10:34:46.0998364","雷小伊脱机日常 Beta 1.6.24.exe","1496","CloseFile","C:\Windows\SysWOW64\actxprxy.dll","SUCCESS",""
"10:34:46.0998781","雷小伊脱机日常 Beta 1.6.24.exe","1496","CreateFile","C:\Windows\SysWOW64\actxprxy.dll","SUCCESS","Desired Access: Read Data/List Directory, Execute/Traverse, Synchronize, Disposition: Open, Options: Synchronous IO Non-Alert, Non-Directory File, Attributes: n/a, ShareMode: Read, Delete, AllocationSize: n/a, OpenResult: Opened"
"10:34:46.0999030","雷小伊脱机日常 Beta 1.6.24.exe","1496","CreateFileMapping","C:\Windows\SysWOW64\actxprxy.dll","FILE LOCKED WITH ONLY READERS","SyncType: SyncTypeCreateSection, PageProtection: PAGE_EXECUTE_READWRITE|PAGE_NOCACHE"
"10:34:46.1000249","雷小伊脱机日常 Beta 1.6.24.exe","1496","CreateFileMapping","C:\Windows\SysWOW64\actxprxy.dll","SUCCESS","SyncType: SyncTypeOther"
"10:34:46.1000747","雷小伊脱机日常 Beta 1.6.24.exe","1496","Load Image","C:\Windows\SysWOW64\actxprxy.dll","SUCCESS","Image Base: 0x6efd0000, Image Size: 0x4b000"
"10:34:46.1000869","雷小伊脱机日常 Beta 1.6.24.exe","1496","ReadFile","C:\Windows\SysWOW64\actxprxy.dll","SUCCESS","Offset: 234,496, Length: 5,120, I/O Flags: Non-cached, Paging I/O, Synchronous Paging I/O, Priority: Normal"
"10:34:46.1004078","雷小伊脱机日常 Beta 1.6.24.exe","1496","ReadFile","C:\Windows\SysWOW64\actxprxy.dll","SUCCESS","Offset: 239,616, Length: 1,024, I/O Flags: Non-cached, Paging I/O, Synchronous Paging I/O, Priority: Normal"
"10:34:46.1005167","雷小伊脱机日常 Beta 1.6.24.exe","1496","ReadFile","C:\Windows\SysWOW64\actxprxy.dll","SUCCESS","Offset: 246,272, Length: 512, I/O Flags: Non-cached, Paging I/O, Synchronous Paging I/O, Priority: Normal"
"10:34:46.1008896","雷小伊脱机日常 Beta 1.6.24.exe","1496","ReadFile","C:\Windows\SysWOW64\actxprxy.dll","SUCCESS","Offset: 246,784, Length: 1,536, I/O Flags: Non-cached, Paging I/O, Synchronous Paging I/O, Priority: Normal"
"10:34:46.1010054","雷小伊脱机日常 Beta 1.6.24.exe","1496","ReadFile","C:\Windows\SysWOW64\actxprxy.dll","SUCCESS","Offset: 240,640, Length: 5,632, I/O Flags: Non-cached, Paging I/O, Synchronous Paging I/O, Priority: Normal"
"10:34:46.1014452","雷小伊脱机日常 Beta 1.6.24.exe","1496","CloseFile","C:\Windows\SysWOW64\actxprxy.dll","SUCCESS",""
"10:34:46.1015263","雷小伊脱机日常 Beta 1.6.24.exe","1496","CreateFile","C:\Windows\SysWOW64\actxprxy.dll","SUCCESS","Desired Access: Read Control, Disposition: Open, Options: , Attributes: n/a, ShareMode: Read, Delete, AllocationSize: n/a, OpenResult: Opened"
"10:34:46.1015463","雷小伊脱机日常 Beta 1.6.24.exe","1496","QuerySecurityFile","C:\Windows\SysWOW64\actxprxy.dll","BUFFER OVERFLOW","Information: Owner"
"10:34:46.1015522","雷小伊脱机日常 Beta 1.6.24.exe","1496","QuerySecurityFile","C:\Windows\SysWOW64\actxprxy.dll","SUCCESS","Information: Owner"
"10:34:46.1015572","雷小伊脱机日常 Beta 1.6.24.exe","1496","CloseFile","C:\Windows\SysWOW64\actxprxy.dll","SUCCESS",""
"10:34:46.1017074","雷小伊脱机日常 Beta 1.6.24.exe","1496","RegQueryKey","HKCR","SUCCESS","Query: HandleTags, HandleTags: 0x1"
"10:34:46.1017126","雷小伊脱机日常 Beta 1.6.24.exe","1496","RegQueryKey","HKCR","SUCCESS","Query: Name"
"10:34:46.1017247","雷小伊脱机日常 Beta 1.6.24.exe","1496","RegOpenKey","HKCR\WOW6432Node\CLSID\{F1C46D71-B791-4110-8D5C-7108F22C1010}","SUCCESS","Desired Access: Read"
"10:34:46.1017452","雷小伊脱机日常 Beta 1.6.24.exe","1496","RegSetInfoKey","HKCR\WOW6432Node\CLSID\{F1C46D71-B791-4110-8D5C-7108F22C1010}","SUCCESS","KeySetInformationClass: KeySetHandleTagsInformation, Length: 0"
"10:34:46.1017517","雷小伊脱机日常 Beta 1.6.24.exe","1496","RegQueryKey","HKCR\WOW6432Node\CLSID\{F1C46D71-B791-4110-8D5C-7108F22C1010}","SUCCESS","Query: HandleTags, HandleTags: 0x401"
"10:34:46.1017562","雷小伊脱机日常 Beta 1.6.24.exe","1496","RegOpenKey","HKCR\WOW6432Node\CLSID\{F1C46D71-B791-4110-8D5C-7108F22C1010}\TreatAs","NAME NOT FOUND","Desired Access: Query Value"
"10:34:46.1017624","雷小伊脱机日常 Beta 1.6.24.exe","1496","RegQueryKey","HKCR\WOW6432Node\CLSID\{F1C46D71-B791-4110-8D5C-7108F22C1010}","SUCCESS","Query: Name"
"10:34:46.1017704","雷小伊脱机日常 Beta 1.6.24.exe","1496","RegQueryValue","HKCR\WOW6432Node\CLSID\{F1C46D71-B791-4110-8D5C-7108F22C1010}\ActivateOnHostFlags","NAME NOT FOUND","Length: 16"
"10:34:46.1017755","雷小伊脱机日常 Beta 1.6.24.exe","1496","RegQueryValue","HKCR\WOW6432Node\CLSID\{F1C46D71-B791-4110-8D5C-7108F22C1010}\(Default)","BUFFER OVERFLOW","Length: 12"
"10:34:46.1017802","雷小伊脱机日常 Beta 1.6.24.exe","1496","RegQueryValue","HKCR\WOW6432Node\CLSID\{F1C46D71-B791-4110-8D5C-7108F22C1010}\(Default)","SUCCESS","Type: REG_SZ, Length: 46, Data: MarshalByValueValueSet"
"10:34:46.1017873","雷小伊脱机日常 Beta 1.6.24.exe","1496","RegQueryKey","HKCR\WOW6432Node\CLSID\{F1C46D71-B791-4110-8D5C-7108F22C1010}","SUCCESS","Query: HandleTags, HandleTags: 0x401"
"10:34:46.1017914","雷小伊脱机日常 Beta 1.6.24.exe","1496","RegOpenKey","HKCR\WOW6432Node\CLSID\{F1C46D71-B791-4110-8D5C-7108F22C1010}\InprocServer32","SUCCESS","Desired Access: Read"
"10:34:46.1018000","雷小伊脱机日常 Beta 1.6.24.exe","1496","RegQueryValue","HKCR\WOW6432Node\CLSID\{F1C46D71-B791-4110-8D5C-7108F22C1010}\InProcServer32\InprocServer32","NAME NOT FOUND","Length: 12"
"10:34:46.1018043","雷小伊脱机日常 Beta 1.6.24.exe","1496","RegQueryValue","HKCR\WOW6432Node\CLSID\{F1C46D71-B791-4110-8D5C-7108F22C1010}\InProcServer32\(Default)","BUFFER OVERFLOW","Length: 12"
"10:34:46.1018114","雷小伊脱机日常 Beta 1.6.24.exe","1496","RegQueryValue","HKCR\WOW6432Node\CLSID\{F1C46D71-B791-4110-8D5C-7108F22C1010}\InProcServer32\(Default)","SUCCESS","Type: REG_SZ, Length: 66, Data: C:\Windows\SysWOW64\wintypes.dll"
"10:34:46.1018166","雷小伊脱机日常 Beta 1.6.24.exe","1496","RegQueryValue","HKCR\WOW6432Node\CLSID\{F1C46D71-B791-4110-8D5C-7108F22C1010}\InProcServer32\ThreadingModel","SUCCESS","Type: REG_SZ, Length: 10, Data: Both"
"10:34:46.1018235","雷小伊脱机日常 Beta 1.6.24.exe","1496","RegCloseKey","HKCR\WOW6432Node\CLSID\{F1C46D71-B791-4110-8D5C-7108F22C1010}\InProcServer32","SUCCESS",""
"10:34:46.1018440","雷小伊脱机日常 Beta 1.6.24.exe","1496","RegQueryKey","HKCR\WOW6432Node\CLSID\{F1C46D71-B791-4110-8D5C-7108F22C1010}","SUCCESS","Query: HandleTags, HandleTags: 0x401"
"10:34:46.1018485","雷小伊脱机日常 Beta 1.6.24.exe","1496","RegOpenKey","HKCR\WOW6432Node\CLSID\{F1C46D71-B791-4110-8D5C-7108F22C1010}\InprocHandler32","NAME NOT FOUND","Desired Access: Query Value"
"10:34:46.1018556","雷小伊脱机日常 Beta 1.6.24.exe","1496","RegQueryKey","HKCR\WOW6432Node\CLSID\{F1C46D71-B791-4110-8D5C-7108F22C1010}","SUCCESS","Query: HandleTags, HandleTags: 0x401"
"10:34:46.1018594","雷小伊脱机日常 Beta 1.6.24.exe","1496","RegOpenKey","HKCR\WOW6432Node\CLSID\{F1C46D71-B791-4110-8D5C-7108F22C1010}\InprocHandler","NAME NOT FOUND","Desired Access: Query Value"
"10:34:46.1018661","雷小伊脱机日常 Beta 1.6.24.exe","1496","RegCloseKey","HKCR\WOW6432Node\CLSID\{F1C46D71-B791-4110-8D5C-7108F22C1010}","SUCCESS",""
"10:34:46.1018855","雷小伊脱机日常 Beta 1.6.24.exe","1496","RegQueryKey","HKCR","SUCCESS","Query: HandleTags, HandleTags: 0x1"
"10:34:46.1018893","雷小伊脱机日常 Beta 1.6.24.exe","1496","RegQueryKey","HKCR","SUCCESS","Query: Name"
"10:34:46.1018973","雷小伊脱机日常 Beta 1.6.24.exe","1496","RegOpenKey","HKCR\WOW6432Node\CLSID\{F1C46D71-B791-4110-8D5C-7108F22C1010}","SUCCESS","Desired Access: Read"
"10:34:46.1019039","雷小伊脱机日常 Beta 1.6.24.exe","1496","RegSetInfoKey","HKCR\WOW6432Node\CLSID\{F1C46D71-B791-4110-8D5C-7108F22C1010}","SUCCESS","KeySetInformationClass: KeySetHandleTagsInformation, Length: 0"
"10:34:46.1019096","雷小伊脱机日常 Beta 1.6.24.exe","1496","RegQueryKey","HKCR\WOW6432Node\CLSID\{F1C46D71-B791-4110-8D5C-7108F22C1010}","SUCCESS","Query: HandleTags, HandleTags: 0x401"
"10:34:46.1019135","雷小伊脱机日常 Beta 1.6.24.exe","1496","RegOpenKey","HKCR\WOW6432Node\CLSID\{F1C46D71-B791-4110-8D5C-7108F22C1010}\TreatAs","NAME NOT FOUND","Desired Access: Query Value"
"10:34:46.1019184","雷小伊脱机日常 Beta 1.6.24.exe","1496","RegQueryKey","HKCR\WOW6432Node\CLSID\{F1C46D71-B791-4110-8D5C-7108F22C1010}","SUCCESS","Query: Name"
"10:34:46.1019248","雷小伊脱机日常 Beta 1.6.24.exe","1496","RegQueryValue","HKCR\WOW6432Node\CLSID\{F1C46D71-B791-4110-8D5C-7108F22C1010}\ActivateOnHostFlags","NAME NOT FOUND","Length: 16"
"10:34:46.1019294","雷小伊脱机日常 Beta 1.6.24.exe","1496","RegQueryValue","HKCR\WOW6432Node\CLSID\{F1C46D71-B791-4110-8D5C-7108F22C1010}\(Default)","BUFFER OVERFLOW","Length: 12"
"10:34:46.1019339","雷小伊脱机日常 Beta 1.6.24.exe","1496","RegQueryValue","HKCR\WOW6432Node\CLSID\{F1C46D71-B791-4110-8D5C-7108F22C1010}\(Default)","SUCCESS","Type: REG_SZ, Length: 46, Data: MarshalByValueValueSet"
"10:34:46.1019405","雷小伊脱机日常 Beta 1.6.24.exe","1496","RegQueryKey","HKCR\WOW6432Node\CLSID\{F1C46D71-B791-4110-8D5C-7108F22C1010}","SUCCESS","Query: HandleTags, HandleTags: 0x401"
"10:34:46.1019445","雷小伊脱机日常 Beta 1.6.24.exe","1496","RegOpenKey","HKCR\WOW6432Node\CLSID\{F1C46D71-B791-4110-8D5C-7108F22C1010}\InprocServer32","SUCCESS","Desired Access: Read"
"10:34:46.1019498","雷小伊脱机日常 Beta 1.6.24.exe","1496","RegQueryValue","HKCR\WOW6432Node\CLSID\{F1C46D71-B791-4110-8D5C-7108F22C1010}\InProcServer32\InprocServer32","NAME NOT FOUND","Length: 12"
"10:34:46.1019542","雷小伊脱机日常 Beta 1.6.24.exe","1496","RegQueryValue","HKCR\WOW6432Node\CLSID\{F1C46D71-B791-4110-8D5C-7108F22C1010}\InProcServer32\(Default)","BUFFER OVERFLOW","Length: 12"
"10:34:46.1019586","雷小伊脱机日常 Beta 1.6.24.exe","1496","RegQueryValue","HKCR\WOW6432Node\CLSID\{F1C46D71-B791-4110-8D5C-7108F22C1010}\InProcServer32\(Default)","SUCCESS","Type: REG_SZ, Length: 66, Data: C:\Windows\SysWOW64\wintypes.dll"
"10:34:46.1019638","雷小伊脱机日常 Beta 1.6.24.exe","1496","RegQueryValue","HKCR\WOW6432Node\CLSID\{F1C46D71-B791-4110-8D5C-7108F22C1010}\InProcServer32\ThreadingModel","SUCCESS","Type: REG_SZ, Length: 10, Data: Both"
"10:34:46.1019698","雷小伊脱机日常 Beta 1.6.24.exe","1496","RegCloseKey","HKCR\WOW6432Node\CLSID\{F1C46D71-B791-4110-8D5C-7108F22C1010}\InProcServer32","SUCCESS",""
"10:34:46.1019756","雷小伊脱机日常 Beta 1.6.24.exe","1496","RegQueryKey","HKCR\WOW6432Node\CLSID\{F1C46D71-B791-4110-8D5C-7108F22C1010}","SUCCESS","Query: HandleTags, HandleTags: 0x401"
"10:34:46.1019798","雷小伊脱机日常 Beta 1.6.24.exe","1496","RegOpenKey","HKCR\WOW6432Node\CLSID\{F1C46D71-B791-4110-8D5C-7108F22C1010}\InprocHandler32","NAME NOT FOUND","Desired Access: Query Value"
"10:34:46.1019881","雷小伊脱机日常 Beta 1.6.24.exe","1496","RegQueryKey","HKCR\WOW6432Node\CLSID\{F1C46D71-B791-4110-8D5C-7108F22C1010}","SUCCESS","Query: HandleTags, HandleTags: 0x401"
"10:34:46.1019934","雷小伊脱机日常 Beta 1.6.24.exe","1496","RegOpenKey","HKCR\WOW6432Node\CLSID\{F1C46D71-B791-4110-8D5C-7108F22C1010}\InprocHandler","NAME NOT FOUND","Desired Access: Query Value"
"10:34:46.1020000","雷小伊脱机日常 Beta 1.6.24.exe","1496","RegQueryKey","HKCR\WOW6432Node\CLSID\{F1C46D71-B791-4110-8D5C-7108F22C1010}","SUCCESS","Query: HandleTags, HandleTags: 0x401"
"10:34:46.1020039","雷小伊脱机日常 Beta 1.6.24.exe","1496","RegOpenKey","HKCR\WOW6432Node\CLSID\{F1C46D71-B791-4110-8D5C-7108F22C1010}\LocalServer32","NAME NOT FOUND","Desired Access: Read"
"10:34:46.1020098","雷小伊脱机日常 Beta 1.6.24.exe","1496","RegQueryValue","HKCR\WOW6432Node\CLSID\{F1C46D71-B791-4110-8D5C-7108F22C1010}\AppID","NAME NOT FOUND","Length: 112"
"10:34:46.1020158","雷小伊脱机日常 Beta 1.6.24.exe","1496","RegQueryKey","HKCR\WOW6432Node\CLSID\{F1C46D71-B791-4110-8D5C-7108F22C1010}","SUCCESS","Query: HandleTags, HandleTags: 0x401"
"10:34:46.1020197","雷小伊脱机日常 Beta 1.6.24.exe","1496","RegOpenKey","HKCR\WOW6432Node\CLSID\{F1C46D71-B791-4110-8D5C-7108F22C1010}\LocalServer","NAME NOT FOUND","Desired Access: Query Value"
"10:34:46.1020269","雷小伊脱机日常 Beta 1.6.24.exe","1496","RegQueryKey","HKCR","SUCCESS","Query: HandleTags, HandleTags: 0x1"
"10:34:46.1020305","雷小伊脱机日常 Beta 1.6.24.exe","1496","RegQueryKey","HKCR","SUCCESS","Query: Name"
"10:34:46.1020371","雷小伊脱机日常 Beta 1.6.24.exe","1496","RegOpenKey","HKCR\WOW6432Node\CLSID\{F1C46D71-B791-4110-8D5C-7108F22C1010}","SUCCESS","Desired Access: Read"
"10:34:46.1020544","雷小伊脱机日常 Beta 1.6.24.exe","1496","RegSetInfoKey","HKCR\WOW6432Node\CLSID\{F1C46D71-B791-4110-8D5C-7108F22C1010}","SUCCESS","KeySetInformationClass: KeySetHandleTagsInformation, Length: 0"
"10:34:46.1020601","雷小伊脱机日常 Beta 1.6.24.exe","1496","RegQueryKey","HKCR\WOW6432Node\CLSID\{F1C46D71-B791-4110-8D5C-7108F22C1010}","SUCCESS","Query: HandleTags, HandleTags: 0x401"
"10:34:46.1020643","雷小伊脱机日常 Beta 1.6.24.exe","1496","RegOpenKey","HKCR\WOW6432Node\CLSID\{F1C46D71-B791-4110-8D5C-7108F22C1010}\Elevation","NAME NOT FOUND","Desired Access: Read"
"10:34:46.1020697","雷小伊脱机日常 Beta 1.6.24.exe","1496","RegCloseKey","HKCR\WOW6432Node\CLSID\{F1C46D71-B791-4110-8D5C-7108F22C1010}","SUCCESS",""
"10:34:46.1020741","雷小伊脱机日常 Beta 1.6.24.exe","1496","RegCloseKey","HKCR\WOW6432Node\CLSID\{F1C46D71-B791-4110-8D5C-7108F22C1010}","SUCCESS",""
"10:34:46.1020822","雷小伊脱机日常 Beta 1.6.24.exe","1496","RegQueryKey","HKCR","SUCCESS","Query: HandleTags, HandleTags: 0x1"
"10:34:46.1020860","雷小伊脱机日常 Beta 1.6.24.exe","1496","RegQueryKey","HKCR","SUCCESS","Query: Name"
"10:34:46.1020928","雷小伊脱机日常 Beta 1.6.24.exe","1496","RegOpenKey","HKCR\WOW6432Node\CLSID\{F1C46D71-B791-4110-8D5C-7108F22C1010}","SUCCESS","Desired Access: Read"
"10:34:46.1020981","雷小伊脱机日常 Beta 1.6.24.exe","1496","RegSetInfoKey","HKCR\WOW6432Node\CLSID\{F1C46D71-B791-4110-8D5C-7108F22C1010}","SUCCESS","KeySetInformationClass: KeySetHandleTagsInformation, Length: 0"
"10:34:46.1021036","雷小伊脱机日常 Beta 1.6.24.exe","1496","RegQueryKey","HKCR\WOW6432Node\CLSID\{F1C46D71-B791-4110-8D5C-7108F22C1010}","SUCCESS","Query: HandleTags, HandleTags: 0x401"
"10:34:46.1021075","雷小伊脱机日常 Beta 1.6.24.exe","1496","RegOpenKey","HKCR\WOW6432Node\CLSID\{F1C46D71-B791-4110-8D5C-7108F22C1010}\TreatAs","NAME NOT FOUND","Desired Access: Read"
"10:34:46.1021127","雷小伊脱机日常 Beta 1.6.24.exe","1496","RegCloseKey","HKCR\WOW6432Node\CLSID\{F1C46D71-B791-4110-8D5C-7108F22C1010}","SUCCESS",""
"10:34:46.1023674","雷小伊脱机日常 Beta 1.6.24.exe","1496","ReadFile","C:\Windows\SysWOW64\WinTypes.dll","SUCCESS","Offset: 410,624, Length: 28,672, I/O Flags: Non-cached, Paging I/O, Synchronous Paging I/O, Priority: Normal"
"10:34:46.1024874","雷小伊脱机日常 Beta 1.6.24.exe","1496","ReadFile","C:\Windows\SysWOW64\WinTypes.dll","SUCCESS","Offset: 328,704, Length: 32,768, I/O Flags: Non-cached, Paging I/O, Synchronous Paging I/O, Priority: Normal"
"10:34:46.1025993","雷小伊脱机日常 Beta 1.6.24.exe","1496","ReadFile","C:\Windows\SysWOW64\WinTypes.dll","SUCCESS","Offset: 9,216, Length: 32,768, I/O Flags: Non-cached, Paging I/O, Synchronous Paging I/O, Priority: Normal"
"10:34:46.1026888","雷小伊脱机日常 Beta 1.6.24.exe","1496","ReadFile","C:\Windows\SysWOW64\WinTypes.dll","SUCCESS","Offset: 361,472, Length: 32,768, I/O Flags: Non-cached, Paging I/O, Synchronous Paging I/O, Priority: Normal"
"10:34:46.1030199","雷小伊脱机日常 Beta 1.6.24.exe","1496","RegOpenKey","HKLM\Software\Microsoft\WindowsRuntime","SUCCESS","Desired Access: Read"
"10:34:46.1030318","雷小伊脱机日常 Beta 1.6.24.exe","1496","RegSetInfoKey","HKLM\SOFTWARE\Microsoft\WindowsRuntime","SUCCESS","KeySetInformationClass: KeySetHandleTagsInformation, Length: 0"
"10:34:46.1030407","雷小伊脱机日常 Beta 1.6.24.exe","1496","RegQueryKey","HKLM\SOFTWARE\Microsoft\WindowsRuntime","SUCCESS","Query: HandleTags, HandleTags: 0x100"
"10:34:46.1030454","雷小伊脱机日常 Beta 1.6.24.exe","1496","RegOpenKey","HKLM\SOFTWARE\Microsoft\WindowsRuntime\ActivatableClassId","SUCCESS","Desired Access: Read"
"10:34:46.1030542","雷小伊脱机日常 Beta 1.6.24.exe","1496","RegQueryKey","HKLM\SOFTWARE\Microsoft\WindowsRuntime\ActivatableClassId","SUCCESS","Query: HandleTags, HandleTags: 0x100"
"10:34:46.1030584","雷小伊脱机日常 Beta 1.6.24.exe","1496","RegOpenKey","HKLM\SOFTWARE\Microsoft\WindowsRuntime\ActivatableClassId\Windows.Foundation.PropertyValue","SUCCESS","Desired Access: Read"
"10:34:46.1030776","雷小伊脱机日常 Beta 1.6.24.exe","1496","RegQueryKey","HKLM\SOFTWARE\Microsoft\WindowsRuntime\ActivatableClassId\Windows.Foundation.PropertyValue","SUCCESS","Query: Basic, Name: Windows.Foundation.PropertyValue"
"10:34:46.1030853","雷小伊脱机日常 Beta 1.6.24.exe","1496","RegQueryValue","HKLM\SOFTWARE\Microsoft\WindowsRuntime\ActivatableClassId\Windows.Foundation.PropertyValue\ActivationType","SUCCESS","Type: REG_DWORD, Length: 4, Data: 0"
"10:34:46.1030909","雷小伊脱机日常 Beta 1.6.24.exe","1496","RegQueryValue","HKLM\SOFTWARE\Microsoft\WindowsRuntime\ActivatableClassId\Windows.Foundation.PropertyValue\Server","NAME NOT FOUND","Length: 144"
"10:34:46.1030958","雷小伊脱机日常 Beta 1.6.24.exe","1496","RegQueryValue","HKLM\SOFTWARE\Microsoft\WindowsRuntime\ActivatableClassId\Windows.Foundation.PropertyValue\DllPath","SUCCESS","Type: REG_SZ, Length: 66, Data: C:\Windows\System32\WinTypes.dll"
"10:34:46.1031011","雷小伊脱机日常 Beta 1.6.24.exe","1496","RegQueryValue","HKLM\SOFTWARE\Microsoft\WindowsRuntime\ActivatableClassId\Windows.Foundation.PropertyValue\Threading","SUCCESS","Type: REG_DWORD, Length: 4, Data: 0"
"10:34:46.1031117","雷小伊脱机日常 Beta 1.6.24.exe","1496","RegQueryValue","HKLM\SOFTWARE\Microsoft\WindowsRuntime\ActivatableClassId\Windows.Foundation.PropertyValue\TrustLevel","SUCCESS","Type: REG_DWORD, Length: 4, Data: 0"
"10:34:46.1031182","雷小伊脱机日常 Beta 1.6.24.exe","1496","RegQueryKey","HKLM\SOFTWARE\Microsoft\WindowsRuntime\ActivatableClassId\Windows.Foundation.PropertyValue","SUCCESS","Query: HandleTags, HandleTags: 0x100"
"10:34:46.1031237","雷小伊脱机日常 Beta 1.6.24.exe","1496","RegOpenKey","HKLM\SOFTWARE\Microsoft\WindowsRuntime\ActivatableClassId\Windows.Foundation.PropertyValue\CustomAttributes","NAME NOT FOUND","Desired Access: Read"
"10:34:46.1031408","雷小伊脱机日常 Beta 1.6.24.exe","1496","RegQueryValue","HKLM\SOFTWARE\Microsoft\WindowsRuntime\ActivatableClassId\Windows.Foundation.PropertyValue\RemoteServer","NAME NOT FOUND","Length: 144"
"10:34:46.1031455","雷小伊脱机日常 Beta 1.6.24.exe","1496","RegQueryValue","HKLM\SOFTWARE\Microsoft\WindowsRuntime\ActivatableClassId\Windows.Foundation.PropertyValue\ActivateAsUser","NAME NOT FOUND","Length: 16"
"10:34:46.1031500","雷小伊脱机日常 Beta 1.6.24.exe","1496","RegQueryValue","HKLM\SOFTWARE\Microsoft\WindowsRuntime\ActivatableClassId\Windows.Foundation.PropertyValue\ActivateInSharedBroker","NAME NOT FOUND","Length: 16"
"10:34:46.1031548","雷小伊脱机日常 Beta 1.6.24.exe","1496","RegQueryValue","HKLM\SOFTWARE\Microsoft\WindowsRuntime\ActivatableClassId\Windows.Foundation.PropertyValue\ActivateInBrokerForMediumILContainer","NAME NOT FOUND","Length: 16"
"10:34:46.1031595","雷小伊脱机日常 Beta 1.6.24.exe","1496","RegQueryValue","HKLM\SOFTWARE\Microsoft\WindowsRuntime\ActivatableClassId\Windows.Foundation.PropertyValue\Permissions","NAME NOT FOUND","Length: 140"
"10:34:46.1031644","雷小伊脱机日常 Beta 1.6.24.exe","1496","RegQueryValue","HKLM\SOFTWARE\Microsoft\WindowsRuntime\ActivatableClassId\Windows.Foundation.PropertyValue\ActivateOnHostFlags","NAME NOT FOUND","Length: 16"
"10:34:46.1031736","雷小伊脱机日常 Beta 1.6.24.exe","1496","RegQueryKey","HKLM","SUCCESS","Query: HandleTags, HandleTags: 0x0"
"10:34:46.1031775","雷小伊脱机日常 Beta 1.6.24.exe","1496","RegQueryKey","HKLM","SUCCESS","Query: Name"
"10:34:46.1031865","雷小伊脱机日常 Beta 1.6.24.exe","1496","RegOpenKey","HKLM\SOFTWARE\WOW6432Node\Microsoft\OLE\Diagnosis","REPARSE","Desired Access: Read"
"10:34:46.1031929","雷小伊脱机日常 Beta 1.6.24.exe","1496","RegOpenKey","HKLM\SOFTWARE\Microsoft\Ole\Diagnosis","NAME NOT FOUND","Desired Access: Read"
"10:34:46.1032121","雷小伊脱机日常 Beta 1.6.24.exe","1496","RegCloseKey","HKLM\SOFTWARE\Microsoft\WindowsRuntime\ActivatableClassId\Windows.Foundation.PropertyValue","SUCCESS",""
"10:34:46.1032455","雷小伊脱机日常 Beta 1.6.24.exe","1496","ReadFile","C:\Windows\SysWOW64\WinTypes.dll","SUCCESS","Offset: 508,928, Length: 20,480, I/O Flags: Non-cached, Paging I/O, Synchronous Paging I/O, Priority: Normal"
"10:34:46.1038718","雷小伊脱机日常 Beta 1.6.24.exe","1496","ReadFile","C:\Windows\SysWOW64\windows.storage.dll","SUCCESS","Offset: 4,498,432, Length: 32,768, I/O Flags: Non-cached, Paging I/O, Synchronous Paging I/O, Priority: Normal"
"10:34:46.1044042","雷小伊脱机日常 Beta 1.6.24.exe","1496","ReadFile","C:\Windows\SysWOW64\actxprxy.dll","SUCCESS","Offset: 132,096, Length: 8,192, I/O Flags: Non-cached, Paging I/O, Synchronous Paging I/O, Priority: Normal"
"10:34:46.1045960","雷小伊脱机日常 Beta 1.6.24.exe","1496","RegQueryKey","HKLM\SOFTWARE\Microsoft\WindowsRuntime\ActivatableClassId","SUCCESS","Query: HandleTags, HandleTags: 0x100"
"10:34:46.1046018","雷小伊脱机日常 Beta 1.6.24.exe","1496","RegOpenKey","HKLM\SOFTWARE\Microsoft\WindowsRuntime\ActivatableClassId\Windows.Storage.Streams.DataWriter","SUCCESS","Desired Access: Read"
"10:34:46.1046110","雷小伊脱机日常 Beta 1.6.24.exe","1496","RegQueryKey","HKLM\SOFTWARE\Microsoft\WindowsRuntime\ActivatableClassId\Windows.Storage.Streams.DataWriter","SUCCESS","Query: Basic, Name: Windows.Storage.Streams.DataWriter"
"10:34:46.1046181","雷小伊脱机日常 Beta 1.6.24.exe","1496","RegQueryValue","HKLM\SOFTWARE\Microsoft\WindowsRuntime\ActivatableClassId\Windows.Storage.Streams.DataWriter\ActivationType","SUCCESS","Type: REG_DWORD, Length: 4, Data: 0"
"10:34:46.1046236","雷小伊脱机日常 Beta 1.6.24.exe","1496","RegQueryValue","HKLM\SOFTWARE\Microsoft\WindowsRuntime\ActivatableClassId\Windows.Storage.Streams.DataWriter\Server","NAME NOT FOUND","Length: 144"
"10:34:46.1046285","雷小伊脱机日常 Beta 1.6.24.exe","1496","RegQueryValue","HKLM\SOFTWARE\Microsoft\WindowsRuntime\ActivatableClassId\Windows.Storage.Streams.DataWriter\DllPath","SUCCESS","Type: REG_SZ, Length: 66, Data: C:\Windows\System32\WinTypes.dll"
"10:34:46.1046338","雷小伊脱机日常 Beta 1.6.24.exe","1496","RegQueryValue","HKLM\SOFTWARE\Microsoft\WindowsRuntime\ActivatableClassId\Windows.Storage.Streams.DataWriter\Threading","SUCCESS","Type: REG_DWORD, Length: 4, Data: 0"
"10:34:46.1046384","雷小伊脱机日常 Beta 1.6.24.exe","1496","RegQueryValue","HKLM\SOFTWARE\Microsoft\WindowsRuntime\ActivatableClassId\Windows.Storage.Streams.DataWriter\TrustLevel","SUCCESS","Type: REG_DWORD, Length: 4, Data: 0"
"10:34:46.1046456","雷小伊脱机日常 Beta 1.6.24.exe","1496","RegQueryKey","HKLM\SOFTWARE\Microsoft\WindowsRuntime\ActivatableClassId\Windows.Storage.Streams.DataWriter","SUCCESS","Query: HandleTags, HandleTags: 0x100"
"10:34:46.1046501","雷小伊脱机日常 Beta 1.6.24.exe","1496","RegOpenKey","HKLM\SOFTWARE\Microsoft\WindowsRuntime\ActivatableClassId\Windows.Storage.Streams.DataWriter\CustomAttributes","NAME NOT FOUND","Desired Access: Read"
"10:34:46.1046561","雷小伊脱机日常 Beta 1.6.24.exe","1496","RegQueryValue","HKLM\SOFTWARE\Microsoft\WindowsRuntime\ActivatableClassId\Windows.Storage.Streams.DataWriter\RemoteServer","NAME NOT FOUND","Length: 144"
"10:34:46.1046613","雷小伊脱机日常 Beta 1.6.24.exe","1496","RegQueryValue","HKLM\SOFTWARE\Microsoft\WindowsRuntime\ActivatableClassId\Windows.Storage.Streams.DataWriter\ActivateAsUser","NAME NOT FOUND","Length: 16"
"10:34:46.1046679","雷小伊脱机日常 Beta 1.6.24.exe","1496","RegQueryValue","HKLM\SOFTWARE\Microsoft\WindowsRuntime\ActivatableClassId\Windows.Storage.Streams.DataWriter\ActivateInSharedBroker","NAME NOT FOUND","Length: 16"
"10:34:46.1046731","雷小伊脱机日常 Beta 1.6.24.exe","1496","RegQueryValue","HKLM\SOFTWARE\Microsoft\WindowsRuntime\ActivatableClassId\Windows.Storage.Streams.DataWriter\ActivateInBrokerForMediumILContainer","NAME NOT FOUND","Length: 16"
"10:34:46.1046794","雷小伊脱机日常 Beta 1.6.24.exe","1496","RegQueryValue","HKLM\SOFTWARE\Microsoft\WindowsRuntime\ActivatableClassId\Windows.Storage.Streams.DataWriter\Permissions","NAME NOT FOUND","Length: 140"
"10:34:46.1046839","雷小伊脱机日常 Beta 1.6.24.exe","1496","RegQueryValue","HKLM\SOFTWARE\Microsoft\WindowsRuntime\ActivatableClassId\Windows.Storage.Streams.DataWriter\ActivateOnHostFlags","NAME NOT FOUND","Length: 16"
"10:34:46.1046920","雷小伊脱机日常 Beta 1.6.24.exe","1496","RegCloseKey","HKLM\SOFTWARE\Microsoft\WindowsRuntime\ActivatableClassId\Windows.Storage.Streams.DataWriter","SUCCESS",""
"10:34:46.1047140","雷小伊脱机日常 Beta 1.6.24.exe","1496","ReadFile","C:\Windows\SysWOW64\WinTypes.dll","SUCCESS","Offset: 1,024, Length: 8,192, I/O Flags: Non-cached, Paging I/O, Synchronous Paging I/O, Priority: Normal"
"10:34:46.1068593","雷小伊脱机日常 Beta 1.6.24.exe","1496","ReadFile","C:\Windows\SysWOW64\ExplorerFrame.dll","SUCCESS","Offset: 455,680, Length: 32,768, I/O Flags: Non-cached, Paging I/O, Synchronous Paging I/O, Priority: Normal"
"10:34:46.1071892","雷小伊脱机日常 Beta 1.6.24.exe","1496","RegQueryKey","HKCR\Folder","SUCCESS","Query: Name"
"10:34:46.1071988","雷小伊脱机日常 Beta 1.6.24.exe","1496","RegQueryKey","HKCR\Folder","SUCCESS","Query: HandleTags, HandleTags: 0x401"
"10:34:46.1072129","雷小伊脱机日常 Beta 1.6.24.exe","1496","RegOpenKey","HKCU\Software\Classes\Folder","NAME NOT FOUND","Desired Access: Maximum Allowed"
"10:34:46.1072225","雷小伊脱机日常 Beta 1.6.24.exe","1496","RegQueryValue","HKCR\Folder\AppUserModelID","SUCCESS","Type: REG_SZ, Length: 54, Data: Microsoft.Windows.Explorer"
"10:34:46.1072315","雷小伊脱机日常 Beta 1.6.24.exe","1496","RegQueryKey","HKCR\Folder\shell\explore","SUCCESS","Query: Name"
"10:34:46.1072370","雷小伊脱机日常 Beta 1.6.24.exe","1496","RegQueryKey","HKCR\Folder\shell\explore","SUCCESS","Query: HandleTags, HandleTags: 0x401"
"10:34:46.1072442","雷小伊脱机日常 Beta 1.6.24.exe","1496","RegOpenKey","HKCU\Software\Classes\Folder\shell\explore","NAME NOT FOUND","Desired Access: Maximum Allowed"
"10:34:46.1072501","雷小伊脱机日常 Beta 1.6.24.exe","1496","RegQueryValue","HKCR\Folder\shell\explore\FriendlyAppName","NAME NOT FOUND","Length: 144"
"10:34:46.1072558","雷小伊脱机日常 Beta 1.6.24.exe","1496","RegQueryKey","HKCR\Folder","SUCCESS","Query: Name"
"10:34:46.1072607","雷小伊脱机日常 Beta 1.6.24.exe","1496","RegQueryKey","HKCR\Folder","SUCCESS","Query: HandleTags, HandleTags: 0x401"
"10:34:46.1072694","雷小伊脱机日常 Beta 1.6.24.exe","1496","RegOpenKey","HKCU\Software\Classes\Folder\Application","NAME NOT FOUND","Desired Access: Query Value"
"10:34:46.1072771","雷小伊脱机日常 Beta 1.6.24.exe","1496","RegQueryKey","HKCR\Folder","SUCCESS","Query: HandleTags, HandleTags: 0x401"
"10:34:46.1072819","雷小伊脱机日常 Beta 1.6.24.exe","1496","RegOpenKey","HKCR\Folder\Application","NAME NOT FOUND","Desired Access: Query Value"
"10:34:46.1072882","雷小伊脱机日常 Beta 1.6.24.exe","1496","RegQueryKey","HKCR\Folder\shell\explore","SUCCESS","Query: Name"
"10:34:46.1072931","雷小伊脱机日常 Beta 1.6.24.exe","1496","RegQueryKey","HKCR\Folder\shell\explore","SUCCESS","Query: HandleTags, HandleTags: 0x401"
"10:34:46.1072998","雷小伊脱机日常 Beta 1.6.24.exe","1496","RegOpenKey","HKCU\Software\Classes\Folder\shell\explore\command","NAME NOT FOUND","Desired Access: Query Value"
"10:34:46.1073070","雷小伊脱机日常 Beta 1.6.24.exe","1496","RegQueryKey","HKCR\Folder\shell\explore","SUCCESS","Query: HandleTags, HandleTags: 0x401"
"10:34:46.1073126","雷小伊脱机日常 Beta 1.6.24.exe","1496","RegOpenKey","HKCR\Folder\shell\explore\command","SUCCESS","Desired Access: Query Value"
"10:34:46.1073201","雷小伊脱机日常 Beta 1.6.24.exe","1496","RegQueryKey","HKCR\Folder\shell\explore\command","SUCCESS","Query: Name"
"10:34:46.1073252","雷小伊脱机日常 Beta 1.6.24.exe","1496","RegQueryKey","HKCR\Folder\shell\explore\command","SUCCESS","Query: HandleTags, HandleTags: 0x401"
"10:34:46.1073315","雷小伊脱机日常 Beta 1.6.24.exe","1496","RegOpenKey","HKCU\Software\Classes\Folder\shell\explore\command","NAME NOT FOUND","Desired Access: Maximum Allowed"
"10:34:46.1073385","雷小伊脱机日常 Beta 1.6.24.exe","1496","RegQueryValue","HKCR\Folder\shell\explore\command\(Default)","NAME NOT FOUND","Length: 144"
"10:34:46.1073457","雷小伊脱机日常 Beta 1.6.24.exe","1496","RegCloseKey","HKCR\Folder\shell\explore\command","SUCCESS",""
"10:34:46.1073561","雷小伊脱机日常 Beta 1.6.24.exe","1496","RegQueryKey","HKCR\Folder\shell\explore","SUCCESS","Query: Name"
"10:34:46.1073609","雷小伊脱机日常 Beta 1.6.24.exe","1496","RegQueryKey","HKCR\Folder\shell\explore","SUCCESS","Query: HandleTags, HandleTags: 0x401"
"10:34:46.1073675","雷小伊脱机日常 Beta 1.6.24.exe","1496","RegOpenKey","HKCU\Software\Classes\Folder\shell\explore\command","NAME NOT FOUND","Desired Access: Query Value"
"10:34:46.1073744","雷小伊脱机日常 Beta 1.6.24.exe","1496","RegQueryKey","HKCR\Folder\shell\explore","SUCCESS","Query: HandleTags, HandleTags: 0x401"
"10:34:46.1073784","雷小伊脱机日常 Beta 1.6.24.exe","1496","RegOpenKey","HKCR\Folder\shell\explore\command","SUCCESS","Desired Access: Query Value"
"10:34:46.1073837","雷小伊脱机日常 Beta 1.6.24.exe","1496","RegQueryKey","HKCR\Folder\shell\explore\command","SUCCESS","Query: Name"
"10:34:46.1073884","雷小伊脱机日常 Beta 1.6.24.exe","1496","RegQueryKey","HKCR\Folder\shell\explore\command","SUCCESS","Query: HandleTags, HandleTags: 0x401"
"10:34:46.1073962","雷小伊脱机日常 Beta 1.6.24.exe","1496","RegOpenKey","HKCU\Software\Classes\Folder\shell\explore\command","NAME NOT FOUND","Desired Access: Maximum Allowed"
"10:34:46.1074015","雷小伊脱机日常 Beta 1.6.24.exe","1496","RegQueryValue","HKCR\Folder\shell\explore\command\DelegateExecute","SUCCESS","Type: REG_SZ, Length: 78, Data: {11dbb47c-a525-400b-9e80-a54615a090c0}"
"10:34:46.1074071","雷小伊脱机日常 Beta 1.6.24.exe","1496","RegCloseKey","HKCR\Folder\shell\explore\command","SUCCESS",""
"10:34:46.1074160","雷小伊脱机日常 Beta 1.6.24.exe","1496","RegQueryKey","HKCU\Software\Classes","SUCCESS","Query: Name"
"10:34:46.1074215","雷小伊脱机日常 Beta 1.6.24.exe","1496","RegQueryKey","HKCU\Software\Classes","SUCCESS","Query: HandleTags, HandleTags: 0x1"
"10:34:46.1074267","雷小伊脱机日常 Beta 1.6.24.exe","1496","RegQueryKey","HKCU\Software\Classes","SUCCESS","Query: HandleTags, HandleTags: 0x1"
"10:34:46.1074304","雷小伊脱机日常 Beta 1.6.24.exe","1496","RegQueryKey","HKCU\Software\Classes","SUCCESS","Query: Name"
"10:34:46.1074387","雷小伊脱机日常 Beta 1.6.24.exe","1496","RegOpenKey","HKCU\Software\Classes\WOW6432Node\CLSID\{11dbb47c-a525-400b-9e80-a54615a090c0}\InProcServer32","NAME NOT FOUND","Desired Access: Read"
"10:34:46.1074488","雷小伊脱机日常 Beta 1.6.24.exe","1496","RegOpenKey","HKCR\WOW6432Node\CLSID\{11dbb47c-a525-400b-9e80-a54615a090c0}\InProcServer32","SUCCESS","Desired Access: Read"
"10:34:46.1074573","雷小伊脱机日常 Beta 1.6.24.exe","1496","RegSetInfoKey","HKCR\WOW6432Node\CLSID\{11dbb47c-a525-400b-9e80-a54615a090c0}\InProcServer32","SUCCESS","KeySetInformationClass: KeySetHandleTagsInformation, Length: 0"
"10:34:46.1074618","雷小伊脱机日常 Beta 1.6.24.exe","1496","RegQueryKey","HKCR\WOW6432Node\CLSID\{11dbb47c-a525-400b-9e80-a54615a090c0}\InProcServer32","SUCCESS","Query: Name"
"10:34:46.1074680","雷小伊脱机日常 Beta 1.6.24.exe","1496","RegQueryKey","HKCR\WOW6432Node\CLSID\{11dbb47c-a525-400b-9e80-a54615a090c0}\InProcServer32","SUCCESS","Query: HandleTags, HandleTags: 0x401"
"10:34:46.1074755","雷小伊脱机日常 Beta 1.6.24.exe","1496","RegOpenKey","HKCU\Software\Classes\WOW6432Node\CLSID\{11dbb47c-a525-400b-9e80-a54615a090c0}\InProcServer32","NAME NOT FOUND","Desired Access: Maximum Allowed"
"10:34:46.1074815","雷小伊脱机日常 Beta 1.6.24.exe","1496","RegQueryValue","HKCR\WOW6432Node\CLSID\{11dbb47c-a525-400b-9e80-a54615a090c0}\InProcServer32\(Default)","SUCCESS","Type: REG_EXPAND_SZ, Length: 80, Data: %SystemRoot%\system32\explorerframe.dll"
"10:34:46.1074886","雷小伊脱机日常 Beta 1.6.24.exe","1496","RegCloseKey","HKCR\WOW6432Node\CLSID\{11dbb47c-a525-400b-9e80-a54615a090c0}\InProcServer32","SUCCESS",""
"10:34:46.1075084","雷小伊脱机日常 Beta 1.6.24.exe","1496","RegQueryKey","HKCU\Software\Classes","SUCCESS","Query: Name"
"10:34:46.1075145","雷小伊脱机日常 Beta 1.6.24.exe","1496","RegQueryKey","HKCU\Software\Classes","SUCCESS","Query: HandleTags, HandleTags: 0x1"
"10:34:46.1075199","雷小伊脱机日常 Beta 1.6.24.exe","1496","RegQueryKey","HKCU\Software\Classes","SUCCESS","Query: HandleTags, HandleTags: 0x1"
"10:34:46.1075236","雷小伊脱机日常 Beta 1.6.24.exe","1496","RegQueryKey","HKCU\Software\Classes","SUCCESS","Query: Name"
"10:34:46.1075300","雷小伊脱机日常 Beta 1.6.24.exe","1496","RegOpenKey","HKCU\Software\Classes\Applications\explorerframe.dll","NAME NOT FOUND","Desired Access: Read"
"10:34:46.1075384","雷小伊脱机日常 Beta 1.6.24.exe","1496","RegOpenKey","HKCR\Applications\explorerframe.dll","NAME NOT FOUND","Desired Access: Read"
"10:34:46.1076351","雷小伊脱机日常 Beta 1.6.24.exe","1496","CreateFile","C:\Windows\SysWOW64\ExplorerFrame.dll","SUCCESS","Desired Access: Read Attributes, Disposition: Open, Options: Open Reparse Point, Attributes: n/a, ShareMode: Read, Write, Delete, AllocationSize: n/a, OpenResult: Opened"
"10:34:46.1076460","雷小伊脱机日常 Beta 1.6.24.exe","1496","QueryBasicInformationFile","C:\Windows\SysWOW64\ExplorerFrame.dll","SUCCESS","CreationTime: 2023/12/4 10:46:15, LastAccessTime: 2025/12/31 10:34:46, LastWriteTime: 2023/12/4 10:46:15, ChangeTime: 2025/12/23 11:48:10, FileAttributes: A"
"10:34:46.1076530","雷小伊脱机日常 Beta 1.6.24.exe","1496","CloseFile","C:\Windows\SysWOW64\ExplorerFrame.dll","SUCCESS",""
"10:34:46.1076747","雷小伊脱机日常 Beta 1.6.24.exe","1496","RegQueryKey","HKCU\Software\Classes","SUCCESS","Query: Name"
"10:34:46.1076803","雷小伊脱机日常 Beta 1.6.24.exe","1496","RegQueryKey","HKCU\Software\Classes","SUCCESS","Query: HandleTags, HandleTags: 0x1"
"10:34:46.1076878","雷小伊脱机日常 Beta 1.6.24.exe","1496","RegQueryKey","HKCU\Software\Classes","SUCCESS","Query: HandleTags, HandleTags: 0x1"
"10:34:46.1076916","雷小伊脱机日常 Beta 1.6.24.exe","1496","RegQueryKey","HKCU\Software\Classes","SUCCESS","Query: Name"
"10:34:46.1076983","雷小伊脱机日常 Beta 1.6.24.exe","1496","RegOpenKey","HKCU\Software\Classes\Applications\explorerframe.dll","NAME NOT FOUND","Desired Access: Query Value"
"10:34:46.1077058","雷小伊脱机日常 Beta 1.6.24.exe","1496","RegOpenKey","HKCR\Applications\explorerframe.dll","NAME NOT FOUND","Desired Access: Query Value"
"10:34:46.1077266","雷小伊脱机日常 Beta 1.6.24.exe","1496","RegQueryKey","HKCU\Software\Classes","SUCCESS","Query: Name"
"10:34:46.1077323","雷小伊脱机日常 Beta 1.6.24.exe","1496","RegQueryKey","HKCU\Software\Classes","SUCCESS","Query: HandleTags, HandleTags: 0x1"
"10:34:46.1077374","雷小伊脱机日常 Beta 1.6.24.exe","1496","RegQueryKey","HKCU\Software\Classes","SUCCESS","Query: HandleTags, HandleTags: 0x1"
"10:34:46.1077411","雷小伊脱机日常 Beta 1.6.24.exe","1496","RegQueryKey","HKCU\Software\Classes","SUCCESS","Query: Name"
"10:34:46.1077470","雷小伊脱机日常 Beta 1.6.24.exe","1496","RegOpenKey","HKCU\Software\Classes\Applications\explorerframe.dll","NAME NOT FOUND","Desired Access: Query Value"
"10:34:46.1077539","雷小伊脱机日常 Beta 1.6.24.exe","1496","RegOpenKey","HKCR\Applications\explorerframe.dll","NAME NOT FOUND","Desired Access: Query Value"
"10:34:46.1077658","雷小伊脱机日常 Beta 1.6.24.exe","1496","RegCreateKey","HKCU\Software\Classes\Local Settings","SUCCESS","Desired Access: Maximum Allowed, Granted Access: All Access, Disposition: REG_OPENED_EXISTING_KEY"
"10:34:46.1077818","雷小伊脱机日常 Beta 1.6.24.exe","1496","RegSetInfoKey","HKCU\Software\Classes\Local Settings","SUCCESS","KeySetInformationClass: KeySetHandleTagsInformation, Length: 0"
"10:34:46.1077869","雷小伊脱机日常 Beta 1.6.24.exe","1496","RegCloseKey","HKCU\Software\Classes\Local Settings","SUCCESS",""
"10:34:46.1077944","雷小伊脱机日常 Beta 1.6.24.exe","1496","RegCreateKey","HKCU\Software\Classes\Local Settings","SUCCESS","Desired Access: Maximum Allowed, Granted Access: All Access, Disposition: REG_OPENED_EXISTING_KEY"
"10:34:46.1078049","雷小伊脱机日常 Beta 1.6.24.exe","1496","RegSetInfoKey","HKCU\Software\Classes\Local Settings","SUCCESS","KeySetInformationClass: KeySetHandleTagsInformation, Length: 0"
"10:34:46.1078111","雷小伊脱机日常 Beta 1.6.24.exe","1496","RegQueryKey","HKCU\Software\Classes\Local Settings","SUCCESS","Query: HandleTags, HandleTags: 0x401"
"10:34:46.1078153","雷小伊脱机日常 Beta 1.6.24.exe","1496","RegOpenKey","HKCU\Software\Classes\Local Settings\Software\Microsoft\Windows\Shell\MuiCache","SUCCESS","Desired Access: Read"
"10:34:46.1078241","雷小伊脱机日常 Beta 1.6.24.exe","1496","RegCloseKey","HKCU\Software\Classes\Local Settings","SUCCESS",""
"10:34:46.1078316","雷小伊脱机日常 Beta 1.6.24.exe","1496","RegQueryKey","HKCU\Software\Classes\Local Settings\Software\Microsoft\Windows\Shell\MuiCache","SUCCESS","Query: HandleTags, HandleTags: 0x401"
"10:34:46.1078357","雷小伊脱机日常 Beta 1.6.24.exe","1496","RegOpenKey","HKCU\Software\Classes\Local Settings\Software\Microsoft\Windows\Shell\MuiCache","SUCCESS","Desired Access: Read/Write"
"10:34:46.1078428","雷小伊脱机日常 Beta 1.6.24.exe","1496","RegQueryValue","HKCU\Software\Classes\Local Settings\Software\Microsoft\Windows\Shell\MuiCache\LangID","SUCCESS","Type: REG_BINARY, Length: 2, Data: 04 08"
"10:34:46.1078492","雷小伊脱机日常 Beta 1.6.24.exe","1496","RegCloseKey","HKCU\Software\Classes\Local Settings\Software\Microsoft\Windows\Shell\MuiCache","SUCCESS",""
"10:34:46.1078550","雷小伊脱机日常 Beta 1.6.24.exe","1496","RegQueryKey","HKCU\Software\Classes\Local Settings\Software\Microsoft\Windows\Shell\MuiCache","SUCCESS","Query: HandleTags, HandleTags: 0x401"
"10:34:46.1078589","雷小伊脱机日常 Beta 1.6.24.exe","1496","RegOpenKey","HKCU\Software\Classes\Local Settings\Software\Microsoft\Windows\Shell\MuiCache","SUCCESS","Desired Access: Read"
"10:34:46.1078650","雷小伊脱机日常 Beta 1.6.24.exe","1496","RegQueryValue","HKCU\Software\Classes\Local Settings\Software\Microsoft\Windows\Shell\MuiCache\C:\Windows\system32\explorerframe.dll.FriendlyAppName","NAME NOT FOUND","Length: 144"
"10:34:46.1078801","雷小伊脱机日常 Beta 1.6.24.exe","1496","RegCloseKey","HKCU\Software\Classes\Local Settings\Software\Microsoft\Windows\Shell\MuiCache","SUCCESS",""
"10:34:46.1078867","雷小伊脱机日常 Beta 1.6.24.exe","1496","RegQueryKey","HKCU\Software\Classes\Local Settings\Software\Microsoft\Windows\Shell\MuiCache","SUCCESS","Query: HandleTags, HandleTags: 0x401"
"10:34:46.1078906","雷小伊脱机日常 Beta 1.6.24.exe","1496","RegOpenKey","HKCU\Software\Classes\Local Settings\Software\Microsoft\Windows\Shell\MuiCache","SUCCESS","Desired Access: Read"
"10:34:46.1078962","雷小伊脱机日常 Beta 1.6.24.exe","1496","RegQueryValue","HKCU\Software\Classes\Local Settings\Software\Microsoft\Windows\Shell\MuiCache\C:\Windows\system32\explorerframe.dll.ApplicationCompany","NAME NOT FOUND","Length: 144"
"10:34:46.1079029","雷小伊脱机日常 Beta 1.6.24.exe","1496","RegCloseKey","HKCU\Software\Classes\Local Settings\Software\Microsoft\Windows\Shell\MuiCache","SUCCESS",""
"10:34:46.1079351","雷小伊脱机日常 Beta 1.6.24.exe","1496","RegQueryKey","HKLM","SUCCESS","Query: HandleTags, HandleTags: 0x0"
"10:34:46.1079388","雷小伊脱机日常 Beta 1.6.24.exe","1496","RegQueryKey","HKLM","SUCCESS","Query: Name"
"10:34:46.1079461","雷小伊脱机日常 Beta 1.6.24.exe","1496","RegOpenKey","HKLM\Software\WOW6432Node\Microsoft\Windows\CurrentVersion\Policies\Explorer","REPARSE","Desired Access: Query Value"
"10:34:46.1079538","雷小伊脱机日常 Beta 1.6.24.exe","1496","RegOpenKey","HKLM\SOFTWARE\Microsoft\Windows\CurrentVersion\Policies\Explorer","SUCCESS","Desired Access: Query Value"
"10:34:46.1079599","雷小伊脱机日常 Beta 1.6.24.exe","1496","RegSetInfoKey","HKLM\SOFTWARE\Microsoft\Windows\CurrentVersion\Policies\Explorer","SUCCESS","KeySetInformationClass: KeySetHandleTagsInformation, Length: 0"
"10:34:46.1079642","雷小伊脱机日常 Beta 1.6.24.exe","1496","RegQueryValue","HKLM\SOFTWARE\Microsoft\Windows\CurrentVersion\Policies\Explorer\AllowFileCLSIDJunctions","NAME NOT FOUND","Length: 16"
"10:34:46.1079705","雷小伊脱机日常 Beta 1.6.24.exe","1496","RegCloseKey","HKLM\SOFTWARE\Microsoft\Windows\CurrentVersion\Policies\Explorer","SUCCESS",""
"10:34:46.1079772","雷小伊脱机日常 Beta 1.6.24.exe","1496","RegQueryKey","HKCU","SUCCESS","Query: HandleTags, HandleTags: 0x0"
"10:34:46.1079808","雷小伊脱机日常 Beta 1.6.24.exe","1496","RegQueryKey","HKCU","SUCCESS","Query: Name"
"10:34:46.1079872","雷小伊脱机日常 Beta 1.6.24.exe","1496","RegOpenKey","HKCU\Software\Microsoft\Windows\CurrentVersion\Policies\Explorer","NAME NOT FOUND","Desired Access: Query Value"
"10:34:46.1080383","雷小伊脱机日常 Beta 1.6.24.exe","1496","RegQueryKey","HKLM","SUCCESS","Query: HandleTags, HandleTags: 0x0"
"10:34:46.1080420","雷小伊脱机日常 Beta 1.6.24.exe","1496","RegQueryKey","HKLM","SUCCESS","Query: Name"
"10:34:46.1080511","雷小伊脱机日常 Beta 1.6.24.exe","1496","RegOpenKey","HKLM\Software\WOW6432Node\Microsoft\Windows\CurrentVersion\Explorer\FolderDescriptions","SUCCESS","Desired Access: Read"
"10:34:46.1080582","雷小伊脱机日常 Beta 1.6.24.exe","1496","RegSetInfoKey","HKLM\SOFTWARE\WOW6432Node\Microsoft\Windows\CurrentVersion\Explorer\FolderDescriptions","SUCCESS","KeySetInformationClass: KeySetHandleTagsInformation, Length: 0"
"10:34:46.1080664","雷小伊脱机日常 Beta 1.6.24.exe","1496","RegQueryKey","HKLM\SOFTWARE\WOW6432Node\Microsoft\Windows\CurrentVersion\Explorer\FolderDescriptions","SUCCESS","Query: HandleTags, HandleTags: 0x400"
"10:34:46.1080728","雷小伊脱机日常 Beta 1.6.24.exe","1496","RegOpenKey","HKLM\SOFTWARE\WOW6432Node\Microsoft\Windows\CurrentVersion\Explorer\FolderDescriptions\{625B53C3-AB48-4EC1-BA1F-A1EF4146FC19}","SUCCESS","Desired Access: Read"
"10:34:46.1080813","雷小伊脱机日常 Beta 1.6.24.exe","1496","RegCloseKey","HKLM\SOFTWARE\WOW6432Node\Microsoft\Windows\CurrentVersion\Explorer\FolderDescriptions","SUCCESS",""
"10:34:46.1080875","雷小伊脱机日常 Beta 1.6.24.exe","1496","RegQueryValue","HKLM\SOFTWARE\WOW6432Node\Microsoft\Windows\CurrentVersion\Explorer\FolderDescriptions\{625B53C3-AB48-4EC1-BA1F-A1EF4146FC19}\Category","SUCCESS","Type: REG_DWORD, Length: 4, Data: 4"
"10:34:46.1080963","雷小伊脱机日常 Beta 1.6.24.exe","1496","RegQueryValue","HKLM\SOFTWARE\WOW6432Node\Microsoft\Windows\CurrentVersion\Explorer\FolderDescriptions\{625B53C3-AB48-4EC1-BA1F-A1EF4146FC19}\Name","SUCCESS","Type: REG_SZ, Length: 22, Data: Start Menu"
"10:34:46.1081040","雷小伊脱机日常 Beta 1.6.24.exe","1496","RegQueryValue","HKLM\SOFTWARE\WOW6432Node\Microsoft\Windows\CurrentVersion\Explorer\FolderDescriptions\{625B53C3-AB48-4EC1-BA1F-A1EF4146FC19}\ParentFolder","SUCCESS","Type: REG_SZ, Length: 78, Data: {3EB685DB-65F9-4CF6-A03A-E3EF65729F3D}"
"10:34:46.1081104","雷小伊脱机日常 Beta 1.6.24.exe","1496","RegQueryValue","HKLM\SOFTWARE\WOW6432Node\Microsoft\Windows\CurrentVersion\Explorer\FolderDescriptions\{625B53C3-AB48-4EC1-BA1F-A1EF4146FC19}\Description","NAME NOT FOUND","Length: 144"
"10:34:46.1081332","雷小伊脱机日常 Beta 1.6.24.exe","1496","RegQueryValue","HKLM\SOFTWARE\WOW6432Node\Microsoft\Windows\CurrentVersion\Explorer\FolderDescriptions\{625B53C3-AB48-4EC1-BA1F-A1EF4146FC19}\RelativePath","SUCCESS","Type: REG_SZ, Length: 58, Data: Microsoft\Windows\Start Menu"
"10:34:46.1081510","雷小伊脱机日常 Beta 1.6.24.exe","1496","RegQueryValue","HKLM\SOFTWARE\WOW6432Node\Microsoft\Windows\CurrentVersion\Explorer\FolderDescriptions\{625B53C3-AB48-4EC1-BA1F-A1EF4146FC19}\ParsingName","NAME NOT FOUND","Length: 144"
"10:34:46.1082255","雷小伊脱机日常 Beta 1.6.24.exe","1496","RegQueryValue","HKLM\SOFTWARE\WOW6432Node\Microsoft\Windows\CurrentVersion\Explorer\FolderDescriptions\{625B53C3-AB48-4EC1-BA1F-A1EF4146FC19}\InfoTip","NAME NOT FOUND","Length: 144"
"10:34:46.1082385","雷小伊脱机日常 Beta 1.6.24.exe","1496","RegQueryValue","HKLM\SOFTWARE\WOW6432Node\Microsoft\Windows\CurrentVersion\Explorer\FolderDescriptions\{625B53C3-AB48-4EC1-BA1F-A1EF4146FC19}\LocalizedName","SUCCESS","Type: REG_EXPAND_SZ, Length: 84, Data: @%SystemRoot%\system32\shell32.dll,-21786"
"10:34:46.1082529","雷小伊脱机日常 Beta 1.6.24.exe","1496","RegQueryValue","HKLM\SOFTWARE\WOW6432Node\Microsoft\Windows\CurrentVersion\Explorer\FolderDescriptions\{625B53C3-AB48-4EC1-BA1F-A1EF4146FC19}\Icon","NAME NOT FOUND","Length: 144"
"10:34:46.1082616","雷小伊脱机日常 Beta 1.6.24.exe","1496","RegQueryValue","HKLM\SOFTWARE\WOW6432Node\Microsoft\Windows\CurrentVersion\Explorer\FolderDescriptions\{625B53C3-AB48-4EC1-BA1F-A1EF4146FC19}\Security","NAME NOT FOUND","Length: 144"
"10:34:46.1082728","雷小伊脱机日常 Beta 1.6.24.exe","1496","RegQueryValue","HKLM\SOFTWARE\WOW6432Node\Microsoft\Windows\CurrentVersion\Explorer\FolderDescriptions\{625B53C3-AB48-4EC1-BA1F-A1EF4146FC19}\StreamResource","NAME NOT FOUND","Length: 144"
"10:34:46.1082817","雷小伊脱机日常 Beta 1.6.24.exe","1496","RegQueryValue","HKLM\SOFTWARE\WOW6432Node\Microsoft\Windows\CurrentVersion\Explorer\FolderDescriptions\{625B53C3-AB48-4EC1-BA1F-A1EF4146FC19}\StreamResourceType","NAME NOT FOUND","Length: 144"
"10:34:46.1082907","雷小伊脱机日常 Beta 1.6.24.exe","1496","RegQueryValue","HKLM\SOFTWARE\WOW6432Node\Microsoft\Windows\CurrentVersion\Explorer\FolderDescriptions\{625B53C3-AB48-4EC1-BA1F-A1EF4146FC19}\LocalRedirectOnly","NAME NOT FOUND","Length: 16"
"10:34:46.1082981","雷小伊脱机日常 Beta 1.6.24.exe","1496","RegQueryValue","HKLM\SOFTWARE\WOW6432Node\Microsoft\Windows\CurrentVersion\Explorer\FolderDescriptions\{625B53C3-AB48-4EC1-BA1F-A1EF4146FC19}\Roamable","NAME NOT FOUND","Length: 16"
"10:34:46.1083050","雷小伊脱机日常 Beta 1.6.24.exe","1496","RegQueryValue","HKLM\SOFTWARE\WOW6432Node\Microsoft\Windows\CurrentVersion\Explorer\FolderDescriptions\{625B53C3-AB48-4EC1-BA1F-A1EF4146FC19}\PreCreate","SUCCESS","Type: REG_DWORD, Length: 4, Data: 1"
"10:34:46.1083127","雷小伊脱机日常 Beta 1.6.24.exe","1496","RegQueryValue","HKLM\SOFTWARE\WOW6432Node\Microsoft\Windows\CurrentVersion\Explorer\FolderDescriptions\{625B53C3-AB48-4EC1-BA1F-A1EF4146FC19}\Stream","NAME NOT FOUND","Length: 16"
"10:34:46.1083198","雷小伊脱机日常 Beta 1.6.24.exe","1496","RegQueryValue","HKLM\SOFTWARE\WOW6432Node\Microsoft\Windows\CurrentVersion\Explorer\FolderDescriptions\{625B53C3-AB48-4EC1-BA1F-A1EF4146FC19}\PublishExpandedPath","NAME NOT FOUND","Length: 16"
"10:34:46.1083242","雷小伊脱机日常 Beta 1.6.24.exe","1496","RegQueryValue","HKLM\SOFTWARE\WOW6432Node\Microsoft\Windows\CurrentVersion\Explorer\FolderDescriptions\{625B53C3-AB48-4EC1-BA1F-A1EF4146FC19}\DefinitionFlags","NAME NOT FOUND","Length: 16"
"10:34:46.1083286","雷小伊脱机日常 Beta 1.6.24.exe","1496","RegQueryValue","HKLM\SOFTWARE\WOW6432Node\Microsoft\Windows\CurrentVersion\Explorer\FolderDescriptions\{625B53C3-AB48-4EC1-BA1F-A1EF4146FC19}\Attributes","SUCCESS","Type: REG_DWORD, Length: 4, Data: 1"
"10:34:46.1083340","雷小伊脱机日常 Beta 1.6.24.exe","1496","RegQueryValue","HKLM\SOFTWARE\WOW6432Node\Microsoft\Windows\CurrentVersion\Explorer\FolderDescriptions\{625B53C3-AB48-4EC1-BA1F-A1EF4146FC19}\FolderTypeID","NAME NOT FOUND","Length: 90"
"10:34:46.1083403","雷小伊脱机日常 Beta 1.6.24.exe","1496","RegQueryValue","HKLM\SOFTWARE\WOW6432Node\Microsoft\Windows\CurrentVersion\Explorer\FolderDescriptions\{625B53C3-AB48-4EC1-BA1F-A1EF4146FC19}\InitFolderHandler","NAME NOT FOUND","Length: 90"
"10:34:46.1083534","雷小伊脱机日常 Beta 1.6.24.exe","1496","RegQueryKey","HKLM\SOFTWARE\WOW6432Node\Microsoft\Windows\CurrentVersion\Explorer\FolderDescriptions\{625B53C3-AB48-4EC1-BA1F-A1EF4146FC19}","SUCCESS","Query: HandleTags, HandleTags: 0x400"
"10:34:46.1083613","雷小伊脱机日常 Beta 1.6.24.exe","1496","RegOpenKey","HKLM\SOFTWARE\WOW6432Node\Microsoft\Windows\CurrentVersion\Explorer\FolderDescriptions\{625B53C3-AB48-4EC1-BA1F-A1EF4146FC19}\PropertyBag","NAME NOT FOUND","Desired Access: Read"
"10:34:46.1083711","雷小伊脱机日常 Beta 1.6.24.exe","1496","RegCloseKey","HKLM\SOFTWARE\WOW6432Node\Microsoft\Windows\CurrentVersion\Explorer\FolderDescriptions\{625B53C3-AB48-4EC1-BA1F-A1EF4146FC19}","SUCCESS",""
"10:34:46.1083987","雷小伊脱机日常 Beta 1.6.24.exe","1496","RegQueryKey","HKCU\SOFTWARE\Microsoft\Windows\CurrentVersion\Explorer","SUCCESS","Query: HandleTags, HandleTags: 0x400"
"10:34:46.1084067","雷小伊脱机日常 Beta 1.6.24.exe","1496","RegOpenKey","HKCU\SOFTWARE\Microsoft\Windows\CurrentVersion\Explorer\SessionInfo\1","SUCCESS","Desired Access: Query Value"
"10:34:46.1084205","雷小伊脱机日常 Beta 1.6.24.exe","1496","RegQueryKey","HKCU\SOFTWARE\Microsoft\Windows\CurrentVersion\Explorer\SessionInfo\1","SUCCESS","Query: HandleTags, HandleTags: 0x400"
"10:34:46.1084277","雷小伊脱机日常 Beta 1.6.24.exe","1496","RegOpenKey","HKCU\SOFTWARE\Microsoft\Windows\CurrentVersion\Explorer\SessionInfo\1\KnownFolders","NAME NOT FOUND","Desired Access: Query Value"
"10:34:46.1084367","雷小伊脱机日常 Beta 1.6.24.exe","1496","RegCloseKey","HKCU\SOFTWARE\Microsoft\Windows\CurrentVersion\Explorer\SessionInfo\1","SUCCESS",""
"10:34:46.1084489","雷小伊脱机日常 Beta 1.6.24.exe","1496","RegOpenKey","HKCU","SUCCESS","Desired Access: Read"
"10:34:46.1084605","雷小伊脱机日常 Beta 1.6.24.exe","1496","RegQueryKey","HKCU","SUCCESS","Query: HandleTags, HandleTags: 0x0"
"10:34:46.1084659","雷小伊脱机日常 Beta 1.6.24.exe","1496","RegQueryKey","HKCU","SUCCESS","Query: Name"
"10:34:46.1084987","雷小伊脱机日常 Beta 1.6.24.exe","1496","RegOpenKey","HKCU\Software\Microsoft\Windows\CurrentVersion\Explorer\User Shell Folders","SUCCESS","Desired Access: Read"
"10:34:46.1085172","雷小伊脱机日常 Beta 1.6.24.exe","1496","RegSetInfoKey","HKCU\SOFTWARE\Microsoft\Windows\CurrentVersion\Explorer\User Shell Folders","SUCCESS","KeySetInformationClass: KeySetHandleTagsInformation, Length: 0"
"10:34:46.1085231","雷小伊脱机日常 Beta 1.6.24.exe","1496","RegCloseKey","HKCU","SUCCESS",""
"10:34:46.1085291","雷小伊脱机日常 Beta 1.6.24.exe","1496","RegQueryValue","HKCU\SOFTWARE\Microsoft\Windows\CurrentVersion\Explorer\User Shell Folders\Start Menu","SUCCESS","Type: REG_EXPAND_SZ, Length: 118, Data: %USERPROFILE%\AppData\Roaming\Microsoft\Windows\Start Menu"
"10:34:46.1085586","雷小伊脱机日常 Beta 1.6.24.exe","1496","RegCloseKey","HKCU\SOFTWARE\Microsoft\Windows\CurrentVersion\Explorer\User Shell Folders","SUCCESS",""
"10:34:46.1085817","雷小伊脱机日常 Beta 1.6.24.exe","1496","RegQueryKey","HKLM","SUCCESS","Query: HandleTags, HandleTags: 0x0"
"10:34:46.1085884","雷小伊脱机日常 Beta 1.6.24.exe","1496","RegQueryKey","HKLM","SUCCESS","Query: Name"
"10:34:46.1085981","雷小伊脱机日常 Beta 1.6.24.exe","1496","RegOpenKey","HKLM\Software\WOW6432Node\Microsoft\Windows\CurrentVersion\Explorer\FolderDescriptions","SUCCESS","Desired Access: Read"
"10:34:46.1086322","雷小伊脱机日常 Beta 1.6.24.exe","1496","RegSetInfoKey","HKLM\SOFTWARE\WOW6432Node\Microsoft\Windows\CurrentVersion\Explorer\FolderDescriptions","SUCCESS","KeySetInformationClass: KeySetHandleTagsInformation, Length: 0"
"10:34:46.1086465","雷小伊脱机日常 Beta 1.6.24.exe","1496","RegQueryKey","HKLM\SOFTWARE\WOW6432Node\Microsoft\Windows\CurrentVersion\Explorer\FolderDescriptions","SUCCESS","Query: HandleTags, HandleTags: 0x400"
"10:34:46.1086547","雷小伊脱机日常 Beta 1.6.24.exe","1496","RegOpenKey","HKLM\SOFTWARE\WOW6432Node\Microsoft\Windows\CurrentVersion\Explorer\FolderDescriptions\{A4115719-D62E-491D-AA7C-E74B8BE3B067}","SUCCESS","Desired Access: Read"
"10:34:46.1086716","雷小伊脱机日常 Beta 1.6.24.exe","1496","RegCloseKey","HKLM\SOFTWARE\WOW6432Node\Microsoft\Windows\CurrentVersion\Explorer\FolderDescriptions","SUCCESS",""
"10:34:46.1086844","雷小伊脱机日常 Beta 1.6.24.exe","1496","RegQueryValue","HKLM\SOFTWARE\WOW6432Node\Microsoft\Windows\CurrentVersion\Explorer\FolderDescriptions\{A4115719-D62E-491D-AA7C-E74B8BE3B067}\Category","SUCCESS","Type: REG_DWORD, Length: 4, Data: 3"
"10:34:46.1086920","雷小伊脱机日常 Beta 1.6.24.exe","1496","RegQueryValue","HKLM\SOFTWARE\WOW6432Node\Microsoft\Windows\CurrentVersion\Explorer\FolderDescriptions\{A4115719-D62E-491D-AA7C-E74B8BE3B067}\Name","SUCCESS","Type: REG_SZ, Length: 36, Data: Common Start Menu"
"10:34:46.1087103","雷小伊脱机日常 Beta 1.6.24.exe","1496","RegQueryValue","HKLM\SOFTWARE\WOW6432Node\Microsoft\Windows\CurrentVersion\Explorer\FolderDescriptions\{A4115719-D62E-491D-AA7C-E74B8BE3B067}\ParentFolder","SUCCESS","Type: REG_SZ, Length: 78, Data: {62AB5D82-FDC1-4DC3-A9DD-070D1D495D97}"
"10:34:46.1087169","雷小伊脱机日常 Beta 1.6.24.exe","1496","RegQueryValue","HKLM\SOFTWARE\WOW6432Node\Microsoft\Windows\CurrentVersion\Explorer\FolderDescriptions\{A4115719-D62E-491D-AA7C-E74B8BE3B067}\Description","NAME NOT FOUND","Length: 144"
"10:34:46.1087230","雷小伊脱机日常 Beta 1.6.24.exe","1496","RegQueryValue","HKLM\SOFTWARE\WOW6432Node\Microsoft\Windows\CurrentVersion\Explorer\FolderDescriptions\{A4115719-D62E-491D-AA7C-E74B8BE3B067}\RelativePath","SUCCESS","Type: REG_SZ, Length: 58, Data: Microsoft\Windows\Start Menu"
"10:34:46.1087296","雷小伊脱机日常 Beta 1.6.24.exe","1496","RegQueryValue","HKLM\SOFTWARE\WOW6432Node\Microsoft\Windows\CurrentVersion\Explorer\FolderDescriptions\{A4115719-D62E-491D-AA7C-E74B8BE3B067}\ParsingName","NAME NOT FOUND","Length: 144"
"10:34:46.1087351","雷小伊脱机日常 Beta 1.6.24.exe","1496","RegQueryValue","HKLM\SOFTWARE\WOW6432Node\Microsoft\Windows\CurrentVersion\Explorer\FolderDescriptions\{A4115719-D62E-491D-AA7C-E74B8BE3B067}\InfoTip","NAME NOT FOUND","Length: 144"
"10:34:46.1087563","雷小伊脱机日常 Beta 1.6.24.exe","1496","RegQueryValue","HKLM\SOFTWARE\WOW6432Node\Microsoft\Windows\CurrentVersion\Explorer\FolderDescriptions\{A4115719-D62E-491D-AA7C-E74B8BE3B067}\LocalizedName","SUCCESS","Type: REG_EXPAND_SZ, Length: 84, Data: @%SystemRoot%\system32\shell32.dll,-21786"
"10:34:46.1087656","雷小伊脱机日常 Beta 1.6.24.exe","1496","RegQueryValue","HKLM\SOFTWARE\WOW6432Node\Microsoft\Windows\CurrentVersion\Explorer\FolderDescriptions\{A4115719-D62E-491D-AA7C-E74B8BE3B067}\Icon","NAME NOT FOUND","Length: 144"
"10:34:46.1087717","雷小伊脱机日常 Beta 1.6.24.exe","1496","RegQueryValue","HKLM\SOFTWARE\WOW6432Node\Microsoft\Windows\CurrentVersion\Explorer\FolderDescriptions\{A4115719-D62E-491D-AA7C-E74B8BE3B067}\Security","NAME NOT FOUND","Length: 144"
"10:34:46.1087787","雷小伊脱机日常 Beta 1.6.24.exe","1496","RegQueryValue","HKLM\SOFTWARE\WOW6432Node\Microsoft\Windows\CurrentVersion\Explorer\FolderDescriptions\{A4115719-D62E-491D-AA7C-E74B8BE3B067}\StreamResource","NAME NOT FOUND","Length: 144"
"10:34:46.1087840","雷小伊脱机日常 Beta 1.6.24.exe","1496","RegQueryValue","HKLM\SOFTWARE\WOW6432Node\Microsoft\Windows\CurrentVersion\Explorer\FolderDescriptions\{A4115719-D62E-491D-AA7C-E74B8BE3B067}\StreamResourceType","NAME NOT FOUND","Length: 144"
"10:34:46.1087920","雷小伊脱机日常 Beta 1.6.24.exe","1496","RegQueryValue","HKLM\SOFTWARE\WOW6432Node\Microsoft\Windows\CurrentVersion\Explorer\FolderDescriptions\{A4115719-D62E-491D-AA7C-E74B8BE3B067}\LocalRedirectOnly","NAME NOT FOUND","Length: 16"
"10:34:46.1087983","雷小伊脱机日常 Beta 1.6.24.exe","1496","RegQueryValue","HKLM\SOFTWARE\WOW6432Node\Microsoft\Windows\CurrentVersion\Explorer\FolderDescriptions\{A4115719-D62E-491D-AA7C-E74B8BE3B067}\Roamable","NAME NOT FOUND","Length: 16"
"10:34:46.1088129","雷小伊脱机日常 Beta 1.6.24.exe","1496","RegQueryValue","HKLM\SOFTWARE\WOW6432Node\Microsoft\Windows\CurrentVersion\Explorer\FolderDescriptions\{A4115719-D62E-491D-AA7C-E74B8BE3B067}\PreCreate","SUCCESS","Type: REG_DWORD, Length: 4, Data: 1"
"10:34:46.1088195","雷小伊脱机日常 Beta 1.6.24.exe","1496","RegQueryValue","HKLM\SOFTWARE\WOW6432Node\Microsoft\Windows\CurrentVersion\Explorer\FolderDescriptions\{A4115719-D62E-491D-AA7C-E74B8BE3B067}\Stream","NAME NOT FOUND","Length: 16"
"10:34:46.1088249","雷小伊脱机日常 Beta 1.6.24.exe","1496","RegQueryValue","HKLM\SOFTWARE\WOW6432Node\Microsoft\Windows\CurrentVersion\Explorer\FolderDescriptions\{A4115719-D62E-491D-AA7C-E74B8BE3B067}\PublishExpandedPath","NAME NOT FOUND","Length: 16"
"10:34:46.1088327","雷小伊脱机日常 Beta 1.6.24.exe","1496","RegQueryValue","HKLM\SOFTWARE\WOW6432Node\Microsoft\Windows\CurrentVersion\Explorer\FolderDescriptions\{A4115719-D62E-491D-AA7C-E74B8BE3B067}\DefinitionFlags","NAME NOT FOUND","Length: 16"
"10:34:46.1088383","雷小伊脱机日常 Beta 1.6.24.exe","1496","RegQueryValue","HKLM\SOFTWARE\WOW6432Node\Microsoft\Windows\CurrentVersion\Explorer\FolderDescriptions\{A4115719-D62E-491D-AA7C-E74B8BE3B067}\Attributes","SUCCESS","Type: REG_DWORD, Length: 4, Data: 1"
"10:34:46.1088644","雷小伊脱机日常 Beta 1.6.24.exe","1496","RegQueryValue","HKLM\SOFTWARE\WOW6432Node\Microsoft\Windows\CurrentVersion\Explorer\FolderDescriptions\{A4115719-D62E-491D-AA7C-E74B8BE3B067}\FolderTypeID","NAME NOT FOUND","Length: 90"
"10:34:46.1088706","雷小伊脱机日常 Beta 1.6.24.exe","1496","RegQueryValue","HKLM\SOFTWARE\WOW6432Node\Microsoft\Windows\CurrentVersion\Explorer\FolderDescriptions\{A4115719-D62E-491D-AA7C-E74B8BE3B067}\InitFolderHandler","NAME NOT FOUND","Length: 90"
"10:34:46.1088826","雷小伊脱机日常 Beta 1.6.24.exe","1496","RegQueryKey","HKLM\SOFTWARE\WOW6432Node\Microsoft\Windows\CurrentVersion\Explorer\FolderDescriptions\{A4115719-D62E-491D-AA7C-E74B8BE3B067}","SUCCESS","Query: HandleTags, HandleTags: 0x400"
"10:34:46.1088907","雷小伊脱机日常 Beta 1.6.24.exe","1496","RegOpenKey","HKLM\SOFTWARE\WOW6432Node\Microsoft\Windows\CurrentVersion\Explorer\FolderDescriptions\{A4115719-D62E-491D-AA7C-E74B8BE3B067}\PropertyBag","NAME NOT FOUND","Desired Access: Read"
"10:34:46.1089008","雷小伊脱机日常 Beta 1.6.24.exe","1496","RegCloseKey","HKLM\SOFTWARE\WOW6432Node\Microsoft\Windows\CurrentVersion\Explorer\FolderDescriptions\{A4115719-D62E-491D-AA7C-E74B8BE3B067}","SUCCESS",""
"10:34:46.1089124","雷小伊脱机日常 Beta 1.6.24.exe","1496","RegQueryKey","HKCU\SOFTWARE\Microsoft\Windows\CurrentVersion\Explorer","SUCCESS","Query: HandleTags, HandleTags: 0x400"
"10:34:46.1089191","雷小伊脱机日常 Beta 1.6.24.exe","1496","RegOpenKey","HKCU\SOFTWARE\Microsoft\Windows\CurrentVersion\Explorer\SessionInfo\1","SUCCESS","Desired Access: Query Value"
"10:34:46.1089290","雷小伊脱机日常 Beta 1.6.24.exe","1496","RegQueryKey","HKCU\SOFTWARE\Microsoft\Windows\CurrentVersion\Explorer\SessionInfo\1","SUCCESS","Query: HandleTags, HandleTags: 0x400"
"10:34:46.1089344","雷小伊脱机日常 Beta 1.6.24.exe","1496","RegOpenKey","HKCU\SOFTWARE\Microsoft\Windows\CurrentVersion\Explorer\SessionInfo\1\KnownFolders","NAME NOT FOUND","Desired Access: Query Value"
"10:34:46.1089408","雷小伊脱机日常 Beta 1.6.24.exe","1496","RegCloseKey","HKCU\SOFTWARE\Microsoft\Windows\CurrentVersion\Explorer\SessionInfo\1","SUCCESS",""
"10:34:46.1089474","雷小伊脱机日常 Beta 1.6.24.exe","1496","RegQueryKey","HKLM","SUCCESS","Query: HandleTags, HandleTags: 0x0"
"10:34:46.1089513","雷小伊脱机日常 Beta 1.6.24.exe","1496","RegQueryKey","HKLM","SUCCESS","Query: Name"
"10:34:46.1089612","雷小伊脱机日常 Beta 1.6.24.exe","1496","RegOpenKey","HKLM\Software\WOW6432Node\Microsoft\Windows\CurrentVersion\Explorer\User Shell Folders","SUCCESS","Desired Access: Read"
"10:34:46.1089737","雷小伊脱机日常 Beta 1.6.24.exe","1496","RegSetInfoKey","HKLM\SOFTWARE\WOW6432Node\Microsoft\Windows\CurrentVersion\Explorer\User Shell Folders","SUCCESS","KeySetInformationClass: KeySetHandleTagsInformation, Length: 0"
"10:34:46.1089885","雷小伊脱机日常 Beta 1.6.24.exe","1496","RegQueryValue","HKLM\SOFTWARE\WOW6432Node\Microsoft\Windows\CurrentVersion\Explorer\User Shell Folders\Common Start Menu","SUCCESS","Type: REG_EXPAND_SZ, Length: 86, Data: %ProgramData%\Microsoft\Windows\Start Menu"
"10:34:46.1090137","雷小伊脱机日常 Beta 1.6.24.exe","1496","RegCloseKey","HKLM\SOFTWARE\WOW6432Node\Microsoft\Windows\CurrentVersion\Explorer\User Shell Folders","SUCCESS",""
"10:34:46.1090288","雷小伊脱机日常 Beta 1.6.24.exe","1496","RegQueryKey","HKLM","SUCCESS","Query: HandleTags, HandleTags: 0x0"
"10:34:46.1090331","雷小伊脱机日常 Beta 1.6.24.exe","1496","RegQueryKey","HKLM","SUCCESS","Query: Name"
"10:34:46.1090429","雷小伊脱机日常 Beta 1.6.24.exe","1496","RegOpenKey","HKLM\Software\WOW6432Node\Microsoft\Windows\CurrentVersion\Explorer\FolderDescriptions","SUCCESS","Desired Access: Read"
"10:34:46.1090499","雷小伊脱机日常 Beta 1.6.24.exe","1496","RegSetInfoKey","HKLM\SOFTWARE\WOW6432Node\Microsoft\Windows\CurrentVersion\Explorer\FolderDescriptions","SUCCESS","KeySetInformationClass: KeySetHandleTagsInformation, Length: 0"
"10:34:46.1090567","雷小伊脱机日常 Beta 1.6.24.exe","1496","RegQueryKey","HKLM\SOFTWARE\WOW6432Node\Microsoft\Windows\CurrentVersion\Explorer\FolderDescriptions","SUCCESS","Query: HandleTags, HandleTags: 0x400"
"10:34:46.1090622","雷小伊脱机日常 Beta 1.6.24.exe","1496","RegOpenKey","HKLM\SOFTWARE\WOW6432Node\Microsoft\Windows\CurrentVersion\Explorer\FolderDescriptions\{AE50C081-EBD2-438A-8655-8A092E34987A}","SUCCESS","Desired Access: Read"
"10:34:46.1090717","雷小伊脱机日常 Beta 1.6.24.exe","1496","RegCloseKey","HKLM\SOFTWARE\WOW6432Node\Microsoft\Windows\CurrentVersion\Explorer\FolderDescriptions","SUCCESS",""
"10:34:46.1090768","雷小伊脱机日常 Beta 1.6.24.exe","1496","RegQueryValue","HKLM\SOFTWARE\WOW6432Node\Microsoft\Windows\CurrentVersion\Explorer\FolderDescriptions\{AE50C081-EBD2-438A-8655-8A092E34987A}\Category","SUCCESS","Type: REG_DWORD, Length: 4, Data: 4"
"10:34:46.1090815","雷小伊脱机日常 Beta 1.6.24.exe","1496","RegQueryValue","HKLM\SOFTWARE\WOW6432Node\Microsoft\Windows\CurrentVersion\Explorer\FolderDescriptions\{AE50C081-EBD2-438A-8655-8A092E34987A}\Name","SUCCESS","Type: REG_SZ, Length: 14, Data: Recent"
"10:34:46.1090872","雷小伊脱机日常 Beta 1.6.24.exe","1496","RegQueryValue","HKLM\SOFTWARE\WOW6432Node\Microsoft\Windows\CurrentVersion\Explorer\FolderDescriptions\{AE50C081-EBD2-438A-8655-8A092E34987A}\ParentFolder","SUCCESS","Type: REG_SZ, Length: 78, Data: {3EB685DB-65F9-4CF6-A03A-E3EF65729F3D}"
"10:34:46.1090927","雷小伊脱机日常 Beta 1.6.24.exe","1496","RegQueryValue","HKLM\SOFTWARE\WOW6432Node\Microsoft\Windows\CurrentVersion\Explorer\FolderDescriptions\{AE50C081-EBD2-438A-8655-8A092E34987A}\Description","NAME NOT FOUND","Length: 144"
"10:34:46.1090978","雷小伊脱机日常 Beta 1.6.24.exe","1496","RegQueryValue","HKLM\SOFTWARE\WOW6432Node\Microsoft\Windows\CurrentVersion\Explorer\FolderDescriptions\{AE50C081-EBD2-438A-8655-8A092E34987A}\RelativePath","SUCCESS","Type: REG_SZ, Length: 50, Data: Microsoft\Windows\Recent"
"10:34:46.1091032","雷小伊脱机日常 Beta 1.6.24.exe","1496","RegQueryValue","HKLM\SOFTWARE\WOW6432Node\Microsoft\Windows\CurrentVersion\Explorer\FolderDescriptions\{AE50C081-EBD2-438A-8655-8A092E34987A}\ParsingName","NAME NOT FOUND","Length: 144"
"10:34:46.1091083","雷小伊脱机日常 Beta 1.6.24.exe","1496","RegQueryValue","HKLM\SOFTWARE\WOW6432Node\Microsoft\Windows\CurrentVersion\Explorer\FolderDescriptions\{AE50C081-EBD2-438A-8655-8A092E34987A}\InfoTip","SUCCESS","Type: REG_SZ, Length: 40, Data: @shell32,dll,-12692"
"10:34:46.1091136","雷小伊脱机日常 Beta 1.6.24.exe","1496","RegQueryValue","HKLM\SOFTWARE\WOW6432Node\Microsoft\Windows\CurrentVersion\Explorer\FolderDescriptions\{AE50C081-EBD2-438A-8655-8A092E34987A}\LocalizedName","SUCCESS","Type: REG_EXPAND_SZ, Length: 84, Data: @%SystemRoot%\system32\shell32.dll,-21797"
"10:34:46.1091194","雷小伊脱机日常 Beta 1.6.24.exe","1496","RegQueryValue","HKLM\SOFTWARE\WOW6432Node\Microsoft\Windows\CurrentVersion\Explorer\FolderDescriptions\{AE50C081-EBD2-438A-8655-8A092E34987A}\Icon","SUCCESS","Type: REG_EXPAND_SZ, Length: 80, Data: %SystemRoot%\system32\imageres.dll,-117"
"10:34:46.1091247","雷小伊脱机日常 Beta 1.6.24.exe","1496","RegQueryValue","HKLM\SOFTWARE\WOW6432Node\Microsoft\Windows\CurrentVersion\Explorer\FolderDescriptions\{AE50C081-EBD2-438A-8655-8A092E34987A}\Security","NAME NOT FOUND","Length: 144"
"10:34:46.1091303","雷小伊脱机日常 Beta 1.6.24.exe","1496","RegQueryValue","HKLM\SOFTWARE\WOW6432Node\Microsoft\Windows\CurrentVersion\Explorer\FolderDescriptions\{AE50C081-EBD2-438A-8655-8A092E34987A}\StreamResource","NAME NOT FOUND","Length: 144"
"10:34:46.1091364","雷小伊脱机日常 Beta 1.6.24.exe","1496","RegQueryValue","HKLM\SOFTWARE\WOW6432Node\Microsoft\Windows\CurrentVersion\Explorer\FolderDescriptions\{AE50C081-EBD2-438A-8655-8A092E34987A}\StreamResourceType","NAME NOT FOUND","Length: 144"
"10:34:46.1091433","雷小伊脱机日常 Beta 1.6.24.exe","1496","RegQueryValue","HKLM\SOFTWARE\WOW6432Node\Microsoft\Windows\CurrentVersion\Explorer\FolderDescriptions\{AE50C081-EBD2-438A-8655-8A092E34987A}\LocalRedirectOnly","NAME NOT FOUND","Length: 16"
"10:34:46.1091489","雷小伊脱机日常 Beta 1.6.24.exe","1496","RegQueryValue","HKLM\SOFTWARE\WOW6432Node\Microsoft\Windows\CurrentVersion\Explorer\FolderDescriptions\{AE50C081-EBD2-438A-8655-8A092E34987A}\Roamable","NAME NOT FOUND","Length: 16"
"10:34:46.1091540","雷小伊脱机日常 Beta 1.6.24.exe","1496","RegQueryValue","HKLM\SOFTWARE\WOW6432Node\Microsoft\Windows\CurrentVersion\Explorer\FolderDescriptions\{AE50C081-EBD2-438A-8655-8A092E34987A}\PreCreate","SUCCESS","Type: REG_DWORD, Length: 4, Data: 1"
"10:34:46.1091600","雷小伊脱机日常 Beta 1.6.24.exe","1496","RegQueryValue","HKLM\SOFTWARE\WOW6432Node\Microsoft\Windows\CurrentVersion\Explorer\FolderDescriptions\{AE50C081-EBD2-438A-8655-8A092E34987A}\Stream","NAME NOT FOUND","Length: 16"
"10:34:46.1091648","雷小伊脱机日常 Beta 1.6.24.exe","1496","RegQueryValue","HKLM\SOFTWARE\WOW6432Node\Microsoft\Windows\CurrentVersion\Explorer\FolderDescriptions\{AE50C081-EBD2-438A-8655-8A092E34987A}\PublishExpandedPath","NAME NOT FOUND","Length: 16"
"10:34:46.1091702","雷小伊脱机日常 Beta 1.6.24.exe","1496","RegQueryValue","HKLM\SOFTWARE\WOW6432Node\Microsoft\Windows\CurrentVersion\Explorer\FolderDescriptions\{AE50C081-EBD2-438A-8655-8A092E34987A}\DefinitionFlags","NAME NOT FOUND","Length: 16"
"10:34:46.1091753","雷小伊脱机日常 Beta 1.6.24.exe","1496","RegQueryValue","HKLM\SOFTWARE\WOW6432Node\Microsoft\Windows\CurrentVersion\Explorer\FolderDescriptions\{AE50C081-EBD2-438A-8655-8A092E34987A}\Attributes","SUCCESS","Type: REG_DWORD, Length: 4, Data: 1"
"10:34:46.1091825","雷小伊脱机日常 Beta 1.6.24.exe","1496","RegQueryValue","HKLM\SOFTWARE\WOW6432Node\Microsoft\Windows\CurrentVersion\Explorer\FolderDescriptions\{AE50C081-EBD2-438A-8655-8A092E34987A}\FolderTypeID","NAME NOT FOUND","Length: 90"
"10:34:46.1091879","雷小伊脱机日常 Beta 1.6.24.exe","1496","RegQueryValue","HKLM\SOFTWARE\WOW6432Node\Microsoft\Windows\CurrentVersion\Explorer\FolderDescriptions\{AE50C081-EBD2-438A-8655-8A092E34987A}\InitFolderHandler","NAME NOT FOUND","Length: 90"
"10:34:46.1091968","雷小伊脱机日常 Beta 1.6.24.exe","1496","RegQueryKey","HKLM\SOFTWARE\WOW6432Node\Microsoft\Windows\CurrentVersion\Explorer\FolderDescriptions\{AE50C081-EBD2-438A-8655-8A092E34987A}","SUCCESS","Query: HandleTags, HandleTags: 0x400"
"10:34:46.1092019","雷小伊脱机日常 Beta 1.6.24.exe","1496","RegOpenKey","HKLM\SOFTWARE\WOW6432Node\Microsoft\Windows\CurrentVersion\Explorer\FolderDescriptions\{AE50C081-EBD2-438A-8655-8A092E34987A}\PropertyBag","NAME NOT FOUND","Desired Access: Read"
"10:34:46.1092089","雷小伊脱机日常 Beta 1.6.24.exe","1496","RegCloseKey","HKLM\SOFTWARE\WOW6432Node\Microsoft\Windows\CurrentVersion\Explorer\FolderDescriptions\{AE50C081-EBD2-438A-8655-8A092E34987A}","SUCCESS",""
"10:34:46.1092192","雷小伊脱机日常 Beta 1.6.24.exe","1496","RegQueryKey","HKCU\SOFTWARE\Microsoft\Windows\CurrentVersion\Explorer","SUCCESS","Query: HandleTags, HandleTags: 0x400"
"10:34:46.1092240","雷小伊脱机日常 Beta 1.6.24.exe","1496","RegOpenKey","HKCU\SOFTWARE\Microsoft\Windows\CurrentVersion\Explorer\SessionInfo\1","SUCCESS","Desired Access: Query Value"
"10:34:46.1092334","雷小伊脱机日常 Beta 1.6.24.exe","1496","RegQueryKey","HKCU\SOFTWARE\Microsoft\Windows\CurrentVersion\Explorer\SessionInfo\1","SUCCESS","Query: HandleTags, HandleTags: 0x400"
"10:34:46.1092383","雷小伊脱机日常 Beta 1.6.24.exe","1496","RegOpenKey","HKCU\SOFTWARE\Microsoft\Windows\CurrentVersion\Explorer\SessionInfo\1\KnownFolders","NAME NOT FOUND","Desired Access: Query Value"
"10:34:46.1092448","雷小伊脱机日常 Beta 1.6.24.exe","1496","RegCloseKey","HKCU\SOFTWARE\Microsoft\Windows\CurrentVersion\Explorer\SessionInfo\1","SUCCESS",""
"10:34:46.1092535","雷小伊脱机日常 Beta 1.6.24.exe","1496","RegOpenKey","HKCU","SUCCESS","Desired Access: Read"
"10:34:46.1092637","雷小伊脱机日常 Beta 1.6.24.exe","1496","RegQueryKey","HKCU","SUCCESS","Query: HandleTags, HandleTags: 0x0"
"10:34:46.1092685","雷小伊脱机日常 Beta 1.6.24.exe","1496","RegQueryKey","HKCU","SUCCESS","Query: Name"
"10:34:46.1092774","雷小伊脱机日常 Beta 1.6.24.exe","1496","RegOpenKey","HKCU\Software\Microsoft\Windows\CurrentVersion\Explorer\User Shell Folders","SUCCESS","Desired Access: Read"
"10:34:46.1092848","雷小伊脱机日常 Beta 1.6.24.exe","1496","RegSetInfoKey","HKCU\SOFTWARE\Microsoft\Windows\CurrentVersion\Explorer\User Shell Folders","SUCCESS","KeySetInformationClass: KeySetHandleTagsInformation, Length: 0"
"10:34:46.1092903","雷小伊脱机日常 Beta 1.6.24.exe","1496","RegCloseKey","HKCU","SUCCESS",""
"10:34:46.1092974","雷小伊脱机日常 Beta 1.6.24.exe","1496","RegQueryValue","HKCU\SOFTWARE\Microsoft\Windows\CurrentVersion\Explorer\User Shell Folders\Recent","SUCCESS","Type: REG_EXPAND_SZ, Length: 110, Data: %USERPROFILE%\AppData\Roaming\Microsoft\Windows\Recent"
"10:34:46.1093211","雷小伊脱机日常 Beta 1.6.24.exe","1496","RegCloseKey","HKCU\SOFTWARE\Microsoft\Windows\CurrentVersion\Explorer\User Shell Folders","SUCCESS",""
"10:34:46.1093337","雷小伊脱机日常 Beta 1.6.24.exe","1496","RegQueryKey","HKLM","SUCCESS","Query: HandleTags, HandleTags: 0x0"
"10:34:46.1093386","雷小伊脱机日常 Beta 1.6.24.exe","1496","RegQueryKey","HKLM","SUCCESS","Query: Name"
"10:34:46.1093471","雷小伊脱机日常 Beta 1.6.24.exe","1496","RegOpenKey","HKLM\Software\WOW6432Node\Microsoft\Windows\CurrentVersion\Explorer\FolderDescriptions","SUCCESS","Desired Access: Read"
"10:34:46.1093540","雷小伊脱机日常 Beta 1.6.24.exe","1496","RegSetInfoKey","HKLM\SOFTWARE\WOW6432Node\Microsoft\Windows\CurrentVersion\Explorer\FolderDescriptions","SUCCESS","KeySetInformationClass: KeySetHandleTagsInformation, Length: 0"
"10:34:46.1093609","雷小伊脱机日常 Beta 1.6.24.exe","1496","RegQueryKey","HKLM\SOFTWARE\WOW6432Node\Microsoft\Windows\CurrentVersion\Explorer\FolderDescriptions","SUCCESS","Query: HandleTags, HandleTags: 0x400"
"10:34:46.1093677","雷小伊脱机日常 Beta 1.6.24.exe","1496","RegOpenKey","HKLM\SOFTWARE\WOW6432Node\Microsoft\Windows\CurrentVersion\Explorer\FolderDescriptions\{F38BF404-1D43-42F2-9305-67DE0B28FC23}","SUCCESS","Desired Access: Read"
"10:34:46.1093780","雷小伊脱机日常 Beta 1.6.24.exe","1496","RegCloseKey","HKLM\SOFTWARE\WOW6432Node\Microsoft\Windows\CurrentVersion\Explorer\FolderDescriptions","SUCCESS",""
"10:34:46.1093847","雷小伊脱机日常 Beta 1.6.24.exe","1496","RegQueryValue","HKLM\SOFTWARE\WOW6432Node\Microsoft\Windows\CurrentVersion\Explorer\FolderDescriptions\{F38BF404-1D43-42F2-9305-67DE0B28FC23}\Category","SUCCESS","Type: REG_DWORD, Length: 4, Data: 2"
"10:34:46.1094081","雷小伊脱机日常 Beta 1.6.24.exe","1496","RegQueryValue","HKLM\SOFTWARE\WOW6432Node\Microsoft\Windows\CurrentVersion\Explorer\FolderDescriptions\{F38BF404-1D43-42F2-9305-67DE0B28FC23}\Name","SUCCESS","Type: REG_SZ, Length: 16, Data: Windows"
"10:34:46.1094149","雷小伊脱机日常 Beta 1.6.24.exe","1496","RegQueryValue","HKLM\SOFTWARE\WOW6432Node\Microsoft\Windows\CurrentVersion\Explorer\FolderDescriptions\{F38BF404-1D43-42F2-9305-67DE0B28FC23}\ParentFolder","NAME NOT FOUND","Length: 90"
"10:34:46.1094207","雷小伊脱机日常 Beta 1.6.24.exe","1496","RegQueryValue","HKLM\SOFTWARE\WOW6432Node\Microsoft\Windows\CurrentVersion\Explorer\FolderDescriptions\{F38BF404-1D43-42F2-9305-67DE0B28FC23}\Description","NAME NOT FOUND","Length: 144"
"10:34:46.1094260","雷小伊脱机日常 Beta 1.6.24.exe","1496","RegQueryValue","HKLM\SOFTWARE\WOW6432Node\Microsoft\Windows\CurrentVersion\Explorer\FolderDescriptions\{F38BF404-1D43-42F2-9305-67DE0B28FC23}\RelativePath","NAME NOT FOUND","Length: 144"
"10:34:46.1094320","雷小伊脱机日常 Beta 1.6.24.exe","1496","RegQueryValue","HKLM\SOFTWARE\WOW6432Node\Microsoft\Windows\CurrentVersion\Explorer\FolderDescriptions\{F38BF404-1D43-42F2-9305-67DE0B28FC23}\ParsingName","NAME NOT FOUND","Length: 144"
"10:34:46.1094383","雷小伊脱机日常 Beta 1.6.24.exe","1496","RegQueryValue","HKLM\SOFTWARE\WOW6432Node\Microsoft\Windows\CurrentVersion\Explorer\FolderDescriptions\{F38BF404-1D43-42F2-9305-67DE0B28FC23}\InfoTip","NAME NOT FOUND","Length: 144"
"10:34:46.1094438","雷小伊脱机日常 Beta 1.6.24.exe","1496","RegQueryValue","HKLM\SOFTWARE\WOW6432Node\Microsoft\Windows\CurrentVersion\Explorer\FolderDescriptions\{F38BF404-1D43-42F2-9305-67DE0B28FC23}\LocalizedName","NAME NOT FOUND","Length: 144"
"10:34:46.1094490","雷小伊脱机日常 Beta 1.6.24.exe","1496","RegQueryValue","HKLM\SOFTWARE\WOW6432Node\Microsoft\Windows\CurrentVersion\Explorer\FolderDescriptions\{F38BF404-1D43-42F2-9305-67DE0B28FC23}\Icon","NAME NOT FOUND","Length: 144"
"10:34:46.1094542","雷小伊脱机日常 Beta 1.6.24.exe","1496","RegQueryValue","HKLM\SOFTWARE\WOW6432Node\Microsoft\Windows\CurrentVersion\Explorer\FolderDescriptions\{F38BF404-1D43-42F2-9305-67DE0B28FC23}\Security","NAME NOT FOUND","Length: 144"
"10:34:46.1094608","雷小伊脱机日常 Beta 1.6.24.exe","1496","RegQueryValue","HKLM\SOFTWARE\WOW6432Node\Microsoft\Windows\CurrentVersion\Explorer\FolderDescriptions\{F38BF404-1D43-42F2-9305-67DE0B28FC23}\StreamResource","NAME NOT FOUND","Length: 144"
"10:34:46.1094683","雷小伊脱机日常 Beta 1.6.24.exe","1496","RegQueryValue","HKLM\SOFTWARE\WOW6432Node\Microsoft\Windows\CurrentVersion\Explorer\FolderDescriptions\{F38BF404-1D43-42F2-9305-67DE0B28FC23}\StreamResourceType","NAME NOT FOUND","Length: 144"
"10:34:46.1094737","雷小伊脱机日常 Beta 1.6.24.exe","1496","RegQueryValue","HKLM\SOFTWARE\WOW6432Node\Microsoft\Windows\CurrentVersion\Explorer\FolderDescriptions\{F38BF404-1D43-42F2-9305-67DE0B28FC23}\LocalRedirectOnly","NAME NOT FOUND","Length: 16"
"10:34:46.1094795","雷小伊脱机日常 Beta 1.6.24.exe","1496","RegQueryValue","HKLM\SOFTWARE\WOW6432Node\Microsoft\Windows\CurrentVersion\Explorer\FolderDescriptions\{F38BF404-1D43-42F2-9305-67DE0B28FC23}\Roamable","NAME NOT FOUND","Length: 16"
"10:34:46.1094853","雷小伊脱机日常 Beta 1.6.24.exe","1496","RegQueryValue","HKLM\SOFTWARE\WOW6432Node\Microsoft\Windows\CurrentVersion\Explorer\FolderDescriptions\{F38BF404-1D43-42F2-9305-67DE0B28FC23}\PreCreate","NAME NOT FOUND","Length: 16"
"10:34:46.1094906","雷小伊脱机日常 Beta 1.6.24.exe","1496","RegQueryValue","HKLM\SOFTWARE\WOW6432Node\Microsoft\Windows\CurrentVersion\Explorer\FolderDescriptions\{F38BF404-1D43-42F2-9305-67DE0B28FC23}\Stream","NAME NOT FOUND","Length: 16"
"10:34:46.1095131","雷小伊脱机日常 Beta 1.6.24.exe","1496","RegQueryValue","HKLM\SOFTWARE\WOW6432Node\Microsoft\Windows\CurrentVersion\Explorer\FolderDescriptions\{F38BF404-1D43-42F2-9305-67DE0B28FC23}\PublishExpandedPath","NAME NOT FOUND","Length: 16"
"10:34:46.1095399","雷小伊脱机日常 Beta 1.6.24.exe","1496","RegQueryValue","HKLM\SOFTWARE\WOW6432Node\Microsoft\Windows\CurrentVersion\Explorer\FolderDescriptions\{F38BF404-1D43-42F2-9305-67DE0B28FC23}\DefinitionFlags","NAME NOT FOUND","Length: 16"
"10:34:46.1095579","雷小伊脱机日常 Beta 1.6.24.exe","1496","RegQueryValue","HKLM\SOFTWARE\WOW6432Node\Microsoft\Windows\CurrentVersion\Explorer\FolderDescriptions\{F38BF404-1D43-42F2-9305-67DE0B28FC23}\Attributes","NAME NOT FOUND","Length: 16"
"10:34:46.1095655","雷小伊脱机日常 Beta 1.6.24.exe","1496","RegQueryValue","HKLM\SOFTWARE\WOW6432Node\Microsoft\Windows\CurrentVersion\Explorer\FolderDescriptions\{F38BF404-1D43-42F2-9305-67DE0B28FC23}\FolderTypeID","NAME NOT FOUND","Length: 90"
"10:34:46.1095723","雷小伊脱机日常 Beta 1.6.24.exe","1496","RegQueryValue","HKLM\SOFTWARE\WOW6432Node\Microsoft\Windows\CurrentVersion\Explorer\FolderDescriptions\{F38BF404-1D43-42F2-9305-67DE0B28FC23}\InitFolderHandler","NAME NOT FOUND","Length: 90"
"10:34:46.1095824","雷小伊脱机日常 Beta 1.6.24.exe","1496","RegQueryKey","HKLM\SOFTWARE\WOW6432Node\Microsoft\Windows\CurrentVersion\Explorer\FolderDescriptions\{F38BF404-1D43-42F2-9305-67DE0B28FC23}","SUCCESS","Query: HandleTags, HandleTags: 0x400"
"10:34:46.1095885","雷小伊脱机日常 Beta 1.6.24.exe","1496","RegOpenKey","HKLM\SOFTWARE\WOW6432Node\Microsoft\Windows\CurrentVersion\Explorer\FolderDescriptions\{F38BF404-1D43-42F2-9305-67DE0B28FC23}\PropertyBag","SUCCESS","Desired Access: Read"
"10:34:46.1095997","雷小伊脱机日常 Beta 1.6.24.exe","1496","RegCloseKey","HKLM\SOFTWARE\WOW6432Node\Microsoft\Windows\CurrentVersion\Explorer\FolderDescriptions\{F38BF404-1D43-42F2-9305-67DE0B28FC23}","SUCCESS",""
"10:34:46.1096156","雷小伊脱机日常 Beta 1.6.24.exe","1496","RegQueryKey","HKLM","SUCCESS","Query: HandleTags, HandleTags: 0x0"
"10:34:46.1096204","雷小伊脱机日常 Beta 1.6.24.exe","1496","RegQueryKey","HKLM","SUCCESS","Query: Name"
"10:34:46.1096293","雷小伊脱机日常 Beta 1.6.24.exe","1496","RegOpenKey","HKLM\Software\WOW6432Node\Microsoft\Windows\CurrentVersion\Explorer\FolderDescriptions","SUCCESS","Desired Access: Read"
"10:34:46.1096371","雷小伊脱机日常 Beta 1.6.24.exe","1496","RegSetInfoKey","HKLM\SOFTWARE\WOW6432Node\Microsoft\Windows\CurrentVersion\Explorer\FolderDescriptions","SUCCESS","KeySetInformationClass: KeySetHandleTagsInformation, Length: 0"
"10:34:46.1096442","雷小伊脱机日常 Beta 1.6.24.exe","1496","RegQueryKey","HKLM\SOFTWARE\WOW6432Node\Microsoft\Windows\CurrentVersion\Explorer\FolderDescriptions","SUCCESS","Query: HandleTags, HandleTags: 0x400"
"10:34:46.1096507","雷小伊脱机日常 Beta 1.6.24.exe","1496","RegOpenKey","HKLM\SOFTWARE\WOW6432Node\Microsoft\Windows\CurrentVersion\Explorer\FolderDescriptions\{1AC14E77-02E7-4E5D-B744-2EB1AE5198B7}","SUCCESS","Desired Access: Read"
"10:34:46.1096615","雷小伊脱机日常 Beta 1.6.24.exe","1496","RegCloseKey","HKLM\SOFTWARE\WOW6432Node\Microsoft\Windows\CurrentVersion\Explorer\FolderDescriptions","SUCCESS",""
"10:34:46.1096671","雷小伊脱机日常 Beta 1.6.24.exe","1496","RegQueryValue","HKLM\SOFTWARE\WOW6432Node\Microsoft\Windows\CurrentVersion\Explorer\FolderDescriptions\{1AC14E77-02E7-4E5D-B744-2EB1AE5198B7}\Category","SUCCESS","Type: REG_DWORD, Length: 4, Data: 2"
"10:34:46.1096728","雷小伊脱机日常 Beta 1.6.24.exe","1496","RegQueryValue","HKLM\SOFTWARE\WOW6432Node\Microsoft\Windows\CurrentVersion\Explorer\FolderDescriptions\{1AC14E77-02E7-4E5D-B744-2EB1AE5198B7}\Name","SUCCESS","Type: REG_SZ, Length: 14, Data: System"
"10:34:46.1096791","雷小伊脱机日常 Beta 1.6.24.exe","1496","RegQueryValue","HKLM\SOFTWARE\WOW6432Node\Microsoft\Windows\CurrentVersion\Explorer\FolderDescriptions\{1AC14E77-02E7-4E5D-B744-2EB1AE5198B7}\ParentFolder","NAME NOT FOUND","Length: 90"
"10:34:46.1096994","雷小伊脱机日常 Beta 1.6.24.exe","1496","RegQueryValue","HKLM\SOFTWARE\WOW6432Node\Microsoft\Windows\CurrentVersion\Explorer\FolderDescriptions\{1AC14E77-02E7-4E5D-B744-2EB1AE5198B7}\Description","NAME NOT FOUND","Length: 144"
"10:34:46.1097051","雷小伊脱机日常 Beta 1.6.24.exe","1496","RegQueryValue","HKLM\SOFTWARE\WOW6432Node\Microsoft\Windows\CurrentVersion\Explorer\FolderDescriptions\{1AC14E77-02E7-4E5D-B744-2EB1AE5198B7}\RelativePath","NAME NOT FOUND","Length: 144"
"10:34:46.1097111","雷小伊脱机日常 Beta 1.6.24.exe","1496","RegQueryValue","HKLM\SOFTWARE\WOW6432Node\Microsoft\Windows\CurrentVersion\Explorer\FolderDescriptions\{1AC14E77-02E7-4E5D-B744-2EB1AE5198B7}\ParsingName","NAME NOT FOUND","Length: 144"
"10:34:46.1097170","雷小伊脱机日常 Beta 1.6.24.exe","1496","RegQueryValue","HKLM\SOFTWARE\WOW6432Node\Microsoft\Windows\CurrentVersion\Explorer\FolderDescriptions\{1AC14E77-02E7-4E5D-B744-2EB1AE5198B7}\InfoTip","NAME NOT FOUND","Length: 144"
"10:34:46.1097220","雷小伊脱机日常 Beta 1.6.24.exe","1496","RegQueryValue","HKLM\SOFTWARE\WOW6432Node\Microsoft\Windows\CurrentVersion\Explorer\FolderDescriptions\{1AC14E77-02E7-4E5D-B744-2EB1AE5198B7}\LocalizedName","NAME NOT FOUND","Length: 144"
"10:34:46.1097272","雷小伊脱机日常 Beta 1.6.24.exe","1496","RegQueryValue","HKLM\SOFTWARE\WOW6432Node\Microsoft\Windows\CurrentVersion\Explorer\FolderDescriptions\{1AC14E77-02E7-4E5D-B744-2EB1AE5198B7}\Icon","NAME NOT FOUND","Length: 144"
"10:34:46.1097423","雷小伊脱机日常 Beta 1.6.24.exe","1496","RegQueryValue","HKLM\SOFTWARE\WOW6432Node\Microsoft\Windows\CurrentVersion\Explorer\FolderDescriptions\{1AC14E77-02E7-4E5D-B744-2EB1AE5198B7}\Security","NAME NOT FOUND","Length: 144"
"10:34:46.1097494","雷小伊脱机日常 Beta 1.6.24.exe","1496","RegQueryValue","HKLM\SOFTWARE\WOW6432Node\Microsoft\Windows\CurrentVersion\Explorer\FolderDescriptions\{1AC14E77-02E7-4E5D-B744-2EB1AE5198B7}\StreamResource","NAME NOT FOUND","Length: 144"
"10:34:46.1097547","雷小伊脱机日常 Beta 1.6.24.exe","1496","RegQueryValue","HKLM\SOFTWARE\WOW6432Node\Microsoft\Windows\CurrentVersion\Explorer\FolderDescriptions\{1AC14E77-02E7-4E5D-B744-2EB1AE5198B7}\StreamResourceType","NAME NOT FOUND","Length: 144"
"10:34:46.1097608","雷小伊脱机日常 Beta 1.6.24.exe","1496","RegQueryValue","HKLM\SOFTWARE\WOW6432Node\Microsoft\Windows\CurrentVersion\Explorer\FolderDescriptions\{1AC14E77-02E7-4E5D-B744-2EB1AE5198B7}\LocalRedirectOnly","NAME NOT FOUND","Length: 16"
"10:34:46.1097667","雷小伊脱机日常 Beta 1.6.24.exe","1496","RegQueryValue","HKLM\SOFTWARE\WOW6432Node\Microsoft\Windows\CurrentVersion\Explorer\FolderDescriptions\{1AC14E77-02E7-4E5D-B744-2EB1AE5198B7}\Roamable","NAME NOT FOUND","Length: 16"
"10:34:46.1097716","雷小伊脱机日常 Beta 1.6.24.exe","1496","RegQueryValue","HKLM\SOFTWARE\WOW6432Node\Microsoft\Windows\CurrentVersion\Explorer\FolderDescriptions\{1AC14E77-02E7-4E5D-B744-2EB1AE5198B7}\PreCreate","NAME NOT FOUND","Length: 16"
"10:34:46.1098011","雷小伊脱机日常 Beta 1.6.24.exe","1496","RegQueryValue","HKLM\SOFTWARE\WOW6432Node\Microsoft\Windows\CurrentVersion\Explorer\FolderDescriptions\{1AC14E77-02E7-4E5D-B744-2EB1AE5198B7}\Stream","NAME NOT FOUND","Length: 16"
"10:34:46.1098069","雷小伊脱机日常 Beta 1.6.24.exe","1496","RegQueryValue","HKLM\SOFTWARE\WOW6432Node\Microsoft\Windows\CurrentVersion\Explorer\FolderDescriptions\{1AC14E77-02E7-4E5D-B744-2EB1AE5198B7}\PublishExpandedPath","NAME NOT FOUND","Length: 16"
"10:34:46.1098131","雷小伊脱机日常 Beta 1.6.24.exe","1496","RegQueryValue","HKLM\SOFTWARE\WOW6432Node\Microsoft\Windows\CurrentVersion\Explorer\FolderDescriptions\{1AC14E77-02E7-4E5D-B744-2EB1AE5198B7}\DefinitionFlags","NAME NOT FOUND","Length: 16"
"10:34:46.1098185","雷小伊脱机日常 Beta 1.6.24.exe","1496","RegQueryValue","HKLM\SOFTWARE\WOW6432Node\Microsoft\Windows\CurrentVersion\Explorer\FolderDescriptions\{1AC14E77-02E7-4E5D-B744-2EB1AE5198B7}\Attributes","NAME NOT FOUND","Length: 16"
"10:34:46.1098237","雷小伊脱机日常 Beta 1.6.24.exe","1496","RegQueryValue","HKLM\SOFTWARE\WOW6432Node\Microsoft\Windows\CurrentVersion\Explorer\FolderDescriptions\{1AC14E77-02E7-4E5D-B744-2EB1AE5198B7}\FolderTypeID","NAME NOT FOUND","Length: 90"
"10:34:46.1098491","雷小伊脱机日常 Beta 1.6.24.exe","1496","RegQueryValue","HKLM\SOFTWARE\WOW6432Node\Microsoft\Windows\CurrentVersion\Explorer\FolderDescriptions\{1AC14E77-02E7-4E5D-B744-2EB1AE5198B7}\InitFolderHandler","NAME NOT FOUND","Length: 90"
"10:34:46.1098570","雷小伊脱机日常 Beta 1.6.24.exe","1496","RegQueryKey","HKLM\SOFTWARE\WOW6432Node\Microsoft\Windows\CurrentVersion\Explorer\FolderDescriptions\{1AC14E77-02E7-4E5D-B744-2EB1AE5198B7}","SUCCESS","Query: HandleTags, HandleTags: 0x400"
"10:34:46.1098618","雷小伊脱机日常 Beta 1.6.24.exe","1496","RegOpenKey","HKLM\SOFTWARE\WOW6432Node\Microsoft\Windows\CurrentVersion\Explorer\FolderDescriptions\{1AC14E77-02E7-4E5D-B744-2EB1AE5198B7}\PropertyBag","SUCCESS","Desired Access: Read"
"10:34:46.1098701","雷小伊脱机日常 Beta 1.6.24.exe","1496","RegCloseKey","HKLM\SOFTWARE\WOW6432Node\Microsoft\Windows\CurrentVersion\Explorer\FolderDescriptions\{1AC14E77-02E7-4E5D-B744-2EB1AE5198B7}","SUCCESS",""
"10:34:46.1102358","雷小伊脱机日常 Beta 1.6.24.exe","1496","Thread Create","","SUCCESS","Thread ID: 4388"
"10:34:46.1108229","雷小伊脱机日常 Beta 1.6.24.exe","1496","RegQueryKey","HKLM\SOFTWARE\Microsoft\WindowsRuntime\ActivatableClassId","SUCCESS","Query: HandleTags, HandleTags: 0x100"
"10:34:46.1108309","雷小伊脱机日常 Beta 1.6.24.exe","1496","RegOpenKey","HKLM\SOFTWARE\Microsoft\WindowsRuntime\ActivatableClassId\Windows.Internal.StateRepository.FileTypeAssociation","SUCCESS","Desired Access: Read"
"10:34:46.1108437","雷小伊脱机日常 Beta 1.6.24.exe","1496","RegQueryKey","HKLM\SOFTWARE\Microsoft\WindowsRuntime\ActivatableClassId\Windows.Internal.StateRepository.FileTypeAssociation","SUCCESS","Query: Basic, Name: Windows.Internal.StateRepository.FileTypeAssociation"
"10:34:46.1108525","雷小伊脱机日常 Beta 1.6.24.exe","1496","RegQueryValue","HKLM\SOFTWARE\Microsoft\WindowsRuntime\ActivatableClassId\Windows.Internal.StateRepository.FileTypeAssociation\ActivationType","SUCCESS","Type: REG_DWORD, Length: 4, Data: 1"
"10:34:46.1108723","雷小伊脱机日常 Beta 1.6.24.exe","1496","RegQueryValue","HKLM\SOFTWARE\Microsoft\WindowsRuntime\ActivatableClassId\Windows.Internal.StateRepository.FileTypeAssociation\Server","SUCCESS","Type: REG_SZ, Length: 32, Data: StateRepository"
"10:34:46.1108788","雷小伊脱机日常 Beta 1.6.24.exe","1496","RegQueryValue","HKLM\SOFTWARE\Microsoft\WindowsRuntime\ActivatableClassId\Windows.Internal.StateRepository.FileTypeAssociation\DllPath","NAME NOT FOUND","Length: 144"
"10:34:46.1108841","雷小伊脱机日常 Beta 1.6.24.exe","1496","RegQueryValue","HKLM\SOFTWARE\Microsoft\WindowsRuntime\ActivatableClassId\Windows.Internal.StateRepository.FileTypeAssociation\Threading","NAME NOT FOUND","Length: 16"
"10:34:46.1108888","雷小伊脱机日常 Beta 1.6.24.exe","1496","RegQueryValue","HKLM\SOFTWARE\Microsoft\WindowsRuntime\ActivatableClassId\Windows.Internal.StateRepository.FileTypeAssociation\TrustLevel","SUCCESS","Type: REG_DWORD, Length: 4, Data: 0"
"10:34:46.1109000","雷小伊脱机日常 Beta 1.6.24.exe","1496","RegQueryKey","HKLM\SOFTWARE\Microsoft\WindowsRuntime\ActivatableClassId\Windows.Internal.StateRepository.FileTypeAssociation","SUCCESS","Query: HandleTags, HandleTags: 0x100"
"10:34:46.1109074","雷小伊脱机日常 Beta 1.6.24.exe","1496","RegOpenKey","HKLM\SOFTWARE\Microsoft\WindowsRuntime\ActivatableClassId\Windows.Internal.StateRepository.FileTypeAssociation\CustomAttributes","NAME NOT FOUND","Desired Access: Read"
"10:34:46.1109169","雷小伊脱机日常 Beta 1.6.24.exe","1496","RegQueryValue","HKLM\SOFTWARE\Microsoft\WindowsRuntime\ActivatableClassId\Windows.Internal.StateRepository.FileTypeAssociation\RemoteServer","NAME NOT FOUND","Length: 144"
"10:34:46.1109234","雷小伊脱机日常 Beta 1.6.24.exe","1496","RegQueryValue","HKLM\SOFTWARE\Microsoft\WindowsRuntime\ActivatableClassId\Windows.Internal.StateRepository.FileTypeAssociation\ActivateAsUser","NAME NOT FOUND","Length: 16"
"10:34:46.1109294","雷小伊脱机日常 Beta 1.6.24.exe","1496","RegQueryValue","HKLM\SOFTWARE\Microsoft\WindowsRuntime\ActivatableClassId\Windows.Internal.StateRepository.FileTypeAssociation\ActivateInSharedBroker","NAME NOT FOUND","Length: 16"
"10:34:46.1109358","雷小伊脱机日常 Beta 1.6.24.exe","1496","RegQueryValue","HKLM\SOFTWARE\Microsoft\WindowsRuntime\ActivatableClassId\Windows.Internal.StateRepository.FileTypeAssociation\ActivateInBrokerForMediumILContainer","NAME NOT FOUND","Length: 16"
"10:34:46.1109417","雷小伊脱机日常 Beta 1.6.24.exe","1496","RegQueryValue","HKLM\SOFTWARE\Microsoft\WindowsRuntime\ActivatableClassId\Windows.Internal.StateRepository.FileTypeAssociation\Permissions","NAME NOT FOUND","Length: 140"
"10:34:46.1109476","雷小伊脱机日常 Beta 1.6.24.exe","1496","RegQueryValue","HKLM\SOFTWARE\Microsoft\WindowsRuntime\ActivatableClassId\Windows.Internal.StateRepository.FileTypeAssociation\ActivateOnHostFlags","NAME NOT FOUND","Length: 16"
"10:34:46.1109686","雷小伊脱机日常 Beta 1.6.24.exe","1496","RegQueryKey","HKLM\SOFTWARE\Microsoft\WindowsRuntime","SUCCESS","Query: HandleTags, HandleTags: 0x100"
"10:34:46.1109744","雷小伊脱机日常 Beta 1.6.24.exe","1496","RegOpenKey","HKLM\SOFTWARE\Microsoft\WindowsRuntime\Server","SUCCESS","Desired Access: Read"
"10:34:46.1109856","雷小伊脱机日常 Beta 1.6.24.exe","1496","RegQueryKey","HKLM\SOFTWARE\Microsoft\WindowsRuntime\Server","SUCCESS","Query: HandleTags, HandleTags: 0x100"
"10:34:46.1109920","雷小伊脱机日常 Beta 1.6.24.exe","1496","RegOpenKey","HKLM\SOFTWARE\Microsoft\WindowsRuntime\Server\StateRepository","SUCCESS","Desired Access: Read"
"10:34:46.1110009","雷小伊脱机日常 Beta 1.6.24.exe","1496","RegQueryKey","HKLM\SOFTWARE\Microsoft\WindowsRuntime\Server\StateRepository","SUCCESS","Query: Basic, Name: StateRepository"
"10:34:46.1110144","雷小伊脱机日常 Beta 1.6.24.exe","1496","RegQueryValue","HKLM\SOFTWARE\Microsoft\WindowsRuntime\Server\StateRepository\ExePath","NAME NOT FOUND","Length: 144"
"10:34:46.1110209","雷小伊脱机日常 Beta 1.6.24.exe","1496","RegQueryValue","HKLM\SOFTWARE\Microsoft\WindowsRuntime\Server\StateRepository\CommandLine","NAME NOT FOUND","Length: 144"
"10:34:46.1110268","雷小伊脱机日常 Beta 1.6.24.exe","1496","RegQueryValue","HKLM\SOFTWARE\Microsoft\WindowsRuntime\Server\StateRepository\IdentityType","SUCCESS","Type: REG_DWORD, Length: 4, Data: 1"
"10:34:46.1110327","雷小伊脱机日常 Beta 1.6.24.exe","1496","RegQueryValue","HKLM\SOFTWARE\Microsoft\WindowsRuntime\Server\StateRepository\Permissions","BUFFER OVERFLOW","Length: 140"
"10:34:46.1110405","雷小伊脱机日常 Beta 1.6.24.exe","1496","RegQueryValue","HKLM\SOFTWARE\Microsoft\WindowsRuntime\Server\StateRepository\Permissions","BUFFER OVERFLOW","Length: 144"
"10:34:46.1110469","雷小伊脱机日常 Beta 1.6.24.exe","1496","RegQueryValue","HKLM\SOFTWARE\Microsoft\WindowsRuntime\Server\StateRepository\Permissions","SUCCESS","Type: REG_BINARY, Length: 184, Data: 01 00 14 80 9C 00 00 00 A8 00 00 00 14 00 00 00"
"10:34:46.1110638","雷小伊脱机日常 Beta 1.6.24.exe","1496","RegQueryValue","HKLM\SOFTWARE\Microsoft\WindowsRuntime\Server\StateRepository\ActivatableClasses","NAME NOT FOUND","Length: 144"
"10:34:46.1110701","雷小伊脱机日常 Beta 1.6.24.exe","1496","RegQueryValue","HKLM\SOFTWARE\Microsoft\WindowsRuntime\Server\StateRepository\ServerType","SUCCESS","Type: REG_DWORD, Length: 4, Data: 2"
"10:34:46.1110760","雷小伊脱机日常 Beta 1.6.24.exe","1496","RegQueryValue","HKLM\SOFTWARE\Microsoft\WindowsRuntime\Server\StateRepository\AppId","NAME NOT FOUND","Length: 144"
"10:34:46.1110826","雷小伊脱机日常 Beta 1.6.24.exe","1496","RegQueryValue","HKLM\SOFTWARE\Microsoft\WindowsRuntime\Server\StateRepository\Identity","SUCCESS","Type: REG_SZ, Length: 40, Data: nt authority\system"
"10:34:46.1110893","雷小伊脱机日常 Beta 1.6.24.exe","1496","RegQueryValue","HKLM\SOFTWARE\Microsoft\WindowsRuntime\Server\StateRepository\ServiceName","SUCCESS","Type: REG_SZ, Length: 32, Data: StateRepository"
"10:34:46.1110962","雷小伊脱机日常 Beta 1.6.24.exe","1496","RegQueryValue","HKLM\SOFTWARE\Microsoft\WindowsRuntime\Server\StateRepository\ExplicitPsmActivationType","NAME NOT FOUND","Length: 16"
"10:34:46.1111053","雷小伊脱机日常 Beta 1.6.24.exe","1496","RegQueryKey","HKLM\SOFTWARE\Microsoft\WindowsRuntime\Server\StateRepository","SUCCESS","Query: HandleTags, HandleTags: 0x100"
"10:34:46.1111105","雷小伊脱机日常 Beta 1.6.24.exe","1496","RegOpenKey","HKLM\SOFTWARE\Microsoft\WindowsRuntime\Server\StateRepository\CustomAttributes","NAME NOT FOUND","Desired Access: Read"
"10:34:46.1111449","雷小伊脱机日常 Beta 1.6.24.exe","1496","RegCloseKey","HKLM\SOFTWARE\Microsoft\WindowsRuntime\Server\StateRepository","SUCCESS",""
"10:34:46.1111644","雷小伊脱机日常 Beta 1.6.24.exe","1496","RegCloseKey","HKLM\SOFTWARE\Microsoft\WindowsRuntime\ActivatableClassId\Windows.Internal.StateRepository.FileTypeAssociation","SUCCESS",""
"10:34:46.1117403","雷小伊脱机日常 Beta 1.6.24.exe","1496","RegQueryKey","HKCR","SUCCESS","Query: HandleTags, HandleTags: 0x1"
"10:34:46.1117472","雷小伊脱机日常 Beta 1.6.24.exe","1496","RegQueryKey","HKCR","SUCCESS","Query: Name"
"10:34:46.1117610","雷小伊脱机日常 Beta 1.6.24.exe","1496","RegOpenKey","HKCR\WOW6432Node\Interface\{8645456F-D9A2-4B82-AFEC-58F0E8DF0ACF}","SUCCESS","Desired Access: Read"
"10:34:46.1118004","雷小伊脱机日常 Beta 1.6.24.exe","1496","RegSetInfoKey","HKCR\WOW6432Node\Interface\{8645456f-d9a2-4b82-afec-58f0e8df0acf}","SUCCESS","KeySetInformationClass: KeySetHandleTagsInformation, Length: 0"
"10:34:46.1118134","雷小伊脱机日常 Beta 1.6.24.exe","1496","RegQueryKey","HKCR\WOW6432Node\Interface\{8645456f-d9a2-4b82-afec-58f0e8df0acf}","SUCCESS","Query: HandleTags, HandleTags: 0x401"
"10:34:46.1118201","雷小伊脱机日常 Beta 1.6.24.exe","1496","RegOpenKey","HKCR\WOW6432Node\Interface\{8645456f-d9a2-4b82-afec-58f0e8df0acf}\ProxyStubClsid32","SUCCESS","Desired Access: Read"
"10:34:46.1118393","雷小伊脱机日常 Beta 1.6.24.exe","1496","RegQueryValue","HKCR\WOW6432Node\Interface\{8645456f-d9a2-4b82-afec-58f0e8df0acf}\ProxyStubClsid32\(Default)","SUCCESS","Type: REG_SZ, Length: 78, Data: {c53e07ec-25f3-4093-aa39-fc67ea22e99d}"
"10:34:46.1118640","雷小伊脱机日常 Beta 1.6.24.exe","1496","RegCloseKey","HKCR\WOW6432Node\Interface\{8645456f-d9a2-4b82-afec-58f0e8df0acf}\ProxyStubClsid32","SUCCESS",""
"10:34:46.1118847","雷小伊脱机日常 Beta 1.6.24.exe","1496","RegCloseKey","HKCR\WOW6432Node\Interface\{8645456f-d9a2-4b82-afec-58f0e8df0acf}","SUCCESS",""
"10:34:46.1118983","雷小伊脱机日常 Beta 1.6.24.exe","1496","RegQueryKey","HKCR","SUCCESS","Query: HandleTags, HandleTags: 0x1"
"10:34:46.1119236","雷小伊脱机日常 Beta 1.6.24.exe","1496","RegQueryKey","HKCR","SUCCESS","Query: Name"
"10:34:46.1119344","雷小伊脱机日常 Beta 1.6.24.exe","1496","RegOpenKey","HKCR\WOW6432Node\CLSID\{C53E07EC-25F3-4093-AA39-FC67EA22E99D}","SUCCESS","Desired Access: Read"
"10:34:46.1119512","雷小伊脱机日常 Beta 1.6.24.exe","1496","RegSetInfoKey","HKCR\WOW6432Node\CLSID\{c53e07ec-25f3-4093-aa39-fc67ea22e99d}","SUCCESS","KeySetInformationClass: KeySetHandleTagsInformation, Length: 0"
"10:34:46.1119585","雷小伊脱机日常 Beta 1.6.24.exe","1496","RegQueryKey","HKCR\WOW6432Node\CLSID\{c53e07ec-25f3-4093-aa39-fc67ea22e99d}","SUCCESS","Query: HandleTags, HandleTags: 0x401"
"10:34:46.1119649","雷小伊脱机日常 Beta 1.6.24.exe","1496","RegOpenKey","HKCR\WOW6432Node\CLSID\{c53e07ec-25f3-4093-aa39-fc67ea22e99d}\TreatAs","NAME NOT FOUND","Desired Access: Query Value"
"10:34:46.1119725","雷小伊脱机日常 Beta 1.6.24.exe","1496","RegQueryKey","HKCR\WOW6432Node\CLSID\{c53e07ec-25f3-4093-aa39-fc67ea22e99d}","SUCCESS","Query: Name"
"10:34:46.1119822","雷小伊脱机日常 Beta 1.6.24.exe","1496","RegQueryValue","HKCR\WOW6432Node\CLSID\{c53e07ec-25f3-4093-aa39-fc67ea22e99d}\ActivateOnHostFlags","NAME NOT FOUND","Length: 16"
"10:34:46.1119884","雷小伊脱机日常 Beta 1.6.24.exe","1496","RegQueryValue","HKCR\WOW6432Node\CLSID\{c53e07ec-25f3-4093-aa39-fc67ea22e99d}\(Default)","BUFFER OVERFLOW","Length: 12"
"10:34:46.1119944","雷小伊脱机日常 Beta 1.6.24.exe","1496","RegQueryValue","HKCR\WOW6432Node\CLSID\{c53e07ec-25f3-4093-aa39-fc67ea22e99d}\(Default)","SUCCESS","Type: REG_SZ, Length: 32, Data: PSFactoryBuffer"
"10:34:46.1120040","雷小伊脱机日常 Beta 1.6.24.exe","1496","RegQueryKey","HKCR\WOW6432Node\CLSID\{c53e07ec-25f3-4093-aa39-fc67ea22e99d}","SUCCESS","Query: HandleTags, HandleTags: 0x401"
"10:34:46.1120093","雷小伊脱机日常 Beta 1.6.24.exe","1496","RegOpenKey","HKCR\WOW6432Node\CLSID\{c53e07ec-25f3-4093-aa39-fc67ea22e99d}\InprocServer32","SUCCESS","Desired Access: Read"
"10:34:46.1120194","雷小伊脱机日常 Beta 1.6.24.exe","1496","RegQueryValue","HKCR\WOW6432Node\CLSID\{c53e07ec-25f3-4093-aa39-fc67ea22e99d}\InProcServer32\InprocServer32","NAME NOT FOUND","Length: 12"
"10:34:46.1120255","雷小伊脱机日常 Beta 1.6.24.exe","1496","RegQueryValue","HKCR\WOW6432Node\CLSID\{c53e07ec-25f3-4093-aa39-fc67ea22e99d}\InProcServer32\(Default)","BUFFER OVERFLOW","Length: 12"
"10:34:46.1120313","雷小伊脱机日常 Beta 1.6.24.exe","1496","RegQueryValue","HKCR\WOW6432Node\CLSID\{c53e07ec-25f3-4093-aa39-fc67ea22e99d}\InProcServer32\(Default)","SUCCESS","Type: REG_SZ, Length: 102, Data: C:\Windows\SysWOW64\\Windows.StateRepositoryPS.dll"
"10:34:46.1120390","雷小伊脱机日常 Beta 1.6.24.exe","1496","RegQueryValue","HKCR\WOW6432Node\CLSID\{c53e07ec-25f3-4093-aa39-fc67ea22e99d}\InProcServer32\ThreadingModel","SUCCESS","Type: REG_SZ, Length: 10, Data: Both"
"10:34:46.1120470","雷小伊脱机日常 Beta 1.6.24.exe","1496","RegCloseKey","HKCR\WOW6432Node\CLSID\{c53e07ec-25f3-4093-aa39-fc67ea22e99d}\InProcServer32","SUCCESS",""
"10:34:46.1120667","雷小伊脱机日常 Beta 1.6.24.exe","1496","RegQueryKey","HKCR\WOW6432Node\CLSID\{c53e07ec-25f3-4093-aa39-fc67ea22e99d}","SUCCESS","Query: HandleTags, HandleTags: 0x401"
"10:34:46.1120817","雷小伊脱机日常 Beta 1.6.24.exe","1496","RegOpenKey","HKCR\WOW6432Node\CLSID\{c53e07ec-25f3-4093-aa39-fc67ea22e99d}\InprocHandler32","NAME NOT FOUND","Desired Access: Query Value"
"10:34:46.1120904","雷小伊脱机日常 Beta 1.6.24.exe","1496","RegQueryKey","HKCR\WOW6432Node\CLSID\{c53e07ec-25f3-4093-aa39-fc67ea22e99d}","SUCCESS","Query: HandleTags, HandleTags: 0x401"
"10:34:46.1120964","雷小伊脱机日常 Beta 1.6.24.exe","1496","RegOpenKey","HKCR\WOW6432Node\CLSID\{c53e07ec-25f3-4093-aa39-fc67ea22e99d}\InprocHandler","NAME NOT FOUND","Desired Access: Query Value"
"10:34:46.1121042","雷小伊脱机日常 Beta 1.6.24.exe","1496","RegCloseKey","HKCR\WOW6432Node\CLSID\{c53e07ec-25f3-4093-aa39-fc67ea22e99d}","SUCCESS",""
"10:34:46.1121247","雷小伊脱机日常 Beta 1.6.24.exe","1496","RegQueryKey","HKCR","SUCCESS","Query: HandleTags, HandleTags: 0x1"
"10:34:46.1121286","雷小伊脱机日常 Beta 1.6.24.exe","1496","RegQueryKey","HKCR","SUCCESS","Query: Name"
"10:34:46.1121368","雷小伊脱机日常 Beta 1.6.24.exe","1496","RegOpenKey","HKCR\WOW6432Node\CLSID\{C53E07EC-25F3-4093-AA39-FC67EA22E99D}","SUCCESS","Desired Access: Read"
"10:34:46.1121508","雷小伊脱机日常 Beta 1.6.24.exe","1496","RegSetInfoKey","HKCR\WOW6432Node\CLSID\{c53e07ec-25f3-4093-aa39-fc67ea22e99d}","SUCCESS","KeySetInformationClass: KeySetHandleTagsInformation, Length: 0"
"10:34:46.1121564","雷小伊脱机日常 Beta 1.6.24.exe","1496","RegQueryKey","HKCR\WOW6432Node\CLSID\{c53e07ec-25f3-4093-aa39-fc67ea22e99d}","SUCCESS","Query: HandleTags, HandleTags: 0x401"
"10:34:46.1121612","雷小伊脱机日常 Beta 1.6.24.exe","1496","RegOpenKey","HKCR\WOW6432Node\CLSID\{c53e07ec-25f3-4093-aa39-fc67ea22e99d}\TreatAs","NAME NOT FOUND","Desired Access: Query Value"
"10:34:46.1121679","雷小伊脱机日常 Beta 1.6.24.exe","1496","RegQueryKey","HKCR\WOW6432Node\CLSID\{c53e07ec-25f3-4093-aa39-fc67ea22e99d}","SUCCESS","Query: Name"
"10:34:46.1121770","雷小伊脱机日常 Beta 1.6.24.exe","1496","RegQueryValue","HKCR\WOW6432Node\CLSID\{c53e07ec-25f3-4093-aa39-fc67ea22e99d}\ActivateOnHostFlags","NAME NOT FOUND","Length: 16"
"10:34:46.1121815","雷小伊脱机日常 Beta 1.6.24.exe","1496","RegQueryValue","HKCR\WOW6432Node\CLSID\{c53e07ec-25f3-4093-aa39-fc67ea22e99d}\(Default)","BUFFER OVERFLOW","Length: 12"
"10:34:46.1121861","雷小伊脱机日常 Beta 1.6.24.exe","1496","RegQueryValue","HKCR\WOW6432Node\CLSID\{c53e07ec-25f3-4093-aa39-fc67ea22e99d}\(Default)","SUCCESS","Type: REG_SZ, Length: 32, Data: PSFactoryBuffer"
"10:34:46.1121929","雷小伊脱机日常 Beta 1.6.24.exe","1496","RegQueryKey","HKCR\WOW6432Node\CLSID\{c53e07ec-25f3-4093-aa39-fc67ea22e99d}","SUCCESS","Query: HandleTags, HandleTags: 0x401"
"10:34:46.1121970","雷小伊脱机日常 Beta 1.6.24.exe","1496","RegOpenKey","HKCR\WOW6432Node\CLSID\{c53e07ec-25f3-4093-aa39-fc67ea22e99d}\InprocServer32","SUCCESS","Desired Access: Read"
"10:34:46.1122027","雷小伊脱机日常 Beta 1.6.24.exe","1496","RegQueryValue","HKCR\WOW6432Node\CLSID\{c53e07ec-25f3-4093-aa39-fc67ea22e99d}\InProcServer32\InprocServer32","NAME NOT FOUND","Length: 12"
"10:34:46.1122076","雷小伊脱机日常 Beta 1.6.24.exe","1496","RegQueryValue","HKCR\WOW6432Node\CLSID\{c53e07ec-25f3-4093-aa39-fc67ea22e99d}\InProcServer32\(Default)","BUFFER OVERFLOW","Length: 12"
"10:34:46.1122122","雷小伊脱机日常 Beta 1.6.24.exe","1496","RegQueryValue","HKCR\WOW6432Node\CLSID\{c53e07ec-25f3-4093-aa39-fc67ea22e99d}\InProcServer32\(Default)","SUCCESS","Type: REG_SZ, Length: 102, Data: C:\Windows\SysWOW64\\Windows.StateRepositoryPS.dll"
"10:34:46.1122174","雷小伊脱机日常 Beta 1.6.24.exe","1496","RegQueryValue","HKCR\WOW6432Node\CLSID\{c53e07ec-25f3-4093-aa39-fc67ea22e99d}\InProcServer32\ThreadingModel","SUCCESS","Type: REG_SZ, Length: 10, Data: Both"
"10:34:46.1122234","雷小伊脱机日常 Beta 1.6.24.exe","1496","RegCloseKey","HKCR\WOW6432Node\CLSID\{c53e07ec-25f3-4093-aa39-fc67ea22e99d}\InProcServer32","SUCCESS",""
"10:34:46.1122298","雷小伊脱机日常 Beta 1.6.24.exe","1496","RegQueryKey","HKCR\WOW6432Node\CLSID\{c53e07ec-25f3-4093-aa39-fc67ea22e99d}","SUCCESS","Query: HandleTags, HandleTags: 0x401"
"10:34:46.1122344","雷小伊脱机日常 Beta 1.6.24.exe","1496","RegOpenKey","HKCR\WOW6432Node\CLSID\{c53e07ec-25f3-4093-aa39-fc67ea22e99d}\InprocHandler32","NAME NOT FOUND","Desired Access: Query Value"
"10:34:46.1122540","雷小伊脱机日常 Beta 1.6.24.exe","1496","RegQueryKey","HKCR\WOW6432Node\CLSID\{c53e07ec-25f3-4093-aa39-fc67ea22e99d}","SUCCESS","Query: HandleTags, HandleTags: 0x401"
"10:34:46.1122602","雷小伊脱机日常 Beta 1.6.24.exe","1496","RegOpenKey","HKCR\WOW6432Node\CLSID\{c53e07ec-25f3-4093-aa39-fc67ea22e99d}\InprocHandler","NAME NOT FOUND","Desired Access: Query Value"
"10:34:46.1122674","雷小伊脱机日常 Beta 1.6.24.exe","1496","RegQueryKey","HKCR\WOW6432Node\CLSID\{c53e07ec-25f3-4093-aa39-fc67ea22e99d}","SUCCESS","Query: HandleTags, HandleTags: 0x401"
"10:34:46.1122720","雷小伊脱机日常 Beta 1.6.24.exe","1496","RegOpenKey","HKCR\WOW6432Node\CLSID\{c53e07ec-25f3-4093-aa39-fc67ea22e99d}\LocalServer32","NAME NOT FOUND","Desired Access: Read"
"10:34:46.1122783","雷小伊脱机日常 Beta 1.6.24.exe","1496","RegQueryValue","HKCR\WOW6432Node\CLSID\{c53e07ec-25f3-4093-aa39-fc67ea22e99d}\AppID","NAME NOT FOUND","Length: 112"
"10:34:46.1122850","雷小伊脱机日常 Beta 1.6.24.exe","1496","RegQueryKey","HKCR\WOW6432Node\CLSID\{c53e07ec-25f3-4093-aa39-fc67ea22e99d}","SUCCESS","Query: HandleTags, HandleTags: 0x401"
"10:34:46.1122897","雷小伊脱机日常 Beta 1.6.24.exe","1496","RegOpenKey","HKCR\WOW6432Node\CLSID\{c53e07ec-25f3-4093-aa39-fc67ea22e99d}\LocalServer","NAME NOT FOUND","Desired Access: Query Value"
"10:34:46.1122972","雷小伊脱机日常 Beta 1.6.24.exe","1496","RegQueryKey","HKCR","SUCCESS","Query: HandleTags, HandleTags: 0x1"
"10:34:46.1123010","雷小伊脱机日常 Beta 1.6.24.exe","1496","RegQueryKey","HKCR","SUCCESS","Query: Name"
"10:34:46.1123086","雷小伊脱机日常 Beta 1.6.24.exe","1496","RegOpenKey","HKCR\WOW6432Node\CLSID\{C53E07EC-25F3-4093-AA39-FC67EA22E99D}","SUCCESS","Desired Access: Read"
"10:34:46.1123855","雷小伊脱机日常 Beta 1.6.24.exe","1496","RegSetInfoKey","HKCR\WOW6432Node\CLSID\{c53e07ec-25f3-4093-aa39-fc67ea22e99d}","SUCCESS","KeySetInformationClass: KeySetHandleTagsInformation, Length: 0"
"10:34:46.1123995","雷小伊脱机日常 Beta 1.6.24.exe","1496","RegQueryKey","HKCR\WOW6432Node\CLSID\{c53e07ec-25f3-4093-aa39-fc67ea22e99d}","SUCCESS","Query: HandleTags, HandleTags: 0x401"
"10:34:46.1124116","雷小伊脱机日常 Beta 1.6.24.exe","1496","RegOpenKey","HKCR\WOW6432Node\CLSID\{c53e07ec-25f3-4093-aa39-fc67ea22e99d}\Elevation","NAME NOT FOUND","Desired Access: Read"
"10:34:46.1124369","雷小伊脱机日常 Beta 1.6.24.exe","1496","RegCloseKey","HKCR\WOW6432Node\CLSID\{c53e07ec-25f3-4093-aa39-fc67ea22e99d}","SUCCESS",""
"10:34:46.1124524","雷小伊脱机日常 Beta 1.6.24.exe","1496","RegCloseKey","HKCR\WOW6432Node\CLSID\{c53e07ec-25f3-4093-aa39-fc67ea22e99d}","SUCCESS",""
"10:34:46.1124606","雷小伊脱机日常 Beta 1.6.24.exe","1496","RegQueryKey","HKCR","SUCCESS","Query: HandleTags, HandleTags: 0x1"
"10:34:46.1124715","雷小伊脱机日常 Beta 1.6.24.exe","1496","RegQueryKey","HKCR","SUCCESS","Query: Name"
"10:34:46.1124790","雷小伊脱机日常 Beta 1.6.24.exe","1496","RegOpenKey","HKCR\WOW6432Node\CLSID\{C53E07EC-25F3-4093-AA39-FC67EA22E99D}","SUCCESS","Desired Access: Read"
"10:34:46.1124851","雷小伊脱机日常 Beta 1.6.24.exe","1496","RegSetInfoKey","HKCR\WOW6432Node\CLSID\{c53e07ec-25f3-4093-aa39-fc67ea22e99d}","SUCCESS","KeySetInformationClass: KeySetHandleTagsInformation, Length: 0"
"10:34:46.1124912","雷小伊脱机日常 Beta 1.6.24.exe","1496","RegQueryKey","HKCR\WOW6432Node\CLSID\{c53e07ec-25f3-4093-aa39-fc67ea22e99d}","SUCCESS","Query: HandleTags, HandleTags: 0x401"
"10:34:46.1125564","雷小伊脱机日常 Beta 1.6.24.exe","1496","RegOpenKey","HKCR\WOW6432Node\CLSID\{c53e07ec-25f3-4093-aa39-fc67ea22e99d}\TreatAs","NAME NOT FOUND","Desired Access: Read"
"10:34:46.1125802","雷小伊脱机日常 Beta 1.6.24.exe","1496","RegCloseKey","HKCR\WOW6432Node\CLSID\{c53e07ec-25f3-4093-aa39-fc67ea22e99d}","SUCCESS",""
"10:34:46.1127689","雷小伊脱机日常 Beta 1.6.24.exe","1496","CreateFile","C:\Windows\SysWOW64\Windows.StateRepositoryPS.dll","SUCCESS","Desired Access: Read Attributes, Disposition: Open, Options: Open Reparse Point, Attributes: n/a, ShareMode: Read, Write, Delete, AllocationSize: n/a, OpenResult: Opened"
"10:34:46.1127830","雷小伊脱机日常 Beta 1.6.24.exe","1496","QueryBasicInformationFile","C:\Windows\SysWOW64\Windows.StateRepositoryPS.dll","SUCCESS","CreationTime: 2023/12/4 10:46:03, LastAccessTime: 2025/12/31 10:15:04, LastWriteTime: 2023/12/4 10:46:03, ChangeTime: 2025/12/23 11:48:10, FileAttributes: A"
"10:34:46.1127892","雷小伊脱机日常 Beta 1.6.24.exe","1496","CloseFile","C:\Windows\SysWOW64\Windows.StateRepositoryPS.dll","SUCCESS",""
"10:34:46.1128687","雷小伊脱机日常 Beta 1.6.24.exe","1496","CreateFile","C:\Windows\SysWOW64\Windows.StateRepositoryPS.dll","SUCCESS","Desired Access: Read Data/List Directory, Execute/Traverse, Synchronize, Disposition: Open, Options: Synchronous IO Non-Alert, Non-Directory File, Attributes: n/a, ShareMode: Read, Delete, AllocationSize: n/a, OpenResult: Opened"
"10:34:46.1128852","雷小伊脱机日常 Beta 1.6.24.exe","1496","CreateFileMapping","C:\Windows\SysWOW64\Windows.StateRepositoryPS.dll","FILE LOCKED WITH ONLY READERS","SyncType: SyncTypeCreateSection, PageProtection: PAGE_EXECUTE_READWRITE|PAGE_NOCACHE"
"10:34:46.1131349","雷小伊脱机日常 Beta 1.6.24.exe","1496","CreateFileMapping","C:\Windows\SysWOW64\Windows.StateRepositoryPS.dll","SUCCESS","SyncType: SyncTypeOther"
"10:34:46.1133318","雷小伊脱机日常 Beta 1.6.24.exe","1496","Load Image","C:\Windows\SysWOW64\Windows.StateRepositoryPS.dll","SUCCESS","Image Base: 0x6ef30000, Image Size: 0x93000"
"10:34:46.1139427","雷小伊脱机日常 Beta 1.6.24.exe","1496","CloseFile","C:\Windows\SysWOW64\Windows.StateRepositoryPS.dll","SUCCESS",""
"10:34:46.1140555","雷小伊脱机日常 Beta 1.6.24.exe","1496","CreateFile","C:\Windows\SysWOW64\Windows.StateRepositoryPS.dll","SUCCESS","Desired Access: Read Control, Disposition: Open, Options: , Attributes: n/a, ShareMode: Read, Delete, AllocationSize: n/a, OpenResult: Opened"
"10:34:46.1140705","雷小伊脱机日常 Beta 1.6.24.exe","1496","QuerySecurityFile","C:\Windows\SysWOW64\Windows.StateRepositoryPS.dll","BUFFER OVERFLOW","Information: Owner"
"10:34:46.1140771","雷小伊脱机日常 Beta 1.6.24.exe","1496","QuerySecurityFile","C:\Windows\SysWOW64\Windows.StateRepositoryPS.dll","SUCCESS","Information: Owner"
"10:34:46.1140831","雷小伊脱机日常 Beta 1.6.24.exe","1496","CloseFile","C:\Windows\SysWOW64\Windows.StateRepositoryPS.dll","SUCCESS",""
"10:34:46.1142668","雷小伊脱机日常 Beta 1.6.24.exe","1496","RegQueryKey","HKCR","SUCCESS","Query: HandleTags, HandleTags: 0x1"
"10:34:46.1142736","雷小伊脱机日常 Beta 1.6.24.exe","1496","RegQueryKey","HKCR","SUCCESS","Query: Name"
"10:34:46.1143245","雷小伊脱机日常 Beta 1.6.24.exe","1496","RegOpenKey","HKCR\WOW6432Node\Interface\{AF86E2E0-B12D-4C6A-9C5A-D7AA65101E90}","SUCCESS","Desired Access: Read"
"10:34:46.1143512","雷小伊脱机日常 Beta 1.6.24.exe","1496","RegSetInfoKey","HKCR\WOW6432Node\Interface\{AF86E2E0-B12D-4c6a-9C5A-D7AA65101E90}","SUCCESS","KeySetInformationClass: KeySetHandleTagsInformation, Length: 0"
"10:34:46.1144012","雷小伊脱机日常 Beta 1.6.24.exe","1496","RegQueryKey","HKCR\WOW6432Node\Interface\{AF86E2E0-B12D-4c6a-9C5A-D7AA65101E90}","SUCCESS","Query: HandleTags, HandleTags: 0x401"
"10:34:46.1144237","雷小伊脱机日常 Beta 1.6.24.exe","1496","RegOpenKey","HKCR\WOW6432Node\Interface\{AF86E2E0-B12D-4c6a-9C5A-D7AA65101E90}\ProxyStubClsid32","SUCCESS","Desired Access: Read"
"10:34:46.1144384","雷小伊脱机日常 Beta 1.6.24.exe","1496","RegQueryValue","HKCR\WOW6432Node\Interface\{AF86E2E0-B12D-4c6a-9C5A-D7AA65101E90}\ProxyStubClsid32\(Default)","SUCCESS","Type: REG_SZ, Length: 78, Data: {00000320-0000-0000-C000-000000000046}"
"10:34:46.1144856","雷小伊脱机日常 Beta 1.6.24.exe","1496","RegCloseKey","HKCR\WOW6432Node\Interface\{AF86E2E0-B12D-4c6a-9C5A-D7AA65101E90}\ProxyStubClsid32","SUCCESS",""
"10:34:46.1145037","雷小伊脱机日常 Beta 1.6.24.exe","1496","RegCloseKey","HKCR\WOW6432Node\Interface\{AF86E2E0-B12D-4c6a-9C5A-D7AA65101E90}","SUCCESS",""
"10:34:46.1150583","雷小伊脱机日常 Beta 1.6.24.exe","1496","RegQueryKey","HKCR","SUCCESS","Query: HandleTags, HandleTags: 0x1"
"10:34:46.1150637","雷小伊脱机日常 Beta 1.6.24.exe","1496","RegQueryKey","HKCR","SUCCESS","Query: Name"
"10:34:46.1150831","雷小伊脱机日常 Beta 1.6.24.exe","1496","RegOpenKey","HKCR\WOW6432Node\Interface\{89BC3F49-F8D9-5103-BA13-DE497E609167}","SUCCESS","Desired Access: Read"
"10:34:46.1151097","雷小伊脱机日常 Beta 1.6.24.exe","1496","RegSetInfoKey","HKCR\WOW6432Node\Interface\{89bc3f49-f8d9-5103-ba13-de497e609167}","SUCCESS","KeySetInformationClass: KeySetHandleTagsInformation, Length: 0"
"10:34:46.1151223","雷小伊脱机日常 Beta 1.6.24.exe","1496","RegQueryKey","HKCR\WOW6432Node\Interface\{89bc3f49-f8d9-5103-ba13-de497e609167}","SUCCESS","Query: HandleTags, HandleTags: 0x401"
"10:34:46.1151271","雷小伊脱机日常 Beta 1.6.24.exe","1496","RegOpenKey","HKCR\WOW6432Node\Interface\{89bc3f49-f8d9-5103-ba13-de497e609167}\ProxyStubClsid32","SUCCESS","Desired Access: Read"
"10:34:46.1151360","雷小伊脱机日常 Beta 1.6.24.exe","1496","RegQueryValue","HKCR\WOW6432Node\Interface\{89bc3f49-f8d9-5103-ba13-de497e609167}\ProxyStubClsid32\(Default)","SUCCESS","Type: REG_SZ, Length: 78, Data: {c53e07ec-25f3-4093-aa39-fc67ea22e99d}"
"10:34:46.1151436","雷小伊脱机日常 Beta 1.6.24.exe","1496","RegCloseKey","HKCR\WOW6432Node\Interface\{89bc3f49-f8d9-5103-ba13-de497e609167}\ProxyStubClsid32","SUCCESS",""
"10:34:46.1151640","雷小伊脱机日常 Beta 1.6.24.exe","1496","RegCloseKey","HKCR\WOW6432Node\Interface\{89bc3f49-f8d9-5103-ba13-de497e609167}","SUCCESS",""
"10:34:46.1154284","雷小伊脱机日常 Beta 1.6.24.exe","1496","RegQueryKey","HKLM","SUCCESS","Query: HandleTags, HandleTags: 0x0"
"10:34:46.1154341","雷小伊脱机日常 Beta 1.6.24.exe","1496","RegQueryKey","HKLM","SUCCESS","Query: Name"
"10:34:46.1154581","雷小伊脱机日常 Beta 1.6.24.exe","1496","RegOpenKey","HKLM\Software\WOW6432Node\Microsoft\Windows\CurrentVersion\PropertySystem\SystemPropertyHandlers","SUCCESS","Desired Access: Query Value"
"10:34:46.1154748","雷小伊脱机日常 Beta 1.6.24.exe","1496","RegSetInfoKey","HKLM\SOFTWARE\WOW6432Node\Microsoft\Windows\CurrentVersion\PropertySystem\SystemPropertyHandlers","SUCCESS","KeySetInformationClass: KeySetHandleTagsInformation, Length: 0"
"10:34:46.1154800","雷小伊脱机日常 Beta 1.6.24.exe","1496","RegQueryValue","HKLM\SOFTWARE\WOW6432Node\Microsoft\Windows\CurrentVersion\PropertySystem\SystemPropertyHandlers\.dll","NAME NOT FOUND","Length: 90"
"10:34:46.1154919","雷小伊脱机日常 Beta 1.6.24.exe","1496","RegCloseKey","HKLM\SOFTWARE\WOW6432Node\Microsoft\Windows\CurrentVersion\PropertySystem\SystemPropertyHandlers","SUCCESS",""
"10:34:46.1155137","雷小伊脱机日常 Beta 1.6.24.exe","1496","RegQueryKey","HKLM","SUCCESS","Query: HandleTags, HandleTags: 0x0"
"10:34:46.1155180","雷小伊脱机日常 Beta 1.6.24.exe","1496","RegQueryKey","HKLM","SUCCESS","Query: Name"
"10:34:46.1155281","雷小伊脱机日常 Beta 1.6.24.exe","1496","RegOpenKey","HKLM\Software\WOW6432Node\Microsoft\Windows\CurrentVersion\PropertySystem\PropertyHandlers\.dll","SUCCESS","Desired Access: Query Value"
"10:34:46.1155611","雷小伊脱机日常 Beta 1.6.24.exe","1496","RegSetInfoKey","HKLM\SOFTWARE\WOW6432Node\Microsoft\Windows\CurrentVersion\PropertySystem\PropertyHandlers\.dll","SUCCESS","KeySetInformationClass: KeySetHandleTagsInformation, Length: 0"
"10:34:46.1155657","雷小伊脱机日常 Beta 1.6.24.exe","1496","RegQueryValue","HKLM\SOFTWARE\WOW6432Node\Microsoft\Windows\CurrentVersion\PropertySystem\PropertyHandlers\.dll\(Default)","SUCCESS","Type: REG_SZ, Length: 78, Data: {66742402-F9B9-11D1-A202-0000F81FEDEE}"
"10:34:46.1155718","雷小伊脱机日常 Beta 1.6.24.exe","1496","RegCloseKey","HKLM\SOFTWARE\WOW6432Node\Microsoft\Windows\CurrentVersion\PropertySystem\PropertyHandlers\.dll","SUCCESS",""
"10:34:46.1155820","雷小伊脱机日常 Beta 1.6.24.exe","1496","RegQueryKey","HKCU\Software\Classes","SUCCESS","Query: Name"
"10:34:46.1155898","雷小伊脱机日常 Beta 1.6.24.exe","1496","RegQueryKey","HKCU\Software\Classes","SUCCESS","Query: HandleTags, HandleTags: 0x1"
"10:34:46.1155957","雷小伊脱机日常 Beta 1.6.24.exe","1496","RegQueryKey","HKCU\Software\Classes","SUCCESS","Query: HandleTags, HandleTags: 0x1"
"10:34:46.1155994","雷小伊脱机日常 Beta 1.6.24.exe","1496","RegQueryKey","HKCU\Software\Classes","SUCCESS","Query: Name"
"10:34:46.1156080","雷小伊脱机日常 Beta 1.6.24.exe","1496","RegOpenKey","HKCU\Software\Classes\WOW6432Node\CLSID\{66742402-F9B9-11D1-A202-0000F81FEDEE}\OverrideFileSystemProperties","NAME NOT FOUND","Desired Access: Read"
"10:34:46.1156193","雷小伊脱机日常 Beta 1.6.24.exe","1496","RegOpenKey","HKCR\WOW6432Node\CLSID\{66742402-F9B9-11D1-A202-0000F81FEDEE}\OverrideFileSystemProperties","NAME NOT FOUND","Desired Access: Read"
"10:34:46.1156520","雷小伊脱机日常 Beta 1.6.24.exe","1496","RegQueryKey","HKCU\Software\Classes","SUCCESS","Query: Name"
"10:34:46.1156584","雷小伊脱机日常 Beta 1.6.24.exe","1496","RegQueryKey","HKCU\Software\Classes","SUCCESS","Query: HandleTags, HandleTags: 0x1"
"10:34:46.1156646","雷小伊脱机日常 Beta 1.6.24.exe","1496","RegQueryKey","HKCU\Software\Classes","SUCCESS","Query: HandleTags, HandleTags: 0x1"
"10:34:46.1156685","雷小伊脱机日常 Beta 1.6.24.exe","1496","RegQueryKey","HKCU\Software\Classes","SUCCESS","Query: Name"
"10:34:46.1156779","雷小伊脱机日常 Beta 1.6.24.exe","1496","RegOpenKey","HKCU\Software\Classes\WOW6432Node\CLSID\{66742402-F9B9-11D1-A202-0000F81FEDEE}","NAME NOT FOUND","Desired Access: Read"
"10:34:46.1156887","雷小伊脱机日常 Beta 1.6.24.exe","1496","RegOpenKey","HKCR\WOW6432Node\CLSID\{66742402-F9B9-11D1-A202-0000F81FEDEE}","SUCCESS","Desired Access: Read"
"10:34:46.1157072","雷小伊脱机日常 Beta 1.6.24.exe","1496","RegSetInfoKey","HKCR\WOW6432Node\CLSID\{66742402-F9B9-11D1-A202-0000F81FEDEE}","SUCCESS","KeySetInformationClass: KeySetHandleTagsInformation, Length: 0"
"10:34:46.1157121","雷小伊脱机日常 Beta 1.6.24.exe","1496","RegQueryKey","HKCR\WOW6432Node\CLSID\{66742402-F9B9-11D1-A202-0000F81FEDEE}","SUCCESS","Query: Name"
"10:34:46.1157295","雷小伊脱机日常 Beta 1.6.24.exe","1496","RegQueryKey","HKCR\WOW6432Node\CLSID\{66742402-F9B9-11D1-A202-0000F81FEDEE}","SUCCESS","Query: HandleTags, HandleTags: 0x401"
"10:34:46.1157389","雷小伊脱机日常 Beta 1.6.24.exe","1496","RegOpenKey","HKCU\Software\Classes\WOW6432Node\CLSID\{66742402-F9B9-11D1-A202-0000F81FEDEE}","NAME NOT FOUND","Desired Access: Maximum Allowed"
"10:34:46.1157501","雷小伊脱机日常 Beta 1.6.24.exe","1496","RegQueryValue","HKCR\WOW6432Node\CLSID\{66742402-F9B9-11D1-A202-0000F81FEDEE}\DisableProcessIsolation","SUCCESS","Type: REG_DWORD, Length: 4, Data: 1"
"10:34:46.1157649","雷小伊脱机日常 Beta 1.6.24.exe","1496","RegQueryKey","HKCR\WOW6432Node\CLSID\{66742402-F9B9-11D1-A202-0000F81FEDEE}","SUCCESS","Query: Name"
"10:34:46.1157704","雷小伊脱机日常 Beta 1.6.24.exe","1496","RegQueryKey","HKCR\WOW6432Node\CLSID\{66742402-F9B9-11D1-A202-0000F81FEDEE}","SUCCESS","Query: HandleTags, HandleTags: 0x401"
"10:34:46.1157838","雷小伊脱机日常 Beta 1.6.24.exe","1496","RegOpenKey","HKCU\Software\Classes\WOW6432Node\CLSID\{66742402-F9B9-11D1-A202-0000F81FEDEE}","NAME NOT FOUND","Desired Access: Maximum Allowed"
"10:34:46.1157898","雷小伊脱机日常 Beta 1.6.24.exe","1496","RegQueryValue","HKCR\WOW6432Node\CLSID\{66742402-F9B9-11D1-A202-0000F81FEDEE}\NoOplock","NAME NOT FOUND","Length: 16"
"10:34:46.1157958","雷小伊脱机日常 Beta 1.6.24.exe","1496","RegQueryKey","HKCU\Software\Classes","SUCCESS","Query: Name"
"10:34:46.1158017","雷小伊脱机日常 Beta 1.6.24.exe","1496","RegQueryKey","HKCU\Software\Classes","SUCCESS","Query: HandleTags, HandleTags: 0x1"
"10:34:46.1158072","雷小伊脱机日常 Beta 1.6.24.exe","1496","RegQueryKey","HKCU\Software\Classes","SUCCESS","Query: HandleTags, HandleTags: 0x1"
"10:34:46.1158108","雷小伊脱机日常 Beta 1.6.24.exe","1496","RegQueryKey","HKCU\Software\Classes","SUCCESS","Query: Name"
"10:34:46.1158172","雷小伊脱机日常 Beta 1.6.24.exe","1496","RegOpenKey","HKCU\Software\Classes\ExplorerCLSIDFlags\{66742402-F9B9-11D1-A202-0000F81FEDEE}","NAME NOT FOUND","Desired Access: Read"
"10:34:46.1158249","雷小伊脱机日常 Beta 1.6.24.exe","1496","RegOpenKey","HKCR\ExplorerCLSIDFlags\{66742402-F9B9-11D1-A202-0000F81FEDEE}","NAME NOT FOUND","Desired Access: Read"
"10:34:46.1158335","雷小伊脱机日常 Beta 1.6.24.exe","1496","RegQueryKey","HKCR\WOW6432Node\CLSID\{66742402-F9B9-11D1-A202-0000F81FEDEE}","SUCCESS","Query: Name"
"10:34:46.1158395","雷小伊脱机日常 Beta 1.6.24.exe","1496","RegQueryKey","HKCR\WOW6432Node\CLSID\{66742402-F9B9-11D1-A202-0000F81FEDEE}","SUCCESS","Query: HandleTags, HandleTags: 0x401"
"10:34:46.1158465","雷小伊脱机日常 Beta 1.6.24.exe","1496","RegOpenKey","HKCU\Software\Classes\WOW6432Node\CLSID\{66742402-F9B9-11D1-A202-0000F81FEDEE}","NAME NOT FOUND","Desired Access: Maximum Allowed"
"10:34:46.1158526","雷小伊脱机日常 Beta 1.6.24.exe","1496","RegQueryValue","HKCR\WOW6432Node\CLSID\{66742402-F9B9-11D1-A202-0000F81FEDEE}\UseInProcHandlerCache","NAME NOT FOUND","Length: 16"
"10:34:46.1158611","雷小伊脱机日常 Beta 1.6.24.exe","1496","RegQueryKey","HKCR\WOW6432Node\CLSID\{66742402-F9B9-11D1-A202-0000F81FEDEE}","SUCCESS","Query: Name"
"10:34:46.1158663","雷小伊脱机日常 Beta 1.6.24.exe","1496","RegQueryKey","HKCR\WOW6432Node\CLSID\{66742402-F9B9-11D1-A202-0000F81FEDEE}","SUCCESS","Query: HandleTags, HandleTags: 0x401"
"10:34:46.1158743","雷小伊脱机日常 Beta 1.6.24.exe","1496","RegOpenKey","HKCU\Software\Classes\WOW6432Node\CLSID\{66742402-F9B9-11D1-A202-0000F81FEDEE}","NAME NOT FOUND","Desired Access: Maximum Allowed"
"10:34:46.1158827","雷小伊脱机日常 Beta 1.6.24.exe","1496","RegQueryValue","HKCR\WOW6432Node\CLSID\{66742402-F9B9-11D1-A202-0000F81FEDEE}\UseOutOfProcHandlerCache","NAME NOT FOUND","Length: 16"
"10:34:46.1158884","雷小伊脱机日常 Beta 1.6.24.exe","1496","RegCloseKey","HKCR\WOW6432Node\CLSID\{66742402-F9B9-11D1-A202-0000F81FEDEE}","SUCCESS",""
"10:34:46.1159280","雷小伊脱机日常 Beta 1.6.24.exe","1496","RegQueryKey","HKLM","SUCCESS","Query: HandleTags, HandleTags: 0x0"
"10:34:46.1159323","雷小伊脱机日常 Beta 1.6.24.exe","1496","RegOpenKey","HKLM\Software\Microsoft\Windows\CurrentVersion\Explorer\SyncRootManager","SUCCESS","Desired Access: Read"
"10:34:46.1159402","雷小伊脱机日常 Beta 1.6.24.exe","1496","RegSetInfoKey","HKLM\SOFTWARE\Microsoft\Windows\CurrentVersion\Explorer\SyncRootManager","SUCCESS","KeySetInformationClass: KeySetHandleTagsInformation, Length: 0"
"10:34:46.1159447","雷小伊脱机日常 Beta 1.6.24.exe","1496","RegQueryKey","HKLM\SOFTWARE\Microsoft\Windows\CurrentVersion\Explorer\SyncRootManager","SUCCESS","Query: Cached, SubKeys: 0, Values: 0"
"10:34:46.1159503","雷小伊脱机日常 Beta 1.6.24.exe","1496","RegCloseKey","HKLM\SOFTWARE\Microsoft\Windows\CurrentVersion\Explorer\SyncRootManager","SUCCESS",""
"10:34:46.1159960","雷小伊脱机日常 Beta 1.6.24.exe","1496","RegQueryKey","HKLM","SUCCESS","Query: HandleTags, HandleTags: 0x0"
"10:34:46.1159998","雷小伊脱机日常 Beta 1.6.24.exe","1496","RegQueryKey","HKLM","SUCCESS","Query: Name"
"10:34:46.1160084","雷小伊脱机日常 Beta 1.6.24.exe","1496","RegOpenKey","HKLM\SOFTWARE\WOW6432Node\Microsoft\Windows\CurrentVersion\ShellCompatibility\Objects\{66742402-F9B9-11D1-A202-0000F81FEDEE}","NAME NOT FOUND","Desired Access: Query Value"
"10:34:46.1160355","雷小伊脱机日常 Beta 1.6.24.exe","1496","RegQueryKey","HKCU\Software\Classes","SUCCESS","Query: Name"
"10:34:46.1160411","雷小伊脱机日常 Beta 1.6.24.exe","1496","RegQueryKey","HKCU\Software\Classes","SUCCESS","Query: HandleTags, HandleTags: 0x1"
"10:34:46.1160465","雷小伊脱机日常 Beta 1.6.24.exe","1496","RegQueryKey","HKCU\Software\Classes","SUCCESS","Query: HandleTags, HandleTags: 0x1"
"10:34:46.1160507","雷小伊脱机日常 Beta 1.6.24.exe","1496","RegQueryKey","HKCU\Software\Classes","SUCCESS","Query: Name"
"10:34:46.1160590","雷小伊脱机日常 Beta 1.6.24.exe","1496","RegOpenKey","HKCU\Software\Classes\WOW6432Node\CLSID\{66742402-F9B9-11D1-A202-0000F81FEDEE}\Instance","NAME NOT FOUND","Desired Access: Read"
"10:34:46.1160683","雷小伊脱机日常 Beta 1.6.24.exe","1496","RegOpenKey","HKCR\WOW6432Node\CLSID\{66742402-F9B9-11D1-A202-0000F81FEDEE}\Instance","NAME NOT FOUND","Desired Access: Read"
"10:34:46.1160956","雷小伊脱机日常 Beta 1.6.24.exe","1496","RegQueryKey","HKLM","SUCCESS","Query: HandleTags, HandleTags: 0x0"
"10:34:46.1160992","雷小伊脱机日常 Beta 1.6.24.exe","1496","RegQueryKey","HKLM","SUCCESS","Query: Name"
"10:34:46.1161059","雷小伊脱机日常 Beta 1.6.24.exe","1496","RegOpenKey","HKCR\WOW6432Node\CLSID\{66742402-F9B9-11D1-A202-0000F81FEDEE}\InProcServer32","SUCCESS","Desired Access: Query Value"
"10:34:46.1161145","雷小伊脱机日常 Beta 1.6.24.exe","1496","RegSetInfoKey","HKCR\WOW6432Node\CLSID\{66742402-F9B9-11D1-A202-0000F81FEDEE}\InProcServer32","SUCCESS","KeySetInformationClass: KeySetHandleTagsInformation, Length: 0"
"10:34:46.1161194","雷小伊脱机日常 Beta 1.6.24.exe","1496","RegQueryValue","HKCR\WOW6432Node\CLSID\{66742402-F9B9-11D1-A202-0000F81FEDEE}\InProcServer32\(Default)","SUCCESS","Type: REG_EXPAND_SZ, Length: 68, Data: %SystemRoot%\system32\shell32.dll"
"10:34:46.1161270","雷小伊脱机日常 Beta 1.6.24.exe","1496","RegCloseKey","HKCR\WOW6432Node\CLSID\{66742402-F9B9-11D1-A202-0000F81FEDEE}\InProcServer32","SUCCESS",""
"10:34:46.1161419","雷小伊脱机日常 Beta 1.6.24.exe","1496","ReadFile","C:\Windows\SysWOW64\shell32.dll","SUCCESS","Offset: 74,752, Length: 12,288, I/O Flags: Non-cached, Paging I/O, Synchronous Paging I/O, Priority: Normal"
"10:34:46.1166018","雷小伊脱机日常 Beta 1.6.24.exe","1496","RegQueryKey","HKLM","SUCCESS","Query: HandleTags, HandleTags: 0x0"
"10:34:46.1166108","雷小伊脱机日常 Beta 1.6.24.exe","1496","RegOpenKey","HKLM\Software\Microsoft\Windows\CurrentVersion\Explorer\SyncRootManager","SUCCESS","Desired Access: Read"
"10:34:46.1166305","雷小伊脱机日常 Beta 1.6.24.exe","1496","RegSetInfoKey","HKLM\SOFTWARE\Microsoft\Windows\CurrentVersion\Explorer\SyncRootManager","SUCCESS","KeySetInformationClass: KeySetHandleTagsInformation, Length: 0"
"10:34:46.1166391","雷小伊脱机日常 Beta 1.6.24.exe","1496","RegQueryKey","HKLM\SOFTWARE\Microsoft\Windows\CurrentVersion\Explorer\SyncRootManager","SUCCESS","Query: Cached, SubKeys: 0, Values: 0"
"10:34:46.1166470","雷小伊脱机日常 Beta 1.6.24.exe","1496","RegCloseKey","HKLM\SOFTWARE\Microsoft\Windows\CurrentVersion\Explorer\SyncRootManager","SUCCESS",""
"10:34:46.1167559","雷小伊脱机日常 Beta 1.6.24.exe","1496","CreateFile","C:\Windows\SysWOW64\ExplorerFrame.dll","SUCCESS","Desired Access: Generic Read, Disposition: Open, Options: Non-Directory File, Open Requiring Oplock, Disallow Exclusive, Attributes: n/a, ShareMode: Read, AllocationSize: n/a, OpenResult: Opened"
"10:34:46.1167869","雷小伊脱机日常 Beta 1.6.24.exe","1496","FileSystemControl","C:\Windows\SysWOW64\ExplorerFrame.dll","CANCELLED","Control: FSCTL_REQUEST_OPLOCK"
"10:34:46.1168649","雷小伊脱机日常 Beta 1.6.24.exe","1496","CreateFile","C:\Windows\SysWOW64\ExplorerFrame.dll","SUCCESS","Desired Access: Read Attributes, Disposition: Open, Options: Open Reparse Point, Attributes: n/a, ShareMode: Read, Write, Delete, AllocationSize: n/a, OpenResult: Opened"
"10:34:46.1168743","雷小伊脱机日常 Beta 1.6.24.exe","1496","QueryBasicInformationFile","C:\Windows\SysWOW64\ExplorerFrame.dll","SUCCESS","CreationTime: 2023/12/4 10:46:15, LastAccessTime: 2025/12/31 10:34:46, LastWriteTime: 2023/12/4 10:46:15, ChangeTime: 2025/12/23 11:48:10, FileAttributes: A"
"10:34:46.1168796","雷小伊脱机日常 Beta 1.6.24.exe","1496","CloseFile","C:\Windows\SysWOW64\ExplorerFrame.dll","SUCCESS",""
"10:34:46.1169124","雷小伊脱机日常 Beta 1.6.24.exe","1496","RegOpenKey","HKLM\Software\WOW6432Node\Microsoft\LanguageOverlay\OverlayPackages\zh-CN","REPARSE","Desired Access: Read"
"10:34:46.1169219","雷小伊脱机日常 Beta 1.6.24.exe","1496","RegOpenKey","HKLM\SOFTWARE\Microsoft\LanguageOverlay\OverlayPackages\zh-CN","SUCCESS","Desired Access: Read"
"10:34:46.1169311","雷小伊脱机日常 Beta 1.6.24.exe","1496","RegSetInfoKey","HKLM\SOFTWARE\Microsoft\LanguageOverlay\OverlayPackages\zh-CN","SUCCESS","KeySetInformationClass: KeySetHandleTagsInformation, Length: 0"
"10:34:46.1169376","雷小伊脱机日常 Beta 1.6.24.exe","1496","RegQueryValue","HKLM\SOFTWARE\Microsoft\LanguageOverlay\OverlayPackages\zh-CN\Latest","SUCCESS","Type: REG_SZ, Length: 210, Data: "
"10:34:46.1169462","雷小伊脱机日常 Beta 1.6.24.exe","1496","RegCloseKey","HKLM\SOFTWARE\Microsoft\LanguageOverlay\OverlayPackages\zh-CN","SUCCESS",""
"10:34:46.1169975","雷小伊脱机日常 Beta 1.6.24.exe","1496","CreateFile","C:\Program Files\WindowsApps\Microsoft.LanguageExperiencePackzh-CN_19041.81.277.0_neutral__8wekyb3d8bbwe\Windows\System32\zh-CN\explorerframe.dll.mui","SUCCESS","Desired Access: Read Data/List Directory, Synchronize, Disposition: Open, Options: Synchronous IO Non-Alert, Non-Directory File, Attributes: n/a, ShareMode: Read, Delete, AllocationSize: n/a, OpenResult: Opened"
"10:34:46.1170254","雷小伊脱机日常 Beta 1.6.24.exe","1496","CreateFileMapping","C:\Program Files\WindowsApps\Microsoft.LanguageExperiencePackzh-CN_19041.81.277.0_neutral__8wekyb3d8bbwe\Windows\System32\zh-CN\explorerframe.dll.mui","FILE LOCKED WITH ONLY READERS","SyncType: SyncTypeCreateSection, PageProtection: PAGE_EXECUTE_READWRITE|PAGE_NOCACHE"
"10:34:46.1170514","雷小伊脱机日常 Beta 1.6.24.exe","1496","QueryStandardInformationFile","C:\Program Files\WindowsApps\Microsoft.LanguageExperiencePackzh-CN_19041.81.277.0_neutral__8wekyb3d8bbwe\Windows\System32\zh-CN\explorerframe.dll.mui","SUCCESS","AllocationSize: 16,384, EndOfFile: 28,704, NumberOfLinks: 1, DeletePending: False, Directory: False"
"10:34:46.1170629","雷小伊脱机日常 Beta 1.6.24.exe","1496","CreateFileMapping","C:\Program Files\WindowsApps\Microsoft.LanguageExperiencePackzh-CN_19041.81.277.0_neutral__8wekyb3d8bbwe\Windows\System32\zh-CN\explorerframe.dll.mui","SUCCESS","SyncType: SyncTypeOther"
"10:34:46.1170914","雷小伊脱机日常 Beta 1.6.24.exe","1496","CloseFile","C:\Program Files\WindowsApps\Microsoft.LanguageExperiencePackzh-CN_19041.81.277.0_neutral__8wekyb3d8bbwe\Windows\System32\zh-CN\explorerframe.dll.mui","SUCCESS",""
"10:34:46.1171491","雷小伊脱机日常 Beta 1.6.24.exe","1496","CreateFile","C:\Windows\SysWOW64\zh-CN\explorerframe.dll.mui","NAME NOT FOUND","Desired Access: Read Data/List Directory, Synchronize, Disposition: Open, Options: Synchronous IO Non-Alert, Non-Directory File, Attributes: n/a, ShareMode: Read, Delete, AllocationSize: n/a"
"10:34:46.1171955","雷小伊脱机日常 Beta 1.6.24.exe","1496","CreateFile","C:\Windows\System32\zh-CN\explorerframe.dll.mui","SUCCESS","Desired Access: Read Data/List Directory, Synchronize, Disposition: Open, Options: Synchronous IO Non-Alert, Non-Directory File, Attributes: n/a, ShareMode: Read, Delete, AllocationSize: n/a, OpenResult: Opened"
"10:34:46.1172191","雷小伊脱机日常 Beta 1.6.24.exe","1496","CreateFileMapping","C:\Windows\System32\zh-CN\explorerframe.dll.mui","FILE LOCKED WITH ONLY READERS","SyncType: SyncTypeCreateSection, PageProtection: PAGE_EXECUTE_READWRITE|PAGE_NOCACHE"
"10:34:46.1172268","雷小伊脱机日常 Beta 1.6.24.exe","1496","QueryStandardInformationFile","C:\Windows\System32\zh-CN\explorerframe.dll.mui","SUCCESS","AllocationSize: 20,480, EndOfFile: 17,920, NumberOfLinks: 2, DeletePending: False, Directory: False"
"10:34:46.1172367","雷小伊脱机日常 Beta 1.6.24.exe","1496","CreateFileMapping","C:\Windows\System32\zh-CN\explorerframe.dll.mui","SUCCESS","SyncType: SyncTypeOther"
"10:34:46.1173490","雷小伊脱机日常 Beta 1.6.24.exe","1496","CreateFile","C:\Windows\SysWOW64\ExplorerFrame.dll","SUCCESS","Desired Access: Read Attributes, Disposition: Open, Options: Open Reparse Point, Attributes: n/a, ShareMode: Read, Write, Delete, AllocationSize: n/a, OpenResult: Opened"
"10:34:46.1173593","雷小伊脱机日常 Beta 1.6.24.exe","1496","QueryBasicInformationFile","C:\Windows\SysWOW64\ExplorerFrame.dll","SUCCESS","CreationTime: 2023/12/4 10:46:15, LastAccessTime: 2025/12/31 10:34:46, LastWriteTime: 2023/12/4 10:46:15, ChangeTime: 2025/12/23 11:48:10, FileAttributes: A"
"10:34:46.1173641","雷小伊脱机日常 Beta 1.6.24.exe","1496","CloseFile","C:\Windows\SysWOW64\ExplorerFrame.dll","SUCCESS",""
"10:34:46.1174115","雷小伊脱机日常 Beta 1.6.24.exe","1496","CreateFile","C:\Windows\SysWOW64\ExplorerFrame.dll","SUCCESS","Desired Access: Generic Read, Disposition: Open, Options: , Attributes: n/a, ShareMode: Read, AllocationSize: n/a, OpenResult: Opened"
"10:34:46.1174268","雷小伊脱机日常 Beta 1.6.24.exe","1496","QueryBasicInformationFile","C:\Windows\SysWOW64\ExplorerFrame.dll","SUCCESS","CreationTime: 2023/12/4 10:46:15, LastAccessTime: 2025/12/31 10:34:46, LastWriteTime: 2023/12/4 10:46:15, ChangeTime: 2025/12/23 11:48:10, FileAttributes: A"
"10:34:46.1174343","雷小伊脱机日常 Beta 1.6.24.exe","1496","QuerySecurityFile","C:\Windows\SysWOW64\ExplorerFrame.dll","BUFFER OVERFLOW","Information: Owner, Group, DACL"
"10:34:46.1174406","雷小伊脱机日常 Beta 1.6.24.exe","1496","QuerySecurityFile","C:\Windows\SysWOW64\ExplorerFrame.dll","SUCCESS","Information: Owner, Group, DACL"
"10:34:46.1174462","雷小伊脱机日常 Beta 1.6.24.exe","1496","CloseFile","C:\Windows\SysWOW64\ExplorerFrame.dll","SUCCESS",""
"10:34:46.1175121","雷小伊脱机日常 Beta 1.6.24.exe","1496","CreateFile","C:\Windows\SysWOW64\ExplorerFrame.dll","SUCCESS","Desired Access: Read Attributes, Disposition: Open, Options: Open Reparse Point, Attributes: n/a, ShareMode: Read, Write, Delete, AllocationSize: n/a, OpenResult: Opened"
"10:34:46.1175195","雷小伊脱机日常 Beta 1.6.24.exe","1496","QueryBasicInformationFile","C:\Windows\SysWOW64\ExplorerFrame.dll","SUCCESS","CreationTime: 2023/12/4 10:46:15, LastAccessTime: 2025/12/31 10:34:46, LastWriteTime: 2023/12/4 10:46:15, ChangeTime: 2025/12/23 11:48:10, FileAttributes: A"
"10:34:46.1175238","雷小伊脱机日常 Beta 1.6.24.exe","1496","CloseFile","C:\Windows\SysWOW64\ExplorerFrame.dll","SUCCESS",""
"10:34:46.1175934","雷小伊脱机日常 Beta 1.6.24.exe","1496","CreateFile","C:\Windows\SysWOW64\ExplorerFrame.dll","SUCCESS","Desired Access: Read Attributes, Disposition: Open, Options: Open Reparse Point, Attributes: n/a, ShareMode: Read, Write, Delete, AllocationSize: n/a, OpenResult: Opened"
"10:34:46.1176012","雷小伊脱机日常 Beta 1.6.24.exe","1496","QueryBasicInformationFile","C:\Windows\SysWOW64\ExplorerFrame.dll","SUCCESS","CreationTime: 2023/12/4 10:46:15, LastAccessTime: 2025/12/31 10:34:46, LastWriteTime: 2023/12/4 10:46:15, ChangeTime: 2025/12/23 11:48:10, FileAttributes: A"
"10:34:46.1176058","雷小伊脱机日常 Beta 1.6.24.exe","1496","CloseFile","C:\Windows\SysWOW64\ExplorerFrame.dll","SUCCESS",""
"10:34:46.1176453","雷小伊脱机日常 Beta 1.6.24.exe","1496","CreateFile","C:\Windows\SysWOW64\ExplorerFrame.dll","SUCCESS","Desired Access: Generic Read, Disposition: Open, Options: , Attributes: n/a, ShareMode: Read, AllocationSize: n/a, OpenResult: Opened"
"10:34:46.1176578","雷小伊脱机日常 Beta 1.6.24.exe","1496","QueryBasicInformationFile","C:\Windows\SysWOW64\ExplorerFrame.dll","SUCCESS","CreationTime: 2023/12/4 10:46:15, LastAccessTime: 2025/12/31 10:34:46, LastWriteTime: 2023/12/4 10:46:15, ChangeTime: 2025/12/23 11:48:10, FileAttributes: A"
"10:34:46.1176637","雷小伊脱机日常 Beta 1.6.24.exe","1496","QuerySecurityFile","C:\Windows\SysWOW64\ExplorerFrame.dll","BUFFER OVERFLOW","Information: Owner, Group, DACL"
"10:34:46.1176686","雷小伊脱机日常 Beta 1.6.24.exe","1496","QuerySecurityFile","C:\Windows\SysWOW64\ExplorerFrame.dll","SUCCESS","Information: Owner, Group, DACL"
"10:34:46.1176739","雷小伊脱机日常 Beta 1.6.24.exe","1496","CloseFile","C:\Windows\SysWOW64\ExplorerFrame.dll","SUCCESS",""
"10:34:46.1179992","雷小伊脱机日常 Beta 1.6.24.exe","1496","CloseFile","C:\Windows\SysWOW64\ExplorerFrame.dll","SUCCESS",""
"10:34:46.1180468","雷小伊脱机日常 Beta 1.6.24.exe","1496","RegQueryKey","HKLM","SUCCESS","Query: HandleTags, HandleTags: 0x0"
"10:34:46.1180545","雷小伊脱机日常 Beta 1.6.24.exe","1496","RegOpenKey","HKLM\Software\Microsoft\Windows\CurrentVersion\Explorer\SyncRootManager","SUCCESS","Desired Access: Read"
"10:34:46.1180852","雷小伊脱机日常 Beta 1.6.24.exe","1496","RegSetInfoKey","HKLM\SOFTWARE\Microsoft\Windows\CurrentVersion\Explorer\SyncRootManager","SUCCESS","KeySetInformationClass: KeySetHandleTagsInformation, Length: 0"
"10:34:46.1180929","雷小伊脱机日常 Beta 1.6.24.exe","1496","RegQueryKey","HKLM\SOFTWARE\Microsoft\Windows\CurrentVersion\Explorer\SyncRootManager","SUCCESS","Query: Cached, SubKeys: 0, Values: 0"
"10:34:46.1181019","雷小伊脱机日常 Beta 1.6.24.exe","1496","RegCloseKey","HKLM\SOFTWARE\Microsoft\Windows\CurrentVersion\Explorer\SyncRootManager","SUCCESS",""
"10:34:46.1181586","雷小伊脱机日常 Beta 1.6.24.exe","1496","RegQueryKey","HKLM","SUCCESS","Query: HandleTags, HandleTags: 0x0"
"10:34:46.1181648","雷小伊脱机日常 Beta 1.6.24.exe","1496","RegQueryKey","HKLM","SUCCESS","Query: Name"
"10:34:46.1182753","雷小伊脱机日常 Beta 1.6.24.exe","1496","RegOpenKey","HKLM\SOFTWARE\WOW6432Node\Microsoft\Windows\CurrentVersion\ShellCompatibility\Objects\{66742402-F9B9-11D1-A202-0000F81FEDEE}","NAME NOT FOUND","Desired Access: Query Value"
"10:34:46.1182995","雷小伊脱机日常 Beta 1.6.24.exe","1496","RegQueryKey","HKCU\Software\Classes","SUCCESS","Query: Name"
"10:34:46.1183091","雷小伊脱机日常 Beta 1.6.24.exe","1496","RegQueryKey","HKCU\Software\Classes","SUCCESS","Query: HandleTags, HandleTags: 0x1"
"10:34:46.1183175","雷小伊脱机日常 Beta 1.6.24.exe","1496","RegQueryKey","HKCU\Software\Classes","SUCCESS","Query: HandleTags, HandleTags: 0x1"
"10:34:46.1183391","雷小伊脱机日常 Beta 1.6.24.exe","1496","RegQueryKey","HKCU\Software\Classes","SUCCESS","Query: Name"
"10:34:46.1183532","雷小伊脱机日常 Beta 1.6.24.exe","1496","RegOpenKey","HKCU\Software\Classes\WOW6432Node\CLSID\{66742402-F9B9-11D1-A202-0000F81FEDEE}\Instance","NAME NOT FOUND","Desired Access: Read"
"10:34:46.1183725","雷小伊脱机日常 Beta 1.6.24.exe","1496","RegOpenKey","HKCR\WOW6432Node\CLSID\{66742402-F9B9-11D1-A202-0000F81FEDEE}\Instance","NAME NOT FOUND","Desired Access: Read"
"10:34:46.1183941","雷小伊脱机日常 Beta 1.6.24.exe","1496","RegQueryKey","HKLM","SUCCESS","Query: HandleTags, HandleTags: 0x0"
"10:34:46.1183992","雷小伊脱机日常 Beta 1.6.24.exe","1496","RegQueryKey","HKLM","SUCCESS","Query: Name"
"10:34:46.1184077","雷小伊脱机日常 Beta 1.6.24.exe","1496","RegOpenKey","HKCR\WOW6432Node\CLSID\{66742402-F9B9-11D1-A202-0000F81FEDEE}\InProcServer32","SUCCESS","Desired Access: Query Value"
"10:34:46.1184169","雷小伊脱机日常 Beta 1.6.24.exe","1496","RegSetInfoKey","HKCR\WOW6432Node\CLSID\{66742402-F9B9-11D1-A202-0000F81FEDEE}\InProcServer32","SUCCESS","KeySetInformationClass: KeySetHandleTagsInformation, Length: 0"
"10:34:46.1184229","雷小伊脱机日常 Beta 1.6.24.exe","1496","RegQueryValue","HKCR\WOW6432Node\CLSID\{66742402-F9B9-11D1-A202-0000F81FEDEE}\InProcServer32\(Default)","SUCCESS","Type: REG_EXPAND_SZ, Length: 68, Data: %SystemRoot%\system32\shell32.dll"
"10:34:46.1184332","雷小伊脱机日常 Beta 1.6.24.exe","1496","RegCloseKey","HKCR\WOW6432Node\CLSID\{66742402-F9B9-11D1-A202-0000F81FEDEE}\InProcServer32","SUCCESS",""
"10:34:46.1184462","雷小伊脱机日常 Beta 1.6.24.exe","1496","RegQueryKey","HKLM","SUCCESS","Query: HandleTags, HandleTags: 0x0"
"10:34:46.1184527","雷小伊脱机日常 Beta 1.6.24.exe","1496","RegOpenKey","HKLM\Software\Microsoft\Windows\CurrentVersion\Explorer\SyncRootManager","SUCCESS","Desired Access: Read"
"10:34:46.1184633","雷小伊脱机日常 Beta 1.6.24.exe","1496","RegSetInfoKey","HKLM\SOFTWARE\Microsoft\Windows\CurrentVersion\Explorer\SyncRootManager","SUCCESS","KeySetInformationClass: KeySetHandleTagsInformation, Length: 0"
"10:34:46.1185582","雷小伊脱机日常 Beta 1.6.24.exe","1496","RegQueryKey","HKLM\SOFTWARE\Microsoft\Windows\CurrentVersion\Explorer\SyncRootManager","SUCCESS","Query: Cached, SubKeys: 0, Values: 0"
"10:34:46.1185699","雷小伊脱机日常 Beta 1.6.24.exe","1496","RegCloseKey","HKLM\SOFTWARE\Microsoft\Windows\CurrentVersion\Explorer\SyncRootManager","SUCCESS",""
"10:34:46.1186483","雷小伊脱机日常 Beta 1.6.24.exe","1496","CreateFile","C:\Windows\SysWOW64\ExplorerFrame.dll","SUCCESS","Desired Access: Generic Read, Disposition: Open, Options: Non-Directory File, Open Requiring Oplock, Disallow Exclusive, Attributes: n/a, ShareMode: Read, AllocationSize: n/a, OpenResult: Opened"
"10:34:46.1186762","雷小伊脱机日常 Beta 1.6.24.exe","1496","FileSystemControl","C:\Windows\SysWOW64\ExplorerFrame.dll","CANCELLED","Control: FSCTL_REQUEST_OPLOCK"
"10:34:46.1187679","雷小伊脱机日常 Beta 1.6.24.exe","1496","CreateFile","C:\Windows\SysWOW64\ExplorerFrame.dll","SUCCESS","Desired Access: Read Attributes, Disposition: Open, Options: Open Reparse Point, Attributes: n/a, ShareMode: Read, Write, Delete, AllocationSize: n/a, OpenResult: Opened"
"10:34:46.1187775","雷小伊脱机日常 Beta 1.6.24.exe","1496","QueryBasicInformationFile","C:\Windows\SysWOW64\ExplorerFrame.dll","SUCCESS","CreationTime: 2023/12/4 10:46:15, LastAccessTime: 2025/12/31 10:34:46, LastWriteTime: 2023/12/4 10:46:15, ChangeTime: 2025/12/23 11:48:10, FileAttributes: A"
"10:34:46.1187829","雷小伊脱机日常 Beta 1.6.24.exe","1496","CloseFile","C:\Windows\SysWOW64\ExplorerFrame.dll","SUCCESS",""
"10:34:46.1188574","雷小伊脱机日常 Beta 1.6.24.exe","1496","CreateFile","C:\Windows\SysWOW64\ExplorerFrame.dll","SUCCESS","Desired Access: Read Attributes, Disposition: Open, Options: Open Reparse Point, Attributes: n/a, ShareMode: Read, Write, Delete, AllocationSize: n/a, OpenResult: Opened"
"10:34:46.1188647","雷小伊脱机日常 Beta 1.6.24.exe","1496","QueryBasicInformationFile","C:\Windows\SysWOW64\ExplorerFrame.dll","SUCCESS","CreationTime: 2023/12/4 10:46:15, LastAccessTime: 2025/12/31 10:34:46, LastWriteTime: 2023/12/4 10:46:15, ChangeTime: 2025/12/23 11:48:10, FileAttributes: A"
"10:34:46.1188690","雷小伊脱机日常 Beta 1.6.24.exe","1496","CloseFile","C:\Windows\SysWOW64\ExplorerFrame.dll","SUCCESS",""
"10:34:46.1189101","雷小伊脱机日常 Beta 1.6.24.exe","1496","CreateFile","C:\Windows\SysWOW64\ExplorerFrame.dll","SUCCESS","Desired Access: Generic Read, Disposition: Open, Options: , Attributes: n/a, ShareMode: Read, AllocationSize: n/a, OpenResult: Opened"
"10:34:46.1189245","雷小伊脱机日常 Beta 1.6.24.exe","1496","QueryBasicInformationFile","C:\Windows\SysWOW64\ExplorerFrame.dll","SUCCESS","CreationTime: 2023/12/4 10:46:15, LastAccessTime: 2025/12/31 10:34:46, LastWriteTime: 2023/12/4 10:46:15, ChangeTime: 2025/12/23 11:48:10, FileAttributes: A"
"10:34:46.1189319","雷小伊脱机日常 Beta 1.6.24.exe","1496","QuerySecurityFile","C:\Windows\SysWOW64\ExplorerFrame.dll","BUFFER OVERFLOW","Information: Owner, Group, DACL"
"10:34:46.1189596","雷小伊脱机日常 Beta 1.6.24.exe","1496","QuerySecurityFile","C:\Windows\SysWOW64\ExplorerFrame.dll","SUCCESS","Information: Owner, Group, DACL"
"10:34:46.1189671","雷小伊脱机日常 Beta 1.6.24.exe","1496","CloseFile","C:\Windows\SysWOW64\ExplorerFrame.dll","SUCCESS",""
"10:34:46.1190713","雷小伊脱机日常 Beta 1.6.24.exe","1496","CreateFile","C:\Windows\SysWOW64\ExplorerFrame.dll","SUCCESS","Desired Access: Read Attributes, Disposition: Open, Options: Open Reparse Point, Attributes: n/a, ShareMode: Read, Write, Delete, AllocationSize: n/a, OpenResult: Opened"
"10:34:46.1190815","雷小伊脱机日常 Beta 1.6.24.exe","1496","QueryBasicInformationFile","C:\Windows\SysWOW64\ExplorerFrame.dll","SUCCESS","CreationTime: 2023/12/4 10:46:15, LastAccessTime: 2025/12/31 10:34:46, LastWriteTime: 2023/12/4 10:46:15, ChangeTime: 2025/12/23 11:48:10, FileAttributes: A"
"10:34:46.1190891","雷小伊脱机日常 Beta 1.6.24.exe","1496","CloseFile","C:\Windows\SysWOW64\ExplorerFrame.dll","SUCCESS",""
"10:34:46.1191800","雷小伊脱机日常 Beta 1.6.24.exe","1496","CreateFile","C:\Windows\SysWOW64\ExplorerFrame.dll","SUCCESS","Desired Access: Read Attributes, Disposition: Open, Options: Open Reparse Point, Attributes: n/a, ShareMode: Read, Write, Delete, AllocationSize: n/a, OpenResult: Opened"
"10:34:46.1192667","雷小伊脱机日常 Beta 1.6.24.exe","1496","QueryBasicInformationFile","C:\Windows\SysWOW64\ExplorerFrame.dll","SUCCESS","CreationTime: 2023/12/4 10:46:15, LastAccessTime: 2025/12/31 10:34:46, LastWriteTime: 2023/12/4 10:46:15, ChangeTime: 2025/12/23 11:48:10, FileAttributes: A"
"10:34:46.1192904","雷小伊脱机日常 Beta 1.6.24.exe","1496","CloseFile","C:\Windows\SysWOW64\ExplorerFrame.dll","SUCCESS",""
"10:34:46.1193874","雷小伊脱机日常 Beta 1.6.24.exe","1496","CreateFile","C:\Windows\SysWOW64\ExplorerFrame.dll","SUCCESS","Desired Access: Generic Read, Disposition: Open, Options: , Attributes: n/a, ShareMode: Read, AllocationSize: n/a, OpenResult: Opened"
"10:34:46.1194069","雷小伊脱机日常 Beta 1.6.24.exe","1496","QueryBasicInformationFile","C:\Windows\SysWOW64\ExplorerFrame.dll","SUCCESS","CreationTime: 2023/12/4 10:46:15, LastAccessTime: 2025/12/31 10:34:46, LastWriteTime: 2023/12/4 10:46:15, ChangeTime: 2025/12/23 11:48:10, FileAttributes: A"
"10:34:46.1194148","雷小伊脱机日常 Beta 1.6.24.exe","1496","QuerySecurityFile","C:\Windows\SysWOW64\ExplorerFrame.dll","BUFFER OVERFLOW","Information: Owner, Group, DACL"
"10:34:46.1194206","雷小伊脱机日常 Beta 1.6.24.exe","1496","QuerySecurityFile","C:\Windows\SysWOW64\ExplorerFrame.dll","SUCCESS","Information: Owner, Group, DACL"
"10:34:46.1194261","雷小伊脱机日常 Beta 1.6.24.exe","1496","CloseFile","C:\Windows\SysWOW64\ExplorerFrame.dll","SUCCESS",""
"10:34:46.1195065","雷小伊脱机日常 Beta 1.6.24.exe","1496","CloseFile","C:\Windows\SysWOW64\ExplorerFrame.dll","SUCCESS",""
"10:34:46.1195364","雷小伊脱机日常 Beta 1.6.24.exe","1496","RegQueryKey","HKCU\Software\Classes\Local Settings\Software\Microsoft\Windows\Shell\MuiCache","SUCCESS","Query: HandleTags, HandleTags: 0x401"
"10:34:46.1195446","雷小伊脱机日常 Beta 1.6.24.exe","1496","RegOpenKey","HKCU\Software\Classes\Local Settings\Software\Microsoft\Windows\Shell\MuiCache","SUCCESS","Desired Access: Set Value"
"10:34:46.1195586","雷小伊脱机日常 Beta 1.6.24.exe","1496","RegQueryKey","HKCU\Software\Classes\Local Settings\Software\Microsoft\Windows\Shell\MuiCache","SUCCESS","Query: HandleTags, HandleTags: 0x401"
"10:34:46.1195668","雷小伊脱机日常 Beta 1.6.24.exe","1496","RegSetValue","HKCU\Software\Classes\Local Settings\Software\Microsoft\Windows\Shell\MuiCache\C:\Windows\system32\explorerframe.dll.FriendlyAppName","SUCCESS","Type: REG_SZ, Length: 28, Data: ExplorerFrame"
"10:34:46.1196905","雷小伊脱机日常 Beta 1.6.24.exe","1496","RegCloseKey","HKCU\Software\Classes\Local Settings\Software\Microsoft\Windows\Shell\MuiCache","SUCCESS",""
"10:34:46.1196993","雷小伊脱机日常 Beta 1.6.24.exe","1496","RegQueryKey","HKCU\Software\Classes\Local Settings\Software\Microsoft\Windows\Shell\MuiCache","SUCCESS","Query: HandleTags, HandleTags: 0x401"
"10:34:46.1197045","雷小伊脱机日常 Beta 1.6.24.exe","1496","RegOpenKey","HKCU\Software\Classes\Local Settings\Software\Microsoft\Windows\Shell\MuiCache","SUCCESS","Desired Access: Set Value"
"10:34:46.1197139","雷小伊脱机日常 Beta 1.6.24.exe","1496","RegQueryKey","HKCU\Software\Classes\Local Settings\Software\Microsoft\Windows\Shell\MuiCache","SUCCESS","Query: HandleTags, HandleTags: 0x401"
"10:34:46.1197288","雷小伊脱机日常 Beta 1.6.24.exe","1496","RegSetValue","HKCU\Software\Classes\Local Settings\Software\Microsoft\Windows\Shell\MuiCache\C:\Windows\system32\explorerframe.dll.ApplicationCompany","SUCCESS","Type: REG_SZ, Length: 44, Data: Microsoft Corporation"
"10:34:46.1197608","雷小伊脱机日常 Beta 1.6.24.exe","1496","RegCloseKey","HKCU\Software\Classes\Local Settings\Software\Microsoft\Windows\Shell\MuiCache","SUCCESS",""
"10:34:46.1197942","雷小伊脱机日常 Beta 1.6.24.exe","1496","RegQueryKey","HKCR","SUCCESS","Query: HandleTags, HandleTags: 0x1"
"10:34:46.1198039","雷小伊脱机日常 Beta 1.6.24.exe","1496","RegQueryKey","HKCR","SUCCESS","Query: Name"
"10:34:46.1198170","雷小伊脱机日常 Beta 1.6.24.exe","1496","RegOpenKey","HKCR\WOW6432Node\CLSID\{9AC9FBE1-E0A2-4AD6-B4EE-E212013EA917}","SUCCESS","Desired Access: Read"
"10:34:46.1198328","雷小伊脱机日常 Beta 1.6.24.exe","1496","RegSetInfoKey","HKCR\WOW6432Node\CLSID\{9ac9fbe1-e0a2-4ad6-b4ee-e212013ea917}","SUCCESS","KeySetInformationClass: KeySetHandleTagsInformation, Length: 0"
"10:34:46.1198404","雷小伊脱机日常 Beta 1.6.24.exe","1496","RegQueryKey","HKCR\WOW6432Node\CLSID\{9ac9fbe1-e0a2-4ad6-b4ee-e212013ea917}","SUCCESS","Query: HandleTags, HandleTags: 0x401"
"10:34:46.1198469","雷小伊脱机日常 Beta 1.6.24.exe","1496","RegOpenKey","HKCR\WOW6432Node\CLSID\{9ac9fbe1-e0a2-4ad6-b4ee-e212013ea917}\TreatAs","NAME NOT FOUND","Desired Access: Query Value"
"10:34:46.1198537","雷小伊脱机日常 Beta 1.6.24.exe","1496","RegQueryKey","HKCR\WOW6432Node\CLSID\{9ac9fbe1-e0a2-4ad6-b4ee-e212013ea917}","SUCCESS","Query: Name"
"10:34:46.1198631","雷小伊脱机日常 Beta 1.6.24.exe","1496","RegQueryValue","HKCR\WOW6432Node\CLSID\{9ac9fbe1-e0a2-4ad6-b4ee-e212013ea917}\ActivateOnHostFlags","NAME NOT FOUND","Length: 16"
"10:34:46.1198685","雷小伊脱机日常 Beta 1.6.24.exe","1496","RegQueryValue","HKCR\WOW6432Node\CLSID\{9ac9fbe1-e0a2-4ad6-b4ee-e212013ea917}\(Default)","BUFFER OVERFLOW","Length: 12"
"10:34:46.1198735","雷小伊脱机日常 Beta 1.6.24.exe","1496","RegQueryValue","HKCR\WOW6432Node\CLSID\{9ac9fbe1-e0a2-4ad6-b4ee-e212013ea917}\(Default)","SUCCESS","Type: REG_SZ, Length: 66, Data: ShellItem Shell Namespace helper"
"10:34:46.1198808","雷小伊脱机日常 Beta 1.6.24.exe","1496","RegQueryKey","HKCR\WOW6432Node\CLSID\{9ac9fbe1-e0a2-4ad6-b4ee-e212013ea917}","SUCCESS","Query: HandleTags, HandleTags: 0x401"
"10:34:46.1198862","雷小伊脱机日常 Beta 1.6.24.exe","1496","RegOpenKey","HKCR\WOW6432Node\CLSID\{9ac9fbe1-e0a2-4ad6-b4ee-e212013ea917}\InprocServer32","SUCCESS","Desired Access: Read"
"10:34:46.1199115","雷小伊脱机日常 Beta 1.6.24.exe","1496","RegQueryValue","HKCR\WOW6432Node\CLSID\{9ac9fbe1-e0a2-4ad6-b4ee-e212013ea917}\InProcServer32\InprocServer32","NAME NOT FOUND","Length: 12"
"10:34:46.1199161","雷小伊脱机日常 Beta 1.6.24.exe","1496","RegQueryValue","HKCR\WOW6432Node\CLSID\{9ac9fbe1-e0a2-4ad6-b4ee-e212013ea917}\InProcServer32\(Default)","BUFFER OVERFLOW","Length: 12"
"10:34:46.1199208","雷小伊脱机日常 Beta 1.6.24.exe","1496","RegQueryValue","HKCR\WOW6432Node\CLSID\{9ac9fbe1-e0a2-4ad6-b4ee-e212013ea917}\InProcServer32\(Default)","SUCCESS","Type: REG_EXPAND_SZ, Length: 84, Data: %SystemRoot%\system32\windows.storage.dll"
"10:34:46.1199267","雷小伊脱机日常 Beta 1.6.24.exe","1496","RegQueryValue","HKCR\WOW6432Node\CLSID\{9ac9fbe1-e0a2-4ad6-b4ee-e212013ea917}\InProcServer32\(Default)","SUCCESS","Type: REG_EXPAND_SZ, Length: 84, Data: %SystemRoot%\system32\windows.storage.dll"
"10:34:46.1199323","雷小伊脱机日常 Beta 1.6.24.exe","1496","RegQueryValue","HKCR\WOW6432Node\CLSID\{9ac9fbe1-e0a2-4ad6-b4ee-e212013ea917}\InProcServer32\ThreadingModel","SUCCESS","Type: REG_SZ, Length: 10, Data: Both"
"10:34:46.1199386","雷小伊脱机日常 Beta 1.6.24.exe","1496","RegCloseKey","HKCR\WOW6432Node\CLSID\{9ac9fbe1-e0a2-4ad6-b4ee-e212013ea917}\InProcServer32","SUCCESS",""
"10:34:46.1199567","雷小伊脱机日常 Beta 1.6.24.exe","1496","RegQueryKey","HKCR\WOW6432Node\CLSID\{9ac9fbe1-e0a2-4ad6-b4ee-e212013ea917}","SUCCESS","Query: HandleTags, HandleTags: 0x401"
"10:34:46.1199611","雷小伊脱机日常 Beta 1.6.24.exe","1496","RegOpenKey","HKCR\WOW6432Node\CLSID\{9ac9fbe1-e0a2-4ad6-b4ee-e212013ea917}\InprocHandler32","NAME NOT FOUND","Desired Access: Query Value"
"10:34:46.1199685","雷小伊脱机日常 Beta 1.6.24.exe","1496","RegQueryKey","HKCR\WOW6432Node\CLSID\{9ac9fbe1-e0a2-4ad6-b4ee-e212013ea917}","SUCCESS","Query: HandleTags, HandleTags: 0x401"
"10:34:46.1199726","雷小伊脱机日常 Beta 1.6.24.exe","1496","RegOpenKey","HKCR\WOW6432Node\CLSID\{9ac9fbe1-e0a2-4ad6-b4ee-e212013ea917}\InprocHandler","NAME NOT FOUND","Desired Access: Query Value"
"10:34:46.1199803","雷小伊脱机日常 Beta 1.6.24.exe","1496","RegCloseKey","HKCR\WOW6432Node\CLSID\{9ac9fbe1-e0a2-4ad6-b4ee-e212013ea917}","SUCCESS",""
"10:34:46.1200017","雷小伊脱机日常 Beta 1.6.24.exe","1496","RegQueryKey","HKCR","SUCCESS","Query: HandleTags, HandleTags: 0x1"
"10:34:46.1200060","雷小伊脱机日常 Beta 1.6.24.exe","1496","RegQueryKey","HKCR","SUCCESS","Query: Name"
"10:34:46.1200153","雷小伊脱机日常 Beta 1.6.24.exe","1496","RegOpenKey","HKCR\WOW6432Node\CLSID\{9AC9FBE1-E0A2-4AD6-B4EE-E212013EA917}","SUCCESS","Desired Access: Read"
"10:34:46.1200232","雷小伊脱机日常 Beta 1.6.24.exe","1496","RegSetInfoKey","HKCR\WOW6432Node\CLSID\{9ac9fbe1-e0a2-4ad6-b4ee-e212013ea917}","SUCCESS","KeySetInformationClass: KeySetHandleTagsInformation, Length: 0"
"10:34:46.1200298","雷小伊脱机日常 Beta 1.6.24.exe","1496","RegQueryKey","HKCR\WOW6432Node\CLSID\{9ac9fbe1-e0a2-4ad6-b4ee-e212013ea917}","SUCCESS","Query: HandleTags, HandleTags: 0x401"
"10:34:46.1200357","雷小伊脱机日常 Beta 1.6.24.exe","1496","RegOpenKey","HKCR\WOW6432Node\CLSID\{9ac9fbe1-e0a2-4ad6-b4ee-e212013ea917}\TreatAs","NAME NOT FOUND","Desired Access: Query Value"
"10:34:46.1200413","雷小伊脱机日常 Beta 1.6.24.exe","1496","RegQueryKey","HKCR\WOW6432Node\CLSID\{9ac9fbe1-e0a2-4ad6-b4ee-e212013ea917}","SUCCESS","Query: Name"
"10:34:46.1200494","雷小伊脱机日常 Beta 1.6.24.exe","1496","RegQueryValue","HKCR\WOW6432Node\CLSID\{9ac9fbe1-e0a2-4ad6-b4ee-e212013ea917}\ActivateOnHostFlags","NAME NOT FOUND","Length: 16"
"10:34:46.1200544","雷小伊脱机日常 Beta 1.6.24.exe","1496","RegQueryValue","HKCR\WOW6432Node\CLSID\{9ac9fbe1-e0a2-4ad6-b4ee-e212013ea917}\(Default)","BUFFER OVERFLOW","Length: 12"
"10:34:46.1200597","雷小伊脱机日常 Beta 1.6.24.exe","1496","RegQueryValue","HKCR\WOW6432Node\CLSID\{9ac9fbe1-e0a2-4ad6-b4ee-e212013ea917}\(Default)","SUCCESS","Type: REG_SZ, Length: 66, Data: ShellItem Shell Namespace helper"
"10:34:46.1200803","雷小伊脱机日常 Beta 1.6.24.exe","1496","RegQueryKey","HKCR\WOW6432Node\CLSID\{9ac9fbe1-e0a2-4ad6-b4ee-e212013ea917}","SUCCESS","Query: HandleTags, HandleTags: 0x401"
"10:34:46.1200848","雷小伊脱机日常 Beta 1.6.24.exe","1496","RegOpenKey","HKCR\WOW6432Node\CLSID\{9ac9fbe1-e0a2-4ad6-b4ee-e212013ea917}\InprocServer32","SUCCESS","Desired Access: Read"
"10:34:46.1200909","雷小伊脱机日常 Beta 1.6.24.exe","1496","RegQueryValue","HKCR\WOW6432Node\CLSID\{9ac9fbe1-e0a2-4ad6-b4ee-e212013ea917}\InProcServer32\InprocServer32","NAME NOT FOUND","Length: 12"
"10:34:46.1200955","雷小伊脱机日常 Beta 1.6.24.exe","1496","RegQueryValue","HKCR\WOW6432Node\CLSID\{9ac9fbe1-e0a2-4ad6-b4ee-e212013ea917}\InProcServer32\(Default)","BUFFER OVERFLOW","Length: 12"
"10:34:46.1201018","雷小伊脱机日常 Beta 1.6.24.exe","1496","RegQueryValue","HKCR\WOW6432Node\CLSID\{9ac9fbe1-e0a2-4ad6-b4ee-e212013ea917}\InProcServer32\(Default)","SUCCESS","Type: REG_EXPAND_SZ, Length: 84, Data: %SystemRoot%\system32\windows.storage.dll"
"10:34:46.1201080","雷小伊脱机日常 Beta 1.6.24.exe","1496","RegQueryValue","HKCR\WOW6432Node\CLSID\{9ac9fbe1-e0a2-4ad6-b4ee-e212013ea917}\InProcServer32\(Default)","SUCCESS","Type: REG_EXPAND_SZ, Length: 84, Data: %SystemRoot%\system32\windows.storage.dll"
"10:34:46.1201134","雷小伊脱机日常 Beta 1.6.24.exe","1496","RegQueryValue","HKCR\WOW6432Node\CLSID\{9ac9fbe1-e0a2-4ad6-b4ee-e212013ea917}\InProcServer32\ThreadingModel","SUCCESS","Type: REG_SZ, Length: 10, Data: Both"
"10:34:46.1201191","雷小伊脱机日常 Beta 1.6.24.exe","1496","RegCloseKey","HKCR\WOW6432Node\CLSID\{9ac9fbe1-e0a2-4ad6-b4ee-e212013ea917}\InProcServer32","SUCCESS",""
"10:34:46.1201253","雷小伊脱机日常 Beta 1.6.24.exe","1496","RegQueryKey","HKCR\WOW6432Node\CLSID\{9ac9fbe1-e0a2-4ad6-b4ee-e212013ea917}","SUCCESS","Query: HandleTags, HandleTags: 0x401"
"10:34:46.1201294","雷小伊脱机日常 Beta 1.6.24.exe","1496","RegOpenKey","HKCR\WOW6432Node\CLSID\{9ac9fbe1-e0a2-4ad6-b4ee-e212013ea917}\InprocHandler32","NAME NOT FOUND","Desired Access: Query Value"
"10:34:46.1201362","雷小伊脱机日常 Beta 1.6.24.exe","1496","RegQueryKey","HKCR\WOW6432Node\CLSID\{9ac9fbe1-e0a2-4ad6-b4ee-e212013ea917}","SUCCESS","Query: HandleTags, HandleTags: 0x401"
"10:34:46.1201402","雷小伊脱机日常 Beta 1.6.24.exe","1496","RegOpenKey","HKCR\WOW6432Node\CLSID\{9ac9fbe1-e0a2-4ad6-b4ee-e212013ea917}\InprocHandler","NAME NOT FOUND","Desired Access: Query Value"
"10:34:46.1201575","雷小伊脱机日常 Beta 1.6.24.exe","1496","RegQueryKey","HKCR\WOW6432Node\CLSID\{9ac9fbe1-e0a2-4ad6-b4ee-e212013ea917}","SUCCESS","Query: HandleTags, HandleTags: 0x401"
"10:34:46.1201625","雷小伊脱机日常 Beta 1.6.24.exe","1496","RegOpenKey","HKCR\WOW6432Node\CLSID\{9ac9fbe1-e0a2-4ad6-b4ee-e212013ea917}\LocalServer32","NAME NOT FOUND","Desired Access: Read"
"10:34:46.1201681","雷小伊脱机日常 Beta 1.6.24.exe","1496","RegQueryValue","HKCR\WOW6432Node\CLSID\{9ac9fbe1-e0a2-4ad6-b4ee-e212013ea917}\AppID","NAME NOT FOUND","Length: 112"
"10:34:46.1201750","雷小伊脱机日常 Beta 1.6.24.exe","1496","RegQueryKey","HKCR\WOW6432Node\CLSID\{9ac9fbe1-e0a2-4ad6-b4ee-e212013ea917}","SUCCESS","Query: HandleTags, HandleTags: 0x401"
"10:34:46.1201790","雷小伊脱机日常 Beta 1.6.24.exe","1496","RegOpenKey","HKCR\WOW6432Node\CLSID\{9ac9fbe1-e0a2-4ad6-b4ee-e212013ea917}\LocalServer","NAME NOT FOUND","Desired Access: Query Value"
"10:34:46.1201861","雷小伊脱机日常 Beta 1.6.24.exe","1496","RegQueryKey","HKCR","SUCCESS","Query: HandleTags, HandleTags: 0x1"
"10:34:46.1201899","雷小伊脱机日常 Beta 1.6.24.exe","1496","RegQueryKey","HKCR","SUCCESS","Query: Name"
"10:34:46.1201972","雷小伊脱机日常 Beta 1.6.24.exe","1496","RegOpenKey","HKCR\WOW6432Node\CLSID\{9AC9FBE1-E0A2-4AD6-B4EE-E212013EA917}","SUCCESS","Desired Access: Read"
"10:34:46.1202034","雷小伊脱机日常 Beta 1.6.24.exe","1496","RegSetInfoKey","HKCR\WOW6432Node\CLSID\{9ac9fbe1-e0a2-4ad6-b4ee-e212013ea917}","SUCCESS","KeySetInformationClass: KeySetHandleTagsInformation, Length: 0"
"10:34:46.1202091","雷小伊脱机日常 Beta 1.6.24.exe","1496","RegQueryKey","HKCR\WOW6432Node\CLSID\{9ac9fbe1-e0a2-4ad6-b4ee-e212013ea917}","SUCCESS","Query: HandleTags, HandleTags: 0x401"
"10:34:46.1202131","雷小伊脱机日常 Beta 1.6.24.exe","1496","RegOpenKey","HKCR\WOW6432Node\CLSID\{9ac9fbe1-e0a2-4ad6-b4ee-e212013ea917}\Elevation","NAME NOT FOUND","Desired Access: Read"
"10:34:46.1202276","雷小伊脱机日常 Beta 1.6.24.exe","1496","RegCloseKey","HKCR\WOW6432Node\CLSID\{9ac9fbe1-e0a2-4ad6-b4ee-e212013ea917}","SUCCESS",""
"10:34:46.1202322","雷小伊脱机日常 Beta 1.6.24.exe","1496","RegCloseKey","HKCR\WOW6432Node\CLSID\{9ac9fbe1-e0a2-4ad6-b4ee-e212013ea917}","SUCCESS",""
"10:34:46.1202575","雷小伊脱机日常 Beta 1.6.24.exe","1496","RegQueryKey","HKCR","SUCCESS","Query: HandleTags, HandleTags: 0x1"
"10:34:46.1202612","雷小伊脱机日常 Beta 1.6.24.exe","1496","RegQueryKey","HKCR","SUCCESS","Query: Name"
"10:34:46.1202678","雷小伊脱机日常 Beta 1.6.24.exe","1496","RegOpenKey","HKCR\WOW6432Node\CLSID\{9AC9FBE1-E0A2-4AD6-B4EE-E212013EA917}","SUCCESS","Desired Access: Read"
"10:34:46.1202732","雷小伊脱机日常 Beta 1.6.24.exe","1496","RegSetInfoKey","HKCR\WOW6432Node\CLSID\{9ac9fbe1-e0a2-4ad6-b4ee-e212013ea917}","SUCCESS","KeySetInformationClass: KeySetHandleTagsInformation, Length: 0"
"10:34:46.1202790","雷小伊脱机日常 Beta 1.6.24.exe","1496","RegQueryKey","HKCR\WOW6432Node\CLSID\{9ac9fbe1-e0a2-4ad6-b4ee-e212013ea917}","SUCCESS","Query: HandleTags, HandleTags: 0x401"
"10:34:46.1202831","雷小伊脱机日常 Beta 1.6.24.exe","1496","RegOpenKey","HKCR\WOW6432Node\CLSID\{9ac9fbe1-e0a2-4ad6-b4ee-e212013ea917}\TreatAs","NAME NOT FOUND","Desired Access: Read"
"10:34:46.1202885","雷小伊脱机日常 Beta 1.6.24.exe","1496","RegCloseKey","HKCR\WOW6432Node\CLSID\{9ac9fbe1-e0a2-4ad6-b4ee-e212013ea917}","SUCCESS",""
"10:34:46.1203083","雷小伊脱机日常 Beta 1.6.24.exe","1496","RegQueryKey","HKCR\Folder","SUCCESS","Query: Name"
"10:34:46.1203146","雷小伊脱机日常 Beta 1.6.24.exe","1496","RegQueryKey","HKCR\Folder","SUCCESS","Query: HandleTags, HandleTags: 0x401"
"10:34:46.1203229","雷小伊脱机日常 Beta 1.6.24.exe","1496","RegOpenKey","HKCU\Software\Classes\Folder\Progid","NAME NOT FOUND","Desired Access: Query Value"
"10:34:46.1203319","雷小伊脱机日常 Beta 1.6.24.exe","1496","RegQueryKey","HKCR\Folder","SUCCESS","Query: HandleTags, HandleTags: 0x401"
"10:34:46.1203360","雷小伊脱机日常 Beta 1.6.24.exe","1496","RegOpenKey","HKCR\Folder\Progid","NAME NOT FOUND","Desired Access: Query Value"
"10:34:46.1203434","雷小伊脱机日常 Beta 1.6.24.exe","1496","RegQueryKey","HKCR\Folder\shell\explore","SUCCESS","Query: Name"
"10:34:46.1203535","雷小伊脱机日常 Beta 1.6.24.exe","1496","RegQueryKey","HKCR\Folder\shell\explore","SUCCESS","Query: HandleTags, HandleTags: 0x401"
"10:34:46.1203601","雷小伊脱机日常 Beta 1.6.24.exe","1496","RegOpenKey","HKCU\Software\Classes\Folder\shell\explore","NAME NOT FOUND","Desired Access: Maximum Allowed"
"10:34:46.1203671","雷小伊脱机日常 Beta 1.6.24.exe","1496","RegQueryValue","HKCR\Folder\shell\explore\NoSmartScreen","NAME NOT FOUND","Length: 12"
"10:34:46.1204071","雷小伊脱机日常 Beta 1.6.24.exe","1496","RegCloseKey","HKCR\Folder\shell\explore","SUCCESS",""
"10:34:46.1204187","雷小伊脱机日常 Beta 1.6.24.exe","1496","RegCloseKey","HKCU\Software\Classes\Directory","SUCCESS",""
"10:34:46.1204254","雷小伊脱机日常 Beta 1.6.24.exe","1496","RegCloseKey","HKCR\Folder","SUCCESS",""
"10:34:46.1204311","雷小伊脱机日常 Beta 1.6.24.exe","1496","RegCloseKey","HKCR\Folder\shell\explore","SUCCESS",""
"10:34:46.1204671","雷小伊脱机日常 Beta 1.6.24.exe","1496","RegCloseKey","HKCR\WOW6432Node\CLSID\{B4BFCC3A-DB2C-424C-B029-7FE99A87C641}\Instance","SUCCESS",""
"10:34:46.1216552","雷小伊脱机日常 Beta 1.6.24.exe","1496","ReadFile","C:\Windows\SysWOW64\ExplorerFrame.dll","SUCCESS","Offset: 676,864, Length: 12,288, I/O Flags: Non-cached, Paging I/O, Synchronous Paging I/O, Priority: Normal"
"10:34:46.1223843","雷小伊脱机日常 Beta 1.6.24.exe","1496","ReadFile","C:\Windows\SysWOW64\ExplorerFrame.dll","SUCCESS","Offset: 746,496, Length: 32,768, I/O Flags: Non-cached, Paging I/O, Synchronous Paging I/O, Priority: Normal"
"10:34:46.1228786","雷小伊脱机日常 Beta 1.6.24.exe","1496","CloseFile","C:\Windows\System32\zh-CN\explorerframe.dll.mui","SUCCESS",""
"10:34:46.1242533","雷小伊脱机日常 Beta 1.6.24.exe","1496","Thread Exit","","SUCCESS","Thread ID: 5596, User Time: 0.0000000, Kernel Time: 0.0468750"
"10:34:46.8436769","雷小伊脱机日常 Beta 1.6.24.exe","1496","TCP Receive","DESKTOP-8E3AERV.localdomain:50073 -> a23-40-158-218.deploy.static.akamaitechnologies.com:http","SUCCESS","Length: 0, seqnum: 0, connid: 0"
"10:34:46.8437933","雷小伊脱机日常 Beta 1.6.24.exe","1496","TCP Receive","DESKTOP-8E3AERV.localdomain:50070 -> 38.47.100.214:10055","SUCCESS","Length: 0, seqnum: 0, connid: 0"
"10:34:47.1019558","雷小伊脱机日常 Beta 1.6.24.exe","1496","TCP Disconnect","DESKTOP-8E3AERV.localdomain:50073 -> a23-40-158-218.deploy.static.akamaitechnologies.com:http","SUCCESS","Length: 0, seqnum: 0, connid: 0"
"10:34:48.3381589","雷小伊脱机日常 Beta 1.6.24.exe","1496","TCP Receive","DESKTOP-8E3AERV.localdomain:50076 -> 81.69.144.91:http","SUCCESS","Length: 0, seqnum: 0, connid: 0"
"10:34:48.3383037","雷小伊脱机日常 Beta 1.6.24.exe","1496","TCP Disconnect","DESKTOP-8E3AERV.localdomain:50076 -> 81.69.144.91:http","SUCCESS","Length: 0, seqnum: 0, connid: 0"
"10:34:50.1297782","雷小伊脱机日常 Beta 1.6.24.exe","1496","TCP Disconnect","DESKTOP-8E3AERV.localdomain:50074 -> no-data:http","SUCCESS","Length: 0, seqnum: 0, connid: 0"
"10:34:50.1298294","雷小伊脱机日常 Beta 1.6.24.exe","1496","TCP Disconnect","DESKTOP-8E3AERV.localdomain:50072 -> no-data:https","SUCCESS","Length: 0, seqnum: 0, connid: 0"
"10:34:50.1298702","雷小伊脱机日常 Beta 1.6.24.exe","1496","TCP Disconnect","DESKTOP-8E3AERV.localdomain:50071 -> 38.47.100.214:10055","SUCCESS","Length: 0, seqnum: 0, connid: 0"
"10:35:05.7848217","雷小伊脱机日常 Beta 1.6.24.exe","1496","TCP Disconnect","DESKTOP-8E3AERV.localdomain:50070 -> 38.47.100.214:10055","SUCCESS","Length: 0, seqnum: 0, connid: 0"
"10:35:09.2325268","雷小伊脱机日常 Beta 1.6.24.exe","1496","Thread Exit","","SUCCESS","Thread ID: 5052, User Time: 0.0156250, Kernel Time: 0.0000000"
"10:35:09.2338781","雷小伊脱机日常 Beta 1.6.24.exe","1496","Thread Exit","","SUCCESS","Thread ID: 7064, User Time: 0.0312500, Kernel Time: 0.0156250"
"10:35:09.2340860","雷小伊脱机日常 Beta 1.6.24.exe","1496","Thread Exit","","SUCCESS","Thread ID: 9988, User Time: 0.0000000, Kernel Time: 0.0000000"
"10:35:09.2343833","雷小伊脱机日常 Beta 1.6.24.exe","1496","Thread Exit","","SUCCESS","Thread ID: 6672, User Time: 0.0000000, Kernel Time: 0.0000000"
"10:35:16.1302086","雷小伊脱机日常 Beta 1.6.24.exe","1496","Thread Exit","","SUCCESS","Thread ID: 4388, User Time: 0.0000000, Kernel Time: 0.0000000"
"10:35:25.2607346","雷小伊脱机日常 Beta 1.6.24.exe","1496","Thread Exit","","SUCCESS","Thread ID: 9740, User Time: 0.0000000, Kernel Time: 0.0000000"
